member,class_name,class_id,split
dataset/ace of clubs 01.jpg,ace of clubs,0,train
dataset/ace of clubs 02.jpg,ace of clubs,0,val
dataset/ace of clubs 03.jpg,ace of clubs,0,val
dataset/ace of clubs 04.jpg,ace of clubs,0,train
dataset/ace of clubs 05.jpg,ace of clubs,0,train
dataset/ace of clubs 06.jpg,ace of clubs,0,train
dataset/ace of clubs 07.jpg,ace of clubs,0,train
dataset/ace of clubs 08.jpg,ace of clubs,0,train
dataset/ace of clubs 09.jpg,ace of clubs,0,train
dataset/ace of clubs 10.jpg,ace of clubs,0,train
dataset/ace of clubs 100.jpg,ace of clubs,0,train
dataset/ace of clubs 101.jpg,ace of clubs,0,train
dataset/ace of clubs 102.jpg,ace of clubs,0,train
dataset/ace of clubs 103.jpg,ace of clubs,0,train
dataset/ace of clubs 104.jpg,ace of clubs,0,test
dataset/ace of clubs 105.jpg,ace of clubs,0,train
dataset/ace of clubs 106.jpg,ace of clubs,0,train
dataset/ace of clubs 107.jpg,ace of clubs,0,train
dataset/ace of clubs 108.jpg,ace of clubs,0,train
dataset/ace of clubs 109.jpg,ace of clubs,0,train
dataset/ace of clubs 11.jpg,ace of clubs,0,test
dataset/ace of clubs 110.jpg,ace of clubs,0,test
dataset/ace of clubs 111.jpg,ace of clubs,0,train
dataset/ace of clubs 112.jpg,ace of clubs,0,val
dataset/ace of clubs 113.jpg,ace of clubs,0,train
dataset/ace of clubs 114.jpg,ace of clubs,0,train
dataset/ace of clubs 115.jpg,ace of clubs,0,train
dataset/ace of clubs 116.jpg,ace of clubs,0,train
dataset/ace of clubs 117.jpg,ace of clubs,0,train
dataset/ace of clubs 118.jpg,ace of clubs,0,test
dataset/ace of clubs 119.jpg,ace of clubs,0,train
dataset/ace of clubs 12.jpg,ace of clubs,0,train
dataset/ace of clubs 120.jpg,ace of clubs,0,val
dataset/ace of clubs 121.jpg,ace of clubs,0,train
dataset/ace of clubs 122.jpg,ace of clubs,0,train
dataset/ace of clubs 123.jpg,ace of clubs,0,train
dataset/ace of clubs 124.jpg,ace of clubs,0,train
dataset/ace of clubs 125.jpg,ace of clubs,0,val
dataset/ace of clubs 126.jpg,ace of clubs,0,train
dataset/ace of clubs 127.jpg,ace of clubs,0,train
dataset/ace of clubs 128.jpg,ace of clubs,0,train
dataset/ace of clubs 129.jpg,ace of clubs,0,val
dataset/ace of clubs 13.jpg,ace of clubs,0,train
dataset/ace of clubs 130.jpg,ace of clubs,0,train
dataset/ace of clubs 14.jpg,ace of clubs,0,train
dataset/ace of clubs 15.jpg,ace of clubs,0,train
dataset/ace of clubs 16.jpg,ace of clubs,0,test
dataset/ace of clubs 17.jpg,ace of clubs,0,train
dataset/ace of clubs 18.jpg,ace of clubs,0,test
dataset/ace of clubs 19.jpg,ace of clubs,0,train
dataset/ace of clubs 20.jpg,ace of clubs,0,val
dataset/ace of clubs 21.jpg,ace of clubs,0,train
dataset/ace of clubs 22.jpg,ace of clubs,0,test
dataset/ace of clubs 23.jpg,ace of clubs,0,train
dataset/ace of clubs 24.jpg,ace of clubs,0,test
dataset/ace of clubs 25.jpg,ace of clubs,0,train
dataset/ace of clubs 26.jpg,ace of clubs,0,train
dataset/ace of clubs 27.jpg,ace of clubs,0,test
dataset/ace of clubs 28.jpg,ace of clubs,0,test
dataset/ace of clubs 29.jpg,ace of clubs,0,test
dataset/ace of clubs 30.jpg,ace of clubs,0,train
dataset/ace of clubs 31.jpg,ace of clubs,0,test
dataset/ace of clubs 32.jpg,ace of clubs,0,train
dataset/ace of clubs 33.jpg,ace of clubs,0,val
dataset/ace of clubs 34.jpg,ace of clubs,0,train
dataset/ace of clubs 35.jpg,ace of clubs,0,train
dataset/ace of clubs 36.jpg,ace of clubs,0,train
dataset/ace of clubs 37.jpg,ace of clubs,0,train
dataset/ace of clubs 38.jpg,ace of clubs,0,train
dataset/ace of clubs 39.jpg,ace of clubs,0,train
dataset/ace of clubs 40.jpg,ace of clubs,0,train
dataset/ace of clubs 41.jpg,ace of clubs,0,train
dataset/ace of clubs 42.jpg,ace of clubs,0,train
dataset/ace of clubs 43.jpg,ace of clubs,0,train
dataset/ace of clubs 44.jpg,ace of clubs,0,train
dataset/ace of clubs 45.jpg,ace of clubs,0,val
dataset/ace of clubs 46.jpg,ace of clubs,0,train
dataset/ace of clubs 47.jpg,ace of clubs,0,train
dataset/ace of clubs 48.jpg,ace of clubs,0,train
dataset/ace of clubs 49.jpg,ace of clubs,0,test
dataset/ace of clubs 50.jpg,ace of clubs,0,train
dataset/ace of clubs 51.jpg,ace of clubs,0,train
dataset/ace of clubs 52.jpg,ace of clubs,0,train
dataset/ace of clubs 53.jpg,ace of clubs,0,train
dataset/ace of clubs 54.jpg,ace of clubs,0,train
dataset/ace of clubs 55.jpg,ace of clubs,0,train
dataset/ace of clubs 56.jpg,ace of clubs,0,train
dataset/ace of clubs 57.jpg,ace of clubs,0,val
dataset/ace of clubs 58.jpg,ace of clubs,0,val
dataset/ace of clubs 59.jpg,ace of clubs,0,train
dataset/ace of clubs 60.jpg,ace of clubs,0,val
dataset/ace of clubs 61.jpg,ace of clubs,0,val
dataset/ace of clubs 62.jpg,ace of clubs,0,train
dataset/ace of clubs 63.jpg,ace of clubs,0,train
dataset/ace of clubs 64.jpg,ace of clubs,0,train
dataset/ace of clubs 65.jpg,ace of clubs,0,train
dataset/ace of clubs 66.jpg,ace of clubs,0,train
dataset/ace of clubs 67.jpg,ace of clubs,0,test
dataset/ace of clubs 68.jpg,ace of clubs,0,val
dataset/ace of clubs 69.jpg,ace of clubs,0,test
dataset/ace of clubs 70.jpg,ace of clubs,0,train
dataset/ace of clubs 71.jpg,ace of clubs,0,train
dataset/ace of clubs 72.jpg,ace of clubs,0,train
dataset/ace of clubs 73.jpg,ace of clubs,0,test
dataset/ace of clubs 74.jpg,ace of clubs,0,train
dataset/ace of clubs 75.jpg,ace of clubs,0,train
dataset/ace of clubs 76.jpg,ace of clubs,0,train
dataset/ace of clubs 77.jpg,ace of clubs,0,val
dataset/ace of clubs 78.jpg,ace of clubs,0,train
dataset/ace of clubs 79.jpg,ace of clubs,0,train
dataset/ace of clubs 80.jpg,ace of clubs,0,train
dataset/ace of clubs 81.jpg,ace of clubs,0,train
dataset/ace of clubs 82.jpg,ace of clubs,0,train
dataset/ace of clubs 83.jpg,ace of clubs,0,train
dataset/ace of clubs 84.jpg,ace of clubs,0,test
dataset/ace of clubs 85.jpg,ace of clubs,0,val
dataset/ace of clubs 86.jpg,ace of clubs,0,val
dataset/ace of clubs 87.jpg,ace of clubs,0,train
dataset/ace of clubs 88.jpg,ace of clubs,0,train
dataset/ace of clubs 89.jpg,ace of clubs,0,test
dataset/ace of clubs 90.jpg,ace of clubs,0,train
dataset/ace of clubs 91.jpg,ace of clubs,0,val
dataset/ace of clubs 92.jpg,ace of clubs,0,train
dataset/ace of clubs 93.jpg,ace of clubs,0,test
dataset/ace of clubs 94.jpg,ace of clubs,0,val
dataset/ace of clubs 95.jpg,ace of clubs,0,train
dataset/ace of clubs 96.jpg,ace of clubs,0,train
dataset/ace of clubs 97.jpg,ace of clubs,0,train
dataset/ace of clubs 98.jpg,ace of clubs,0,train
dataset/ace of clubs 99.jpg,ace of clubs,0,val
dataset/ace of diamonds 01.jpg,ace of diamonds,1,test
dataset/ace of diamonds 02.jpg,ace of diamonds,1,train
dataset/ace of diamonds 03.jpg,ace of diamonds,1,train
dataset/ace of diamonds 04.jpg,ace of diamonds,1,test
dataset/ace of diamonds 05.jpg,ace of diamonds,1,test
dataset/ace of diamonds 06.jpg,ace of diamonds,1,test
dataset/ace of diamonds 07.jpg,ace of diamonds,1,train
dataset/ace of diamonds 08.jpg,ace of diamonds,1,train
dataset/ace of diamonds 09.jpg,ace of diamonds,1,train
dataset/ace of diamonds 10.jpg,ace of diamonds,1,train
dataset/ace of diamonds 100.jpg,ace of diamonds,1,train
dataset/ace of diamonds 101.jpg,ace of diamonds,1,train
dataset/ace of diamonds 102.jpg,ace of diamonds,1,test
dataset/ace of diamonds 103.jpg,ace of diamonds,1,train
dataset/ace of diamonds 104.jpg,ace of diamonds,1,test
dataset/ace of diamonds 105.jpg,ace of diamonds,1,train
dataset/ace of diamonds 106.jpg,ace of diamonds,1,train
dataset/ace of diamonds 107.jpg,ace of diamonds,1,train
dataset/ace of diamonds 108.jpg,ace of diamonds,1,train
dataset/ace of diamonds 109.jpg,ace of diamonds,1,train
dataset/ace of diamonds 11.jpg,ace of diamonds,1,train
dataset/ace of diamonds 110.jpg,ace of diamonds,1,train
dataset/ace of diamonds 111.jpg,ace of diamonds,1,val
dataset/ace of diamonds 112.jpg,ace of diamonds,1,train
dataset/ace of diamonds 113.jpg,ace of diamonds,1,train
dataset/ace of diamonds 114.jpg,ace of diamonds,1,train
dataset/ace of diamonds 115.jpg,ace of diamonds,1,test
dataset/ace of diamonds 116.jpg,ace of diamonds,1,test
dataset/ace of diamonds 117.jpg,ace of diamonds,1,test
dataset/ace of diamonds 118.jpg,ace of diamonds,1,train
dataset/ace of diamonds 119.jpg,ace of diamonds,1,train
dataset/ace of diamonds 12.jpg,ace of diamonds,1,val
dataset/ace of diamonds 120.jpg,ace of diamonds,1,train
dataset/ace of diamonds 121.jpg,ace of diamonds,1,train
dataset/ace of diamonds 122.jpg,ace of diamonds,1,train
dataset/ace of diamonds 123.jpg,ace of diamonds,1,val
dataset/ace of diamonds 124.jpg,ace of diamonds,1,train
dataset/ace of diamonds 125.jpg,ace of diamonds,1,train
dataset/ace of diamonds 126.jpg,ace of diamonds,1,train
dataset/ace of diamonds 127.jpg,ace of diamonds,1,train
dataset/ace of diamonds 128.jpg,ace of diamonds,1,train
dataset/ace of diamonds 129.jpg,ace of diamonds,1,val
dataset/ace of diamonds 13.jpg,ace of diamonds,1,val
dataset/ace of diamonds 130.jpg,ace of diamonds,1,val
dataset/ace of diamonds 131.jpg,ace of diamonds,1,val
dataset/ace of diamonds 132.jpg,ace of diamonds,1,train
dataset/ace of diamonds 133.jpg,ace of diamonds,1,train
dataset/ace of diamonds 134.jpg,ace of diamonds,1,train
dataset/ace of diamonds 135.jpg,ace of diamonds,1,train
dataset/ace of diamonds 136.jpg,ace of diamonds,1,train
dataset/ace of diamonds 137.jpg,ace of diamonds,1,train
dataset/ace of diamonds 138.jpg,ace of diamonds,1,val
dataset/ace of diamonds 139.jpg,ace of diamonds,1,train
dataset/ace of diamonds 14.jpg,ace of diamonds,1,train
dataset/ace of diamonds 15.jpg,ace of diamonds,1,train
dataset/ace of diamonds 16.jpg,ace of diamonds,1,train
dataset/ace of diamonds 17.jpg,ace of diamonds,1,val
dataset/ace of diamonds 18.jpg,ace of diamonds,1,train
dataset/ace of diamonds 19.jpg,ace of diamonds,1,test
dataset/ace of diamonds 20.jpg,ace of diamonds,1,train
dataset/ace of diamonds 21.jpg,ace of diamonds,1,train
dataset/ace of diamonds 22.jpg,ace of diamonds,1,test
dataset/ace of diamonds 23.jpg,ace of diamonds,1,test
dataset/ace of diamonds 24.jpg,ace of diamonds,1,train
dataset/ace of diamonds 25.jpg,ace of diamonds,1,train
dataset/ace of diamonds 26.jpg,ace of diamonds,1,val
dataset/ace of diamonds 27.jpg,ace of diamonds,1,train
dataset/ace of diamonds 28.jpg,ace of diamonds,1,train
dataset/ace of diamonds 29.jpg,ace of diamonds,1,train
dataset/ace of diamonds 30.jpg,ace of diamonds,1,train
dataset/ace of diamonds 31.jpg,ace of diamonds,1,val
dataset/ace of diamonds 32.jpg,ace of diamonds,1,train
dataset/ace of diamonds 33.jpg,ace of diamonds,1,train
dataset/ace of diamonds 34.jpg,ace of diamonds,1,train
dataset/ace of diamonds 35.jpg,ace of diamonds,1,train
dataset/ace of diamonds 36.jpg,ace of diamonds,1,train
dataset/ace of diamonds 37.jpg,ace of diamonds,1,train
dataset/ace of diamonds 38.jpg,ace of diamonds,1,train
dataset/ace of diamonds 39.jpg,ace of diamonds,1,train
dataset/ace of diamonds 40.jpg,ace of diamonds,1,train
dataset/ace of diamonds 41.jpg,ace of diamonds,1,train
dataset/ace of diamonds 42.jpg,ace of diamonds,1,train
dataset/ace of diamonds 43.jpg,ace of diamonds,1,train
dataset/ace of diamonds 44.jpg,ace of diamonds,1,val
dataset/ace of diamonds 45.jpg,ace of diamonds,1,train
dataset/ace of diamonds 46.jpg,ace of diamonds,1,test
dataset/ace of diamonds 47.jpg,ace of diamonds,1,train
dataset/ace of diamonds 48.jpg,ace of diamonds,1,train
dataset/ace of diamonds 49.jpg,ace of diamonds,1,train
dataset/ace of diamonds 50.jpg,ace of diamonds,1,test
dataset/ace of diamonds 51.jpg,ace of diamonds,1,train
dataset/ace of diamonds 52.jpg,ace of diamonds,1,train
dataset/ace of diamonds 53.jpg,ace of diamonds,1,train
dataset/ace of diamonds 54.jpg,ace of diamonds,1,val
dataset/ace of diamonds 55.jpg,ace of diamonds,1,train
dataset/ace of diamonds 56.jpg,ace of diamonds,1,val
dataset/ace of diamonds 57.jpg,ace of diamonds,1,train
dataset/ace of diamonds 58.jpg,ace of diamonds,1,train
dataset/ace of diamonds 59.jpg,ace of diamonds,1,train
dataset/ace of diamonds 60.jpg,ace of diamonds,1,train
dataset/ace of diamonds 61.jpg,ace of diamonds,1,val
dataset/ace of diamonds 62.jpg,ace of diamonds,1,train
dataset/ace of diamonds 63.jpg,ace of diamonds,1,test
dataset/ace of diamonds 64.jpg,ace of diamonds,1,train
dataset/ace of diamonds 65.jpg,ace of diamonds,1,train
dataset/ace of diamonds 66.jpg,ace of diamonds,1,train
dataset/ace of diamonds 67.jpg,ace of diamonds,1,train
dataset/ace of diamonds 68.jpg,ace of diamonds,1,test
dataset/ace of diamonds 69.jpg,ace of diamonds,1,test
dataset/ace of diamonds 70.jpg,ace of diamonds,1,train
dataset/ace of diamonds 71.jpg,ace of diamonds,1,train
dataset/ace of diamonds 72.jpg,ace of diamonds,1,train
dataset/ace of diamonds 73.jpg,ace of diamonds,1,test
dataset/ace of diamonds 74.jpg,ace of diamonds,1,train
dataset/ace of diamonds 75.jpg,ace of diamonds,1,train
dataset/ace of diamonds 76.jpg,ace of diamonds,1,train
dataset/ace of diamonds 77.jpg,ace of diamonds,1,train
dataset/ace of diamonds 78.jpg,ace of diamonds,1,train
dataset/ace of diamonds 79.jpg,ace of diamonds,1,train
dataset/ace of diamonds 80.jpg,ace of diamonds,1,train
dataset/ace of diamonds 81.jpg,ace of diamonds,1,val
dataset/ace of diamonds 82.jpg,ace of diamonds,1,train
dataset/ace of diamonds 83.jpg,ace of diamonds,1,train
dataset/ace of diamonds 84.jpg,ace of diamonds,1,test
dataset/ace of diamonds 85.jpg,ace of diamonds,1,val
dataset/ace of diamonds 86.jpg,ace of diamonds,1,train
dataset/ace of diamonds 87.jpg,ace of diamonds,1,train
dataset/ace of diamonds 88.jpg,ace of diamonds,1,val
dataset/ace of diamonds 89.jpg,ace of diamonds,1,val
dataset/ace of diamonds 90.jpg,ace of diamonds,1,train
dataset/ace of diamonds 91.jpg,ace of diamonds,1,test
dataset/ace of diamonds 92.jpg,ace of diamonds,1,val
dataset/ace of diamonds 93.jpg,ace of diamonds,1,train
dataset/ace of diamonds 94.jpg,ace of diamonds,1,test
dataset/ace of diamonds 95.jpg,ace of diamonds,1,train
dataset/ace of diamonds 96.jpg,ace of diamonds,1,val
dataset/ace of diamonds 97.jpg,ace of diamonds,1,train
dataset/ace of diamonds 98.jpg,ace of diamonds,1,train
dataset/ace of diamonds 99.jpg,ace of diamonds,1,train
dataset/ace of hearts 01.jpg,ace of hearts,2,train
dataset/ace of hearts 02.jpg,ace of hearts,2,val
dataset/ace of hearts 03.jpg,ace of hearts,2,train
dataset/ace of hearts 04.jpg,ace of hearts,2,train
dataset/ace of hearts 05.jpg,ace of hearts,2,train
dataset/ace of hearts 06.jpg,ace of hearts,2,train
dataset/ace of hearts 07.jpg,ace of hearts,2,train
dataset/ace of hearts 08.jpg,ace of hearts,2,val
dataset/ace of hearts 09.jpg,ace of hearts,2,val
dataset/ace of hearts 10.jpg,ace of hearts,2,train
dataset/ace of hearts 100.jpg,ace of hearts,2,train
dataset/ace of hearts 101.jpg,ace of hearts,2,train
dataset/ace of hearts 102.jpg,ace of hearts,2,train
dataset/ace of hearts 103.jpg,ace of hearts,2,train
dataset/ace of hearts 104.jpg,ace of hearts,2,train
dataset/ace of hearts 105.jpg,ace of hearts,2,train
dataset/ace of hearts 106.jpg,ace of hearts,2,train
dataset/ace of hearts 107.jpg,ace of hearts,2,train
dataset/ace of hearts 108.jpg,ace of hearts,2,train
dataset/ace of hearts 109.jpg,ace of hearts,2,train
dataset/ace of hearts 11.jpg,ace of hearts,2,test
dataset/ace of hearts 110.jpg,ace of hearts,2,test
dataset/ace of hearts 111.jpg,ace of hearts,2,train
dataset/ace of hearts 112.jpg,ace of hearts,2,train
dataset/ace of hearts 113.jpg,ace of hearts,2,train
dataset/ace of hearts 114.jpg,ace of hearts,2,train
dataset/ace of hearts 115.jpg,ace of hearts,2,test
dataset/ace of hearts 116.jpg,ace of hearts,2,train
dataset/ace of hearts 117.jpg,ace of hearts,2,train
dataset/ace of hearts 118.jpg,ace of hearts,2,train
dataset/ace of hearts 119.jpg,ace of hearts,2,train
dataset/ace of hearts 12.jpg,ace of hearts,2,train
dataset/ace of hearts 120.jpg,ace of hearts,2,test
dataset/ace of hearts 121.jpg,ace of hearts,2,train
dataset/ace of hearts 122.jpg,ace of hearts,2,train
dataset/ace of hearts 123.jpg,ace of hearts,2,train
dataset/ace of hearts 124.jpg,ace of hearts,2,test
dataset/ace of hearts 125.jpg,ace of hearts,2,test
dataset/ace of hearts 126.jpg,ace of hearts,2,train
dataset/ace of hearts 127.jpg,ace of hearts,2,train
dataset/ace of hearts 128.jpg,ace of hearts,2,train
dataset/ace of hearts 129.jpg,ace of hearts,2,train
dataset/ace of hearts 13.jpg,ace of hearts,2,train
dataset/ace of hearts 130.jpg,ace of hearts,2,train
dataset/ace of hearts 131.jpg,ace of hearts,2,train
dataset/ace of hearts 132.jpg,ace of hearts,2,train
dataset/ace of hearts 133.jpg,ace of hearts,2,train
dataset/ace of hearts 134.jpg,ace of hearts,2,val
dataset/ace of hearts 135.jpg,ace of hearts,2,train
dataset/ace of hearts 136.jpg,ace of hearts,2,train
dataset/ace of hearts 137.jpg,ace of hearts,2,test
dataset/ace of hearts 138.jpg,ace of hearts,2,train
dataset/ace of hearts 139.jpg,ace of hearts,2,train
dataset/ace of hearts 14.jpg,ace of hearts,2,val
dataset/ace of hearts 140.jpg,ace of hearts,2,train
dataset/ace of hearts 141.jpg,ace of hearts,2,train
dataset/ace of hearts 142.jpg,ace of hearts,2,train
dataset/ace of hearts 143.jpg,ace of hearts,2,train
dataset/ace of hearts 144.jpg,ace of hearts,2,train
dataset/ace of hearts 145.jpg,ace of hearts,2,test
dataset/ace of hearts 146.jpg,ace of hearts,2,train
dataset/ace of hearts 147.jpg,ace of hearts,2,train
dataset/ace of hearts 148.jpg,ace of hearts,2,train
dataset/ace of hearts 149.jpg,ace of hearts,2,train
dataset/ace of hearts 15.jpg,ace of hearts,2,train
dataset/ace of hearts 150.jpg,ace of hearts,2,train
dataset/ace of hearts 151.jpg,ace of hearts,2,train
dataset/ace of hearts 152.jpg,ace of hearts,2,val
dataset/ace of hearts 153.jpg,ace of hearts,2,train
dataset/ace of hearts 154.jpg,ace of hearts,2,train
dataset/ace of hearts 155.jpg,ace of hearts,2,train
dataset/ace of hearts 156.jpg,ace of hearts,2,train
dataset/ace of hearts 157.jpg,ace of hearts,2,train
dataset/ace of hearts 158.jpg,ace of hearts,2,train
dataset/ace of hearts 159.jpg,ace of hearts,2,val
dataset/ace of hearts 16.jpg,ace of hearts,2,train
dataset/ace of hearts 160.jpg,ace of hearts,2,train
dataset/ace of hearts 161.jpg,ace of hearts,2,train
dataset/ace of hearts 162.jpg,ace of hearts,2,train
dataset/ace of hearts 163.jpg,ace of hearts,2,train
dataset/ace of hearts 164.jpg,ace of hearts,2,train
dataset/ace of hearts 165.jpg,ace of hearts,2,test
dataset/ace of hearts 166.jpg,ace of hearts,2,train
dataset/ace of hearts 167.jpg,ace of hearts,2,test
dataset/ace of hearts 168.jpg,ace of hearts,2,train
dataset/ace of hearts 169.jpg,ace of hearts,2,train
dataset/ace of hearts 17.jpg,ace of hearts,2,train
dataset/ace of hearts 170.jpg,ace of hearts,2,train
dataset/ace of hearts 171.jpg,ace of hearts,2,train
dataset/ace of hearts 172.jpg,ace of hearts,2,test
dataset/ace of hearts 173.jpg,ace of hearts,2,train
dataset/ace of hearts 174.jpg,ace of hearts,2,train
dataset/ace of hearts 175.jpg,ace of hearts,2,val
dataset/ace of hearts 176.jpg,ace of hearts,2,train
dataset/ace of hearts 177.jpg,ace of hearts,2,train
dataset/ace of hearts 178.jpg,ace of hearts,2,train
dataset/ace of hearts 179.jpg,ace of hearts,2,train
dataset/ace of hearts 18.jpg,ace of hearts,2,train
dataset/ace of hearts 180.jpg,ace of hearts,2,test
dataset/ace of hearts 181.jpg,ace of hearts,2,train
dataset/ace of hearts 19.jpg,ace of hearts,2,train
dataset/ace of hearts 20.jpg,ace of hearts,2,train
dataset/ace of hearts 21.jpg,ace of hearts,2,train
dataset/ace of hearts 22.jpg,ace of hearts,2,val
dataset/ace of hearts 23.jpg,ace of hearts,2,train
dataset/ace of hearts 24.jpg,ace of hearts,2,train
dataset/ace of hearts 25.jpg,ace of hearts,2,train
dataset/ace of hearts 26.jpg,ace of hearts,2,train
dataset/ace of hearts 27.jpg,ace of hearts,2,val
dataset/ace of hearts 28.jpg,ace of hearts,2,test
dataset/ace of hearts 29.jpg,ace of hearts,2,train
dataset/ace of hearts 30.jpg,ace of hearts,2,val
dataset/ace of hearts 31.jpg,ace of hearts,2,test
dataset/ace of hearts 32.jpg,ace of hearts,2,train
dataset/ace of hearts 33.jpg,ace of hearts,2,val
dataset/ace of hearts 34.jpg,ace of hearts,2,test
dataset/ace of hearts 35.jpg,ace of hearts,2,train
dataset/ace of hearts 36.jpg,ace of hearts,2,train
dataset/ace of hearts 37.jpg,ace of hearts,2,val
dataset/ace of hearts 38.jpg,ace of hearts,2,val
dataset/ace of hearts 39.jpg,ace of hearts,2,train
dataset/ace of hearts 40.jpg,ace of hearts,2,train
dataset/ace of hearts 41.jpg,ace of hearts,2,train
dataset/ace of hearts 42.jpg,ace of hearts,2,train
dataset/ace of hearts 43.jpg,ace of hearts,2,train
dataset/ace of hearts 44.jpg,ace of hearts,2,train
dataset/ace of hearts 45.jpg,ace of hearts,2,train
dataset/ace of hearts 46.jpg,ace of hearts,2,test
dataset/ace of hearts 47.jpg,ace of hearts,2,val
dataset/ace of hearts 48.jpg,ace of hearts,2,train
dataset/ace of hearts 49.jpg,ace of hearts,2,val
dataset/ace of hearts 50.jpg,ace of hearts,2,train
dataset/ace of hearts 51.jpg,ace of hearts,2,train
dataset/ace of hearts 52.jpg,ace of hearts,2,train
dataset/ace of hearts 53.jpg,ace of hearts,2,test
dataset/ace of hearts 54.jpg,ace of hearts,2,test
dataset/ace of hearts 55.jpg,ace of hearts,2,train
dataset/ace of hearts 56.jpg,ace of hearts,2,train
dataset/ace of hearts 57.jpg,ace of hearts,2,train
dataset/ace of hearts 58.jpg,ace of hearts,2,test
dataset/ace of hearts 59.jpg,ace of hearts,2,test
dataset/ace of hearts 60.jpg,ace of hearts,2,val
dataset/ace of hearts 61.jpg,ace of hearts,2,train
dataset/ace of hearts 62.jpg,ace of hearts,2,val
dataset/ace of hearts 63.jpg,ace of hearts,2,test
dataset/ace of hearts 64.jpg,ace of hearts,2,val
dataset/ace of hearts 65.jpg,ace of hearts,2,val
dataset/ace of hearts 66.jpg,ace of hearts,2,test
dataset/ace of hearts 67.jpg,ace of hearts,2,train
dataset/ace of hearts 68.jpg,ace of hearts,2,val
dataset/ace of hearts 69.jpg,ace of hearts,2,train
dataset/ace of hearts 70.jpg,ace of hearts,2,test
dataset/ace of hearts 71.jpg,ace of hearts,2,train
dataset/ace of hearts 72.jpg,ace of hearts,2,train
dataset/ace of hearts 73.jpg,ace of hearts,2,train
dataset/ace of hearts 74.jpg,ace of hearts,2,train
dataset/ace of hearts 75.jpg,ace of hearts,2,train
dataset/ace of hearts 76.jpg,ace of hearts,2,train
dataset/ace of hearts 77.jpg,ace of hearts,2,train
dataset/ace of hearts 78.jpg,ace of hearts,2,test
dataset/ace of hearts 79.jpg,ace of hearts,2,val
dataset/ace of hearts 80.jpg,ace of hearts,2,train
dataset/ace of hearts 81.jpg,ace of hearts,2,test
dataset/ace of hearts 82.jpg,ace of hearts,2,val
dataset/ace of hearts 83.jpg,ace of hearts,2,train
dataset/ace of hearts 84.jpg,ace of hearts,2,train
dataset/ace of hearts 85.jpg,ace of hearts,2,test
dataset/ace of hearts 86.jpg,ace of hearts,2,train
dataset/ace of hearts 87.jpg,ace of hearts,2,val
dataset/ace of hearts 88.jpg,ace of hearts,2,train
dataset/ace of hearts 89.jpg,ace of hearts,2,train
dataset/ace of hearts 90.jpg,ace of hearts,2,train
dataset/ace of hearts 91.jpg,ace of hearts,2,train
dataset/ace of hearts 92.jpg,ace of hearts,2,val
dataset/ace of hearts 93.jpg,ace of hearts,2,val
dataset/ace of hearts 94.jpg,ace of hearts,2,train
dataset/ace of hearts 95.jpg,ace of hearts,2,test
dataset/ace of hearts 96.jpg,ace of hearts,2,train
dataset/ace of hearts 97.jpg,ace of hearts,2,val
dataset/ace of hearts 98.jpg,ace of hearts,2,train
dataset/ace of hearts 99.jpg,ace of hearts,2,train
dataset/ace of spades 01.jpg,ace of spades,3,val
dataset/ace of spades 02.jpg,ace of spades,3,test
dataset/ace of spades 03.jpg,ace of spades,3,train
dataset/ace of spades 04.jpg,ace of spades,3,test
dataset/ace of spades 05.jpg,ace of spades,3,train
dataset/ace of spades 06.jpg,ace of spades,3,train
dataset/ace of spades 07.jpg,ace of spades,3,train
dataset/ace of spades 08.jpg,ace of spades,3,train
dataset/ace of spades 09.jpg,ace of spades,3,train
dataset/ace of spades 10.jpg,ace of spades,3,test
dataset/ace of spades 100.jpg,ace of spades,3,train
dataset/ace of spades 101.jpg,ace of spades,3,val
dataset/ace of spades 102.jpg,ace of spades,3,train
dataset/ace of spades 103.jpg,ace of spades,3,train
dataset/ace of spades 104.jpg,ace of spades,3,train
dataset/ace of spades 105.jpg,ace of spades,3,test
dataset/ace of spades 106.jpg,ace of spades,3,train
dataset/ace of spades 107.jpg,ace of spades,3,train
dataset/ace of spades 108.jpg,ace of spades,3,train
dataset/ace of spades 109.jpg,ace of spades,3,train
dataset/ace of spades 11.jpg,ace of spades,3,train
dataset/ace of spades 110.jpg,ace of spades,3,test
dataset/ace of spades 111.jpg,ace of spades,3,val
dataset/ace of spades 112.jpg,ace of spades,3,test
dataset/ace of spades 113.jpg,ace of spades,3,train
dataset/ace of spades 114.jpg,ace of spades,3,train
dataset/ace of spades 115.jpg,ace of spades,3,train
dataset/ace of spades 116.jpg,ace of spades,3,train
dataset/ace of spades 117.jpg,ace of spades,3,test
dataset/ace of spades 118.jpg,ace of spades,3,train
dataset/ace of spades 119.jpg,ace of spades,3,train
dataset/ace of spades 12.jpg,ace of spades,3,train
dataset/ace of spades 120.jpg,ace of spades,3,test
dataset/ace of spades 121.jpg,ace of spades,3,test
dataset/ace of spades 122.jpg,ace of spades,3,test
dataset/ace of spades 123.jpg,ace of spades,3,train
dataset/ace of spades 124.jpg,ace of spades,3,train
dataset/ace of spades 125.jpg,ace of spades,3,train
dataset/ace of spades 126.jpg,ace of spades,3,val
dataset/ace of spades 127.jpg,ace of spades,3,train
dataset/ace of spades 128.jpg,ace of spades,3,train
dataset/ace of spades 129.jpg,ace of spades,3,train
dataset/ace of spades 13.jpg,ace of spades,3,val
dataset/ace of spades 130.jpg,ace of spades,3,val
dataset/ace of spades 131.jpg,ace of spades,3,train
dataset/ace of spades 132.jpg,ace of spades,3,val
dataset/ace of spades 133.jpg,ace of spades,3,test
dataset/ace of spades 134.jpg,ace of spades,3,train
dataset/ace of spades 135.jpg,ace of spades,3,train
dataset/ace of spades 136.jpg,ace of spades,3,train
dataset/ace of spades 137.jpg,ace of spades,3,train
dataset/ace of spades 138.jpg,ace of spades,3,train
dataset/ace of spades 139.jpg,ace of spades,3,train
dataset/ace of spades 14.jpg,ace of spades,3,train
dataset/ace of spades 140.jpg,ace of spades,3,train
dataset/ace of spades 141.jpg,ace of spades,3,train
dataset/ace of spades 142.jpg,ace of spades,3,train
dataset/ace of spades 143.jpg,ace of spades,3,train
dataset/ace of spades 144.jpg,ace of spades,3,train
dataset/ace of spades 145.jpg,ace of spades,3,train
dataset/ace of spades 146.jpg,ace of spades,3,train
dataset/ace of spades 147.jpg,ace of spades,3,train
dataset/ace of spades 148.jpg,ace of spades,3,train
dataset/ace of spades 149.jpg,ace of spades,3,train
dataset/ace of spades 15.jpg,ace of spades,3,val
dataset/ace of spades 150.jpg,ace of spades,3,train
dataset/ace of spades 151.jpg,ace of spades,3,test
dataset/ace of spades 152.jpg,ace of spades,3,train
dataset/ace of spades 153.jpg,ace of spades,3,val
dataset/ace of spades 154.jpg,ace of spades,3,train
dataset/ace of spades 155.jpg,ace of spades,3,train
dataset/ace of spades 156.jpg,ace of spades,3,train
dataset/ace of spades 157.jpg,ace of spades,3,train
dataset/ace of spades 158.jpg,ace of spades,3,test
dataset/ace of spades 159.jpg,ace of spades,3,train
dataset/ace of spades 16.jpg,ace of spades,3,val
dataset/ace of spades 160.jpg,ace of spades,3,train
dataset/ace of spades 161.jpg,ace of spades,3,train
dataset/ace of spades 162.jpg,ace of spades,3,train
dataset/ace of spades 163.jpg,ace of spades,3,test
dataset/ace of spades 164.jpg,ace of spades,3,val
dataset/ace of spades 165.jpg,ace of spades,3,train
dataset/ace of spades 166.jpg,ace of spades,3,train
dataset/ace of spades 167.jpg,ace of spades,3,val
dataset/ace of spades 168.jpg,ace of spades,3,val
dataset/ace of spades 169.jpg,ace of spades,3,test
dataset/ace of spades 17.jpg,ace of spades,3,train
dataset/ace of spades 170.jpg,ace of spades,3,train
dataset/ace of spades 171.jpg,ace of spades,3,train
dataset/ace of spades 172.jpg,ace of spades,3,val
dataset/ace of spades 173.jpg,ace of spades,3,train
dataset/ace of spades 174.jpg,ace of spades,3,train
dataset/ace of spades 175.jpg,ace of spades,3,val
dataset/ace of spades 176.jpg,ace of spades,3,test
dataset/ace of spades 177.jpg,ace of spades,3,test
dataset/ace of spades 178.jpg,ace of spades,3,test
dataset/ace of spades 179.jpg,ace of spades,3,train
dataset/ace of spades 18.jpg,ace of spades,3,train
dataset/ace of spades 180.jpg,ace of spades,3,train
dataset/ace of spades 181.jpg,ace of spades,3,test
dataset/ace of spades 182.jpg,ace of spades,3,val
dataset/ace of spades 183.jpg,ace of spades,3,train
dataset/ace of spades 184.jpg,ace of spades,3,train
dataset/ace of spades 185.jpg,ace of spades,3,train
dataset/ace of spades 186.jpg,ace of spades,3,train
dataset/ace of spades 187.jpg,ace of spades,3,train
dataset/ace of spades 188.jpg,ace of spades,3,train
dataset/ace of spades 189.jpg,ace of spades,3,train
dataset/ace of spades 19.jpg,ace of spades,3,train
dataset/ace of spades 190.jpg,ace of spades,3,train
dataset/ace of spades 191.jpg,ace of spades,3,train
dataset/ace of spades 20.jpg,ace of spades,3,train
dataset/ace of spades 21.jpg,ace of spades,3,train
dataset/ace of spades 22.jpg,ace of spades,3,train
dataset/ace of spades 23.jpg,ace of spades,3,train
dataset/ace of spades 24.jpg,ace of spades,3,train
dataset/ace of spades 25.jpg,ace of spades,3,train
dataset/ace of spades 26.jpg,ace of spades,3,train
dataset/ace of spades 27.jpg,ace of spades,3,train
dataset/ace of spades 28.jpg,ace of spades,3,train
dataset/ace of spades 29.jpg,ace of spades,3,train
dataset/ace of spades 30.jpg,ace of spades,3,train
dataset/ace of spades 31.jpg,ace of spades,3,train
dataset/ace of spades 32.jpg,ace of spades,3,test
dataset/ace of spades 33.jpg,ace of spades,3,train
dataset/ace of spades 34.jpg,ace of spades,3,train
dataset/ace of spades 35.jpg,ace of spades,3,train
dataset/ace of spades 36.jpg,ace of spades,3,val
dataset/ace of spades 37.jpg,ace of spades,3,train
dataset/ace of spades 38.jpg,ace of spades,3,test
dataset/ace of spades 39.jpg,ace of spades,3,train
dataset/ace of spades 40.jpg,ace of spades,3,train
dataset/ace of spades 41.jpg,ace of spades,3,train
dataset/ace of spades 42.jpg,ace of spades,3,train
dataset/ace of spades 43.jpg,ace of spades,3,train
dataset/ace of spades 44.jpg,ace of spades,3,train
dataset/ace of spades 45.jpg,ace of spades,3,train
dataset/ace of spades 46.jpg,ace of spades,3,val
dataset/ace of spades 47.jpg,ace of spades,3,train
dataset/ace of spades 48.jpg,ace of spades,3,test
dataset/ace of spades 49.jpg,ace of spades,3,test
dataset/ace of spades 50.jpg,ace of spades,3,train
dataset/ace of spades 51.jpg,ace of spades,3,train
dataset/ace of spades 52.jpg,ace of spades,3,val
dataset/ace of spades 53.jpg,ace of spades,3,train
dataset/ace of spades 54.jpg,ace of spades,3,train
dataset/ace of spades 55.jpg,ace of spades,3,test
dataset/ace of spades 56.jpg,ace of spades,3,train
dataset/ace of spades 57.jpg,ace of spades,3,val
dataset/ace of spades 58.jpg,ace of spades,3,train
dataset/ace of spades 59.jpg,ace of spades,3,train
dataset/ace of spades 60.jpg,ace of spades,3,val
dataset/ace of spades 61.jpg,ace of spades,3,train
dataset/ace of spades 62.jpg,ace of spades,3,val
dataset/ace of spades 63.jpg,ace of spades,3,train
dataset/ace of spades 64.jpg,ace of spades,3,train
dataset/ace of spades 65.jpg,ace of spades,3,train
dataset/ace of spades 66.jpg,ace of spades,3,train
dataset/ace of spades 67.jpg,ace of spades,3,train
dataset/ace of spades 68.jpg,ace of spades,3,train
dataset/ace of spades 69.jpg,ace of spades,3,train
dataset/ace of spades 70.jpg,ace of spades,3,train
dataset/ace of spades 71.jpg,ace of spades,3,train
dataset/ace of spades 72.jpg,ace of spades,3,train
dataset/ace of spades 73.jpg,ace of spades,3,train
dataset/ace of spades 74.jpg,ace of spades,3,train
dataset/ace of spades 75.jpg,ace of spades,3,train
dataset/ace of spades 76.jpg,ace of spades,3,train
dataset/ace of spades 77.jpg,ace of spades,3,val
dataset/ace of spades 78.jpg,ace of spades,3,train
dataset/ace of spades 79.jpg,ace of spades,3,train
dataset/ace of spades 80.jpg,ace of spades,3,test
dataset/ace of spades 81.jpg,ace of spades,3,test
dataset/ace of spades 82.jpg,ace of spades,3,val
dataset/ace of spades 83.jpg,ace of spades,3,train
dataset/ace of spades 84.jpg,ace of spades,3,val
dataset/ace of spades 85.jpg,ace of spades,3,train
dataset/ace of spades 86.jpg,ace of spades,3,train
dataset/ace of spades 87.jpg,ace of spades,3,test
dataset/ace of spades 88.jpg,ace of spades,3,train
dataset/ace of spades 89.jpg,ace of spades,3,val
dataset/ace of spades 90.jpg,ace of spades,3,test
dataset/ace of spades 91.jpg,ace of spades,3,train
dataset/ace of spades 92.jpg,ace of spades,3,train
dataset/ace of spades 93.jpg,ace of spades,3,val
dataset/ace of spades 94.jpg,ace of spades,3,train
dataset/ace of spades 95.jpg,ace of spades,3,train
dataset/ace of spades 96.jpg,ace of spades,3,train
dataset/ace of spades 97.jpg,ace of spades,3,train
dataset/ace of spades 98.jpg,ace of spades,3,val
dataset/ace of spades 99.jpg,ace of spades,3,val
dataset/eight of clubs 01.jpg,eight of clubs,4,test
dataset/eight of clubs 02.jpg,eight of clubs,4,train
dataset/eight of clubs 03.jpg,eight of clubs,4,test
dataset/eight of clubs 04.jpg,eight of clubs,4,train
dataset/eight of clubs 05.jpg,eight of clubs,4,train
dataset/eight of clubs 06.jpg,eight of clubs,4,train
dataset/eight of clubs 07.jpg,eight of clubs,4,train
dataset/eight of clubs 08.jpg,eight of clubs,4,val
dataset/eight of clubs 09.jpg,eight of clubs,4,train
dataset/eight of clubs 10.jpg,eight of clubs,4,train
dataset/eight of clubs 100.jpg,eight of clubs,4,train
dataset/eight of clubs 101.jpg,eight of clubs,4,val
dataset/eight of clubs 102.jpg,eight of clubs,4,train
dataset/eight of clubs 103.jpg,eight of clubs,4,test
dataset/eight of clubs 104.jpg,eight of clubs,4,train
dataset/eight of clubs 105.jpg,eight of clubs,4,test
dataset/eight of clubs 106.jpg,eight of clubs,4,train
dataset/eight of clubs 107.jpg,eight of clubs,4,train
dataset/eight of clubs 108.jpg,eight of clubs,4,train
dataset/eight of clubs 109.jpg,eight of clubs,4,val
dataset/eight of clubs 11.jpg,eight of clubs,4,train
dataset/eight of clubs 110.jpg,eight of clubs,4,train
dataset/eight of clubs 111.jpg,eight of clubs,4,train
dataset/eight of clubs 112.jpg,eight of clubs,4,val
dataset/eight of clubs 113.jpg,eight of clubs,4,train
dataset/eight of clubs 114.jpg,eight of clubs,4,train
dataset/eight of clubs 115.jpg,eight of clubs,4,test
dataset/eight of clubs 116.jpg,eight of clubs,4,val
dataset/eight of clubs 117.jpg,eight of clubs,4,train
dataset/eight of clubs 118.jpg,eight of clubs,4,train
dataset/eight of clubs 119.jpg,eight of clubs,4,train
dataset/eight of clubs 12.jpg,eight of clubs,4,train
dataset/eight of clubs 120.jpg,eight of clubs,4,train
dataset/eight of clubs 121.jpg,eight of clubs,4,train
dataset/eight of clubs 122.jpg,eight of clubs,4,train
dataset/eight of clubs 123.jpg,eight of clubs,4,test
dataset/eight of clubs 124.jpg,eight of clubs,4,train
dataset/eight of clubs 125.jpg,eight of clubs,4,train
dataset/eight of clubs 126.jpg,eight of clubs,4,train
dataset/eight of clubs 127.jpg,eight of clubs,4,train
dataset/eight of clubs 128.jpg,eight of clubs,4,val
dataset/eight of clubs 129.jpg,eight of clubs,4,train
dataset/eight of clubs 13.jpg,eight of clubs,4,train
dataset/eight of clubs 130.jpg,eight of clubs,4,val
dataset/eight of clubs 131.jpg,eight of clubs,4,train
dataset/eight of clubs 132.jpg,eight of clubs,4,train
dataset/eight of clubs 133.jpg,eight of clubs,4,test
dataset/eight of clubs 134.jpg,eight of clubs,4,train
dataset/eight of clubs 135.jpg,eight of clubs,4,val
dataset/eight of clubs 136.jpg,eight of clubs,4,test
dataset/eight of clubs 137.jpg,eight of clubs,4,train
dataset/eight of clubs 138.jpg,eight of clubs,4,train
dataset/eight of clubs 139.jpg,eight of clubs,4,train
dataset/eight of clubs 14.jpg,eight of clubs,4,val
dataset/eight of clubs 140.jpg,eight of clubs,4,train
dataset/eight of clubs 141.jpg,eight of clubs,4,test
dataset/eight of clubs 142.jpg,eight of clubs,4,train
dataset/eight of clubs 143.jpg,eight of clubs,4,val
dataset/eight of clubs 144.jpg,eight of clubs,4,train
dataset/eight of clubs 145.jpg,eight of clubs,4,val
dataset/eight of clubs 146.jpg,eight of clubs,4,val
dataset/eight of clubs 147.jpg,eight of clubs,4,train
dataset/eight of clubs 148.jpg,eight of clubs,4,train
dataset/eight of clubs 15.jpg,eight of clubs,4,val
dataset/eight of clubs 16.jpg,eight of clubs,4,train
dataset/eight of clubs 17.jpg,eight of clubs,4,train
dataset/eight of clubs 18.jpg,eight of clubs,4,train
dataset/eight of clubs 19.jpg,eight of clubs,4,train
dataset/eight of clubs 20.jpg,eight of clubs,4,train
dataset/eight of clubs 21.jpg,eight of clubs,4,train
dataset/eight of clubs 22.jpg,eight of clubs,4,train
dataset/eight of clubs 23.jpg,eight of clubs,4,test
dataset/eight of clubs 24.jpg,eight of clubs,4,train
dataset/eight of clubs 25.jpg,eight of clubs,4,val
dataset/eight of clubs 26.jpg,eight of clubs,4,train
dataset/eight of clubs 27.jpg,eight of clubs,4,test
dataset/eight of clubs 28.jpg,eight of clubs,4,train
dataset/eight of clubs 29.jpg,eight of clubs,4,train
dataset/eight of clubs 30.jpg,eight of clubs,4,train
dataset/eight of clubs 31.jpg,eight of clubs,4,val
dataset/eight of clubs 32.jpg,eight of clubs,4,train
dataset/eight of clubs 33.jpg,eight of clubs,4,train
dataset/eight of clubs 34.jpg,eight of clubs,4,train
dataset/eight of clubs 35.jpg,eight of clubs,4,train
dataset/eight of clubs 36.jpg,eight of clubs,4,train
dataset/eight of clubs 37.jpg,eight of clubs,4,train
dataset/eight of clubs 38.jpg,eight of clubs,4,train
dataset/eight of clubs 39.jpg,eight of clubs,4,train
dataset/eight of clubs 40.jpg,eight of clubs,4,train
dataset/eight of clubs 41.jpg,eight of clubs,4,test
dataset/eight of clubs 42.jpg,eight of clubs,4,train
dataset/eight of clubs 43.jpg,eight of clubs,4,val
dataset/eight of clubs 44.jpg,eight of clubs,4,train
dataset/eight of clubs 45.jpg,eight of clubs,4,train
dataset/eight of clubs 46.jpg,eight of clubs,4,train
dataset/eight of clubs 47.jpg,eight of clubs,4,val
dataset/eight of clubs 48.jpg,eight of clubs,4,train
dataset/eight of clubs 49.jpg,eight of clubs,4,train
dataset/eight of clubs 50.jpg,eight of clubs,4,train
dataset/eight of clubs 51.jpg,eight of clubs,4,val
dataset/eight of clubs 52.jpg,eight of clubs,4,test
dataset/eight of clubs 53.jpg,eight of clubs,4,val
dataset/eight of clubs 54.jpg,eight of clubs,4,train
dataset/eight of clubs 55.jpg,eight of clubs,4,train
dataset/eight of clubs 56.jpg,eight of clubs,4,train
dataset/eight of clubs 57.jpg,eight of clubs,4,train
dataset/eight of clubs 58.jpg,eight of clubs,4,train
dataset/eight of clubs 59.jpg,eight of clubs,4,train
dataset/eight of clubs 60.jpg,eight of clubs,4,train
dataset/eight of clubs 61.jpg,eight of clubs,4,train
dataset/eight of clubs 62.jpg,eight of clubs,4,train
dataset/eight of clubs 63.jpg,eight of clubs,4,train
dataset/eight of clubs 64.jpg,eight of clubs,4,test
dataset/eight of clubs 65.jpg,eight of clubs,4,train
dataset/eight of clubs 66.jpg,eight of clubs,4,train
dataset/eight of clubs 67.jpg,eight of clubs,4,train
dataset/eight of clubs 68.jpg,eight of clubs,4,test
dataset/eight of clubs 69.jpg,eight of clubs,4,test
dataset/eight of clubs 70.jpg,eight of clubs,4,val
dataset/eight of clubs 71.jpg,eight of clubs,4,train
dataset/eight of clubs 72.jpg,eight of clubs,4,test
dataset/eight of clubs 73.jpg,eight of clubs,4,train
dataset/eight of clubs 74.jpg,eight of clubs,4,train
dataset/eight of clubs 75.jpg,eight of clubs,4,train
dataset/eight of clubs 76.jpg,eight of clubs,4,train
dataset/eight of clubs 77.jpg,eight of clubs,4,train
dataset/eight of clubs 78.jpg,eight of clubs,4,train
dataset/eight of clubs 79.jpg,eight of clubs,4,train
dataset/eight of clubs 80.jpg,eight of clubs,4,train
dataset/eight of clubs 81.jpg,eight of clubs,4,train
dataset/eight of clubs 82.jpg,eight of clubs,4,test
dataset/eight of clubs 83.jpg,eight of clubs,4,train
dataset/eight of clubs 84.jpg,eight of clubs,4,test
dataset/eight of clubs 85.jpg,eight of clubs,4,test
dataset/eight of clubs 86.jpg,eight of clubs,4,train
dataset/eight of clubs 87.jpg,eight of clubs,4,train
dataset/eight of clubs 88.jpg,eight of clubs,4,train
dataset/eight of clubs 89.jpg,eight of clubs,4,train
dataset/eight of clubs 90.jpg,eight of clubs,4,test
dataset/eight of clubs 91.jpg,eight of clubs,4,train
dataset/eight of clubs 92.jpg,eight of clubs,4,test
dataset/eight of clubs 93.jpg,eight of clubs,4,train
dataset/eight of clubs 94.jpg,eight of clubs,4,train
dataset/eight of clubs 95.jpg,eight of clubs,4,val
dataset/eight of clubs 96.jpg,eight of clubs,4,train
dataset/eight of clubs 97.jpg,eight of clubs,4,val
dataset/eight of clubs 98.jpg,eight of clubs,4,train
dataset/eight of clubs 99.jpg,eight of clubs,4,train
dataset/eight of diamonds 01.jpg,eight of diamonds,5,val
dataset/eight of diamonds 02.jpg,eight of diamonds,5,train
dataset/eight of diamonds 03.jpg,eight of diamonds,5,train
dataset/eight of diamonds 04.jpg,eight of diamonds,5,train
dataset/eight of diamonds 05.jpg,eight of diamonds,5,val
dataset/eight of diamonds 06.jpg,eight of diamonds,5,test
dataset/eight of diamonds 07.jpg,eight of diamonds,5,train
dataset/eight of diamonds 08.jpg,eight of diamonds,5,val
dataset/eight of diamonds 09.jpg,eight of diamonds,5,train
dataset/eight of diamonds 10.jpg,eight of diamonds,5,train
dataset/eight of diamonds 100.jpg,eight of diamonds,5,train
dataset/eight of diamonds 101.jpg,eight of diamonds,5,val
dataset/eight of diamonds 102.jpg,eight of diamonds,5,train
dataset/eight of diamonds 103.jpg,eight of diamonds,5,train
dataset/eight of diamonds 104.jpg,eight of diamonds,5,train
dataset/eight of diamonds 105.jpg,eight of diamonds,5,train
dataset/eight of diamonds 106.jpg,eight of diamonds,5,test
dataset/eight of diamonds 107.jpg,eight of diamonds,5,train
dataset/eight of diamonds 108.jpg,eight of diamonds,5,train
dataset/eight of diamonds 109.jpg,eight of diamonds,5,train
dataset/eight of diamonds 11.jpg,eight of diamonds,5,test
dataset/eight of diamonds 110.jpg,eight of diamonds,5,test
dataset/eight of diamonds 111.jpg,eight of diamonds,5,train
dataset/eight of diamonds 112.jpg,eight of diamonds,5,train
dataset/eight of diamonds 113.jpg,eight of diamonds,5,val
dataset/eight of diamonds 114.jpg,eight of diamonds,5,test
dataset/eight of diamonds 115.jpg,eight of diamonds,5,val
dataset/eight of diamonds 116.jpg,eight of diamonds,5,train
dataset/eight of diamonds 117.jpg,eight of diamonds,5,test
dataset/eight of diamonds 118.jpg,eight of diamonds,5,train
dataset/eight of diamonds 119.jpg,eight of diamonds,5,train
dataset/eight of diamonds 12.jpg,eight of diamonds,5,train
dataset/eight of diamonds 120.jpg,eight of diamonds,5,train
dataset/eight of diamonds 121.jpg,eight of diamonds,5,test
dataset/eight of diamonds 122.jpg,eight of diamonds,5,train
dataset/eight of diamonds 123.jpg,eight of diamonds,5,train
dataset/eight of diamonds 124.jpg,eight of diamonds,5,train
dataset/eight of diamonds 125.jpg,eight of diamonds,5,train
dataset/eight of diamonds 126.jpg,eight of diamonds,5,train
dataset/eight of diamonds 127.jpg,eight of diamonds,5,train
dataset/eight of diamonds 128.jpg,eight of diamonds,5,train
dataset/eight of diamonds 129.jpg,eight of diamonds,5,train
dataset/eight of diamonds 13.jpg,eight of diamonds,5,test
dataset/eight of diamonds 130.jpg,eight of diamonds,5,train
dataset/eight of diamonds 131.jpg,eight of diamonds,5,test
dataset/eight of diamonds 132.jpg,eight of diamonds,5,val
dataset/eight of diamonds 133.jpg,eight of diamonds,5,train
dataset/eight of diamonds 134.jpg,eight of diamonds,5,train
dataset/eight of diamonds 135.jpg,eight of diamonds,5,test
dataset/eight of diamonds 136.jpg,eight of diamonds,5,train
dataset/eight of diamonds 137.jpg,eight of diamonds,5,test
dataset/eight of diamonds 138.jpg,eight of diamonds,5,train
dataset/eight of diamonds 139.jpg,eight of diamonds,5,val
dataset/eight of diamonds 14.jpg,eight of diamonds,5,train
dataset/eight of diamonds 140.jpg,eight of diamonds,5,train
dataset/eight of diamonds 141.jpg,eight of diamonds,5,train
dataset/eight of diamonds 142.jpg,eight of diamonds,5,train
dataset/eight of diamonds 143.jpg,eight of diamonds,5,train
dataset/eight of diamonds 144.jpg,eight of diamonds,5,train
dataset/eight of diamonds 145.jpg,eight of diamonds,5,train
dataset/eight of diamonds 146.jpg,eight of diamonds,5,test
dataset/eight of diamonds 147.jpg,eight of diamonds,5,train
dataset/eight of diamonds 148.jpg,eight of diamonds,5,train
dataset/eight of diamonds 149.jpg,eight of diamonds,5,train
dataset/eight of diamonds 15.jpg,eight of diamonds,5,train
dataset/eight of diamonds 150.jpg,eight of diamonds,5,train
dataset/eight of diamonds 151.jpg,eight of diamonds,5,train
dataset/eight of diamonds 152.jpg,eight of diamonds,5,train
dataset/eight of diamonds 153.jpg,eight of diamonds,5,test
dataset/eight of diamonds 154.jpg,eight of diamonds,5,val
dataset/eight of diamonds 155.jpg,eight of diamonds,5,train
dataset/eight of diamonds 156.jpg,eight of diamonds,5,train
dataset/eight of diamonds 157.jpg,eight of diamonds,5,test
dataset/eight of diamonds 158.jpg,eight of diamonds,5,val
dataset/eight of diamonds 159.jpg,eight of diamonds,5,train
dataset/eight of diamonds 16.jpg,eight of diamonds,5,train
dataset/eight of diamonds 160.jpg,eight of diamonds,5,train
dataset/eight of diamonds 161.jpg,eight of diamonds,5,val
dataset/eight of diamonds 162.jpg,eight of diamonds,5,train
dataset/eight of diamonds 163.jpg,eight of diamonds,5,val
dataset/eight of diamonds 164.jpg,eight of diamonds,5,val
dataset/eight of diamonds 165.jpg,eight of diamonds,5,train
dataset/eight of diamonds 166.jpg,eight of diamonds,5,train
dataset/eight of diamonds 167.jpg,eight of diamonds,5,val
dataset/eight of diamonds 168.jpg,eight of diamonds,5,train
dataset/eight of diamonds 169.jpg,eight of diamonds,5,train
dataset/eight of diamonds 17.jpg,eight of diamonds,5,train
dataset/eight of diamonds 18.jpg,eight of diamonds,5,train
dataset/eight of diamonds 19.jpg,eight of diamonds,5,train
dataset/eight of diamonds 20.jpg,eight of diamonds,5,val
dataset/eight of diamonds 21.jpg,eight of diamonds,5,train
dataset/eight of diamonds 22.jpg,eight of diamonds,5,val
dataset/eight of diamonds 23.jpg,eight of diamonds,5,val
dataset/eight of diamonds 24.jpg,eight of diamonds,5,train
dataset/eight of diamonds 25.jpg,eight of diamonds,5,val
dataset/eight of diamonds 26.jpg,eight of diamonds,5,val
dataset/eight of diamonds 27.jpg,eight of diamonds,5,train
dataset/eight of diamonds 28.jpg,eight of diamonds,5,train
dataset/eight of diamonds 29.jpg,eight of diamonds,5,train
dataset/eight of diamonds 30.jpg,eight of diamonds,5,train
dataset/eight of diamonds 31.jpg,eight of diamonds,5,train
dataset/eight of diamonds 32.jpg,eight of diamonds,5,train
dataset/eight of diamonds 33.jpg,eight of diamonds,5,train
dataset/eight of diamonds 34.jpg,eight of diamonds,5,test
dataset/eight of diamonds 35.jpg,eight of diamonds,5,train
dataset/eight of diamonds 36.jpg,eight of diamonds,5,train
dataset/eight of diamonds 37.jpg,eight of diamonds,5,train
dataset/eight of diamonds 38.jpg,eight of diamonds,5,train
dataset/eight of diamonds 39.jpg,eight of diamonds,5,train
dataset/eight of diamonds 40.jpg,eight of diamonds,5,train
dataset/eight of diamonds 41.jpg,eight of diamonds,5,test
dataset/eight of diamonds 42.jpg,eight of diamonds,5,train
dataset/eight of diamonds 43.jpg,eight of diamonds,5,train
dataset/eight of diamonds 44.jpg,eight of diamonds,5,train
dataset/eight of diamonds 45.jpg,eight of diamonds,5,val
dataset/eight of diamonds 46.jpg,eight of diamonds,5,train
dataset/eight of diamonds 47.jpg,eight of diamonds,5,train
dataset/eight of diamonds 48.jpg,eight of diamonds,5,val
dataset/eight of diamonds 49.jpg,eight of diamonds,5,train
dataset/eight of diamonds 50.jpg,eight of diamonds,5,train
dataset/eight of diamonds 51.jpg,eight of diamonds,5,train
dataset/eight of diamonds 52.jpg,eight of diamonds,5,test
dataset/eight of diamonds 53.jpg,eight of diamonds,5,train
dataset/eight of diamonds 54.jpg,eight of diamonds,5,train
dataset/eight of diamonds 55.jpg,eight of diamonds,5,train
dataset/eight of diamonds 56.jpg,eight of diamonds,5,test
dataset/eight of diamonds 57.jpg,eight of diamonds,5,train
dataset/eight of diamonds 58.jpg,eight of diamonds,5,val
dataset/eight of diamonds 59.jpg,eight of diamonds,5,train
dataset/eight of diamonds 60.jpg,eight of diamonds,5,train
dataset/eight of diamonds 61.jpg,eight of diamonds,5,train
dataset/eight of diamonds 62.jpg,eight of diamonds,5,test
dataset/eight of diamonds 63.jpg,eight of diamonds,5,test
dataset/eight of diamonds 64.jpg,eight of diamonds,5,train
dataset/eight of diamonds 65.jpg,eight of diamonds,5,train
dataset/eight of diamonds 66.jpg,eight of diamonds,5,train
dataset/eight of diamonds 67.jpg,eight of diamonds,5,train
dataset/eight of diamonds 68.jpg,eight of diamonds,5,test
dataset/eight of diamonds 69.jpg,eight of diamonds,5,test
dataset/eight of diamonds 70.jpg,eight of diamonds,5,train
dataset/eight of diamonds 71.jpg,eight of diamonds,5,train
dataset/eight of diamonds 72.jpg,eight of diamonds,5,train
dataset/eight of diamonds 73.jpg,eight of diamonds,5,train
dataset/eight of diamonds 74.jpg,eight of diamonds,5,val
dataset/eight of diamonds 75.jpg,eight of diamonds,5,test
dataset/eight of diamonds 76.jpg,eight of diamonds,5,train
dataset/eight of diamonds 77.jpg,eight of diamonds,5,train
dataset/eight of diamonds 78.jpg,eight of diamonds,5,train
dataset/eight of diamonds 79.jpg,eight of diamonds,5,train
dataset/eight of diamonds 80.jpg,eight of diamonds,5,train
dataset/eight of diamonds 81.jpg,eight of diamonds,5,test
dataset/eight of diamonds 82.jpg,eight of diamonds,5,train
dataset/eight of diamonds 83.jpg,eight of diamonds,5,train
dataset/eight of diamonds 84.jpg,eight of diamonds,5,train
dataset/eight of diamonds 85.jpg,eight of diamonds,5,train
dataset/eight of diamonds 86.jpg,eight of diamonds,5,train
dataset/eight of diamonds 87.jpg,eight of diamonds,5,train
dataset/eight of diamonds 88.jpg,eight of diamonds,5,val
dataset/eight of diamonds 89.jpg,eight of diamonds,5,train
dataset/eight of diamonds 90.jpg,eight of diamonds,5,train
dataset/eight of diamonds 91.jpg,eight of diamonds,5,train
dataset/eight of diamonds 92.jpg,eight of diamonds,5,train
dataset/eight of diamonds 93.jpg,eight of diamonds,5,test
dataset/eight of diamonds 94.jpg,eight of diamonds,5,train
dataset/eight of diamonds 95.jpg,eight of diamonds,5,val
dataset/eight of diamonds 96.jpg,eight of diamonds,5,train
dataset/eight of diamonds 97.jpg,eight of diamonds,5,train
dataset/eight of diamonds 98.jpg,eight of diamonds,5,train
dataset/eight of diamonds 99.jpg,eight of diamonds,5,test
dataset/eight of hearts 01.jpg,eight of hearts,6,val
dataset/eight of hearts 02.jpg,eight of hearts,6,train
dataset/eight of hearts 03.jpg,eight of hearts,6,test
dataset/eight of hearts 04.jpg,eight of hearts,6,train
dataset/eight of hearts 05.jpg,eight of hearts,6,val
dataset/eight of hearts 06.jpg,eight of hearts,6,train
dataset/eight of hearts 07.jpg,eight of hearts,6,train
dataset/eight of hearts 08.jpg,eight of hearts,6,train
dataset/eight of hearts 09.jpg,eight of hearts,6,test
dataset/eight of hearts 10.jpg,eight of hearts,6,val
dataset/eight of hearts 100.jpg,eight of hearts,6,val
dataset/eight of hearts 101.jpg,eight of hearts,6,train
dataset/eight of hearts 102.jpg,eight of hearts,6,val
dataset/eight of hearts 103.jpg,eight of hearts,6,val
dataset/eight of hearts 104.jpg,eight of hearts,6,train
dataset/eight of hearts 105.jpg,eight of hearts,6,train
dataset/eight of hearts 106.jpg,eight of hearts,6,test
dataset/eight of hearts 107.jpg,eight of hearts,6,train
dataset/eight of hearts 108.jpg,eight of hearts,6,train
dataset/eight of hearts 109.jpg,eight of hearts,6,train
dataset/eight of hearts 11.jpg,eight of hearts,6,train
dataset/eight of hearts 110.jpg,eight of hearts,6,test
dataset/eight of hearts 111.jpg,eight of hearts,6,train
dataset/eight of hearts 112.jpg,eight of hearts,6,train
dataset/eight of hearts 113.jpg,eight of hearts,6,train
dataset/eight of hearts 114.jpg,eight of hearts,6,train
dataset/eight of hearts 115.jpg,eight of hearts,6,train
dataset/eight of hearts 116.jpg,eight of hearts,6,train
dataset/eight of hearts 117.jpg,eight of hearts,6,train
dataset/eight of hearts 118.jpg,eight of hearts,6,test
dataset/eight of hearts 119.jpg,eight of hearts,6,train
dataset/eight of hearts 12.jpg,eight of hearts,6,train
dataset/eight of hearts 120.jpg,eight of hearts,6,train
dataset/eight of hearts 121.jpg,eight of hearts,6,train
dataset/eight of hearts 122.jpg,eight of hearts,6,test
dataset/eight of hearts 123.jpg,eight of hearts,6,train
dataset/eight of hearts 124.jpg,eight of hearts,6,val
dataset/eight of hearts 125.jpg,eight of hearts,6,test
dataset/eight of hearts 126.jpg,eight of hearts,6,train
dataset/eight of hearts 127.jpg,eight of hearts,6,val
dataset/eight of hearts 128.jpg,eight of hearts,6,train
dataset/eight of hearts 129.jpg,eight of hearts,6,train
dataset/eight of hearts 13.jpg,eight of hearts,6,train
dataset/eight of hearts 130.jpg,eight of hearts,6,train
dataset/eight of hearts 131.jpg,eight of hearts,6,train
dataset/eight of hearts 132.jpg,eight of hearts,6,train
dataset/eight of hearts 133.jpg,eight of hearts,6,train
dataset/eight of hearts 134.jpg,eight of hearts,6,train
dataset/eight of hearts 135.jpg,eight of hearts,6,test
dataset/eight of hearts 136.jpg,eight of hearts,6,train
dataset/eight of hearts 137.jpg,eight of hearts,6,train
dataset/eight of hearts 138.jpg,eight of hearts,6,train
dataset/eight of hearts 139.jpg,eight of hearts,6,train
dataset/eight of hearts 14.jpg,eight of hearts,6,train
dataset/eight of hearts 140.jpg,eight of hearts,6,train
dataset/eight of hearts 141.jpg,eight of hearts,6,train
dataset/eight of hearts 142.jpg,eight of hearts,6,train
dataset/eight of hearts 143.jpg,eight of hearts,6,train
dataset/eight of hearts 144.jpg,eight of hearts,6,train
dataset/eight of hearts 145.jpg,eight of hearts,6,val
dataset/eight of hearts 146.jpg,eight of hearts,6,train
dataset/eight of hearts 147.jpg,eight of hearts,6,val
dataset/eight of hearts 148.jpg,eight of hearts,6,test
dataset/eight of hearts 149.jpg,eight of hearts,6,val
dataset/eight of hearts 15.jpg,eight of hearts,6,val
dataset/eight of hearts 150.jpg,eight of hearts,6,train
dataset/eight of hearts 151.jpg,eight of hearts,6,train
dataset/eight of hearts 152.jpg,eight of hearts,6,train
dataset/eight of hearts 153.jpg,eight of hearts,6,val
dataset/eight of hearts 154.jpg,eight of hearts,6,train
dataset/eight of hearts 155.jpg,eight of hearts,6,train
dataset/eight of hearts 156.jpg,eight of hearts,6,test
dataset/eight of hearts 157.jpg,eight of hearts,6,test
dataset/eight of hearts 158.jpg,eight of hearts,6,train
dataset/eight of hearts 159.jpg,eight of hearts,6,train
dataset/eight of hearts 16.jpg,eight of hearts,6,val
dataset/eight of hearts 160.jpg,eight of hearts,6,test
dataset/eight of hearts 161.jpg,eight of hearts,6,val
dataset/eight of hearts 162.jpg,eight of hearts,6,train
dataset/eight of hearts 17.jpg,eight of hearts,6,train
dataset/eight of hearts 18.jpg,eight of hearts,6,train
dataset/eight of hearts 19.jpg,eight of hearts,6,train
dataset/eight of hearts 20.jpg,eight of hearts,6,train
dataset/eight of hearts 21.jpg,eight of hearts,6,test
dataset/eight of hearts 22.jpg,eight of hearts,6,train
dataset/eight of hearts 23.jpg,eight of hearts,6,train
dataset/eight of hearts 24.jpg,eight of hearts,6,train
dataset/eight of hearts 25.jpg,eight of hearts,6,train
dataset/eight of hearts 26.jpg,eight of hearts,6,train
dataset/eight of hearts 27.jpg,eight of hearts,6,train
dataset/eight of hearts 28.jpg,eight of hearts,6,train
dataset/eight of hearts 29.jpg,eight of hearts,6,train
dataset/eight of hearts 30.jpg,eight of hearts,6,test
dataset/eight of hearts 31.jpg,eight of hearts,6,test
dataset/eight of hearts 32.jpg,eight of hearts,6,val
dataset/eight of hearts 33.jpg,eight of hearts,6,train
dataset/eight of hearts 34.jpg,eight of hearts,6,train
dataset/eight of hearts 35.jpg,eight of hearts,6,train
dataset/eight of hearts 36.jpg,eight of hearts,6,train
dataset/eight of hearts 37.jpg,eight of hearts,6,val
dataset/eight of hearts 38.jpg,eight of hearts,6,test
dataset/eight of hearts 39.jpg,eight of hearts,6,train
dataset/eight of hearts 40.jpg,eight of hearts,6,train
dataset/eight of hearts 41.jpg,eight of hearts,6,train
dataset/eight of hearts 42.jpg,eight of hearts,6,val
dataset/eight of hearts 43.jpg,eight of hearts,6,train
dataset/eight of hearts 44.jpg,eight of hearts,6,train
dataset/eight of hearts 45.jpg,eight of hearts,6,train
dataset/eight of hearts 46.jpg,eight of hearts,6,train
dataset/eight of hearts 47.jpg,eight of hearts,6,train
dataset/eight of hearts 48.jpg,eight of hearts,6,train
dataset/eight of hearts 49.jpg,eight of hearts,6,train
dataset/eight of hearts 50.jpg,eight of hearts,6,train
dataset/eight of hearts 51.jpg,eight of hearts,6,train
dataset/eight of hearts 52.jpg,eight of hearts,6,train
dataset/eight of hearts 53.jpg,eight of hearts,6,train
dataset/eight of hearts 54.jpg,eight of hearts,6,val
dataset/eight of hearts 55.jpg,eight of hearts,6,train
dataset/eight of hearts 56.jpg,eight of hearts,6,train
dataset/eight of hearts 57.jpg,eight of hearts,6,test
dataset/eight of hearts 58.jpg,eight of hearts,6,train
dataset/eight of hearts 59.jpg,eight of hearts,6,train
dataset/eight of hearts 60.jpg,eight of hearts,6,train
dataset/eight of hearts 61.jpg,eight of hearts,6,test
dataset/eight of hearts 62.jpg,eight of hearts,6,train
dataset/eight of hearts 63.jpg,eight of hearts,6,val
dataset/eight of hearts 64.jpg,eight of hearts,6,train
dataset/eight of hearts 65.jpg,eight of hearts,6,train
dataset/eight of hearts 66.jpg,eight of hearts,6,val
dataset/eight of hearts 67.jpg,eight of hearts,6,val
dataset/eight of hearts 68.jpg,eight of hearts,6,train
dataset/eight of hearts 69.jpg,eight of hearts,6,train
dataset/eight of hearts 70.jpg,eight of hearts,6,train
dataset/eight of hearts 71.jpg,eight of hearts,6,test
dataset/eight of hearts 72.jpg,eight of hearts,6,train
dataset/eight of hearts 73.jpg,eight of hearts,6,train
dataset/eight of hearts 74.jpg,eight of hearts,6,train
dataset/eight of hearts 75.jpg,eight of hearts,6,val
dataset/eight of hearts 76.jpg,eight of hearts,6,test
dataset/eight of hearts 77.jpg,eight of hearts,6,train
dataset/eight of hearts 78.jpg,eight of hearts,6,train
dataset/eight of hearts 79.jpg,eight of hearts,6,val
dataset/eight of hearts 80.jpg,eight of hearts,6,test
dataset/eight of hearts 81.jpg,eight of hearts,6,train
dataset/eight of hearts 82.jpg,eight of hearts,6,train
dataset/eight of hearts 83.jpg,eight of hearts,6,train
dataset/eight of hearts 84.jpg,eight of hearts,6,train
dataset/eight of hearts 85.jpg,eight of hearts,6,train
dataset/eight of hearts 86.jpg,eight of hearts,6,val
dataset/eight of hearts 87.jpg,eight of hearts,6,train
dataset/eight of hearts 88.jpg,eight of hearts,6,train
dataset/eight of hearts 89.jpg,eight of hearts,6,train
dataset/eight of hearts 90.jpg,eight of hearts,6,train
dataset/eight of hearts 91.jpg,eight of hearts,6,train
dataset/eight of hearts 92.jpg,eight of hearts,6,train
dataset/eight of hearts 93.jpg,eight of hearts,6,train
dataset/eight of hearts 94.jpg,eight of hearts,6,train
dataset/eight of hearts 95.jpg,eight of hearts,6,test
dataset/eight of hearts 96.jpg,eight of hearts,6,train
dataset/eight of hearts 97.jpg,eight of hearts,6,test
dataset/eight of hearts 98.jpg,eight of hearts,6,test
dataset/eight of hearts 99.jpg,eight of hearts,6,train
dataset/eight of spades 01.jpg,eight of spades,7,val
dataset/eight of spades 02.jpg,eight of spades,7,test
dataset/eight of spades 03.jpg,eight of spades,7,train
dataset/eight of spades 04.jpg,eight of spades,7,train
dataset/eight of spades 05.jpg,eight of spades,7,train
dataset/eight of spades 06.jpg,eight of spades,7,train
dataset/eight of spades 07.jpg,eight of spades,7,val
dataset/eight of spades 08.jpg,eight of spades,7,train
dataset/eight of spades 09.jpg,eight of spades,7,test
dataset/eight of spades 10.jpg,eight of spades,7,train
dataset/eight of spades 100.jpg,eight of spades,7,val
dataset/eight of spades 101.jpg,eight of spades,7,train
dataset/eight of spades 102.jpg,eight of spades,7,train
dataset/eight of spades 103.jpg,eight of spades,7,train
dataset/eight of spades 104.jpg,eight of spades,7,train
dataset/eight of spades 105.jpg,eight of spades,7,train
dataset/eight of spades 106.jpg,eight of spades,7,test
dataset/eight of spades 107.jpg,eight of spades,7,train
dataset/eight of spades 108.jpg,eight of spades,7,train
dataset/eight of spades 109.jpg,eight of spades,7,train
dataset/eight of spades 11.jpg,eight of spades,7,train
dataset/eight of spades 110.jpg,eight of spades,7,train
dataset/eight of spades 111.jpg,eight of spades,7,train
dataset/eight of spades 112.jpg,eight of spades,7,val
dataset/eight of spades 113.jpg,eight of spades,7,val
dataset/eight of spades 114.jpg,eight of spades,7,val
dataset/eight of spades 115.jpg,eight of spades,7,train
dataset/eight of spades 116.jpg,eight of spades,7,train
dataset/eight of spades 117.jpg,eight of spades,7,val
dataset/eight of spades 118.jpg,eight of spades,7,train
dataset/eight of spades 119.jpg,eight of spades,7,train
dataset/eight of spades 12.jpg,eight of spades,7,train
dataset/eight of spades 120.jpg,eight of spades,7,train
dataset/eight of spades 121.jpg,eight of spades,7,test
dataset/eight of spades 122.jpg,eight of spades,7,test
dataset/eight of spades 123.jpg,eight of spades,7,train
dataset/eight of spades 124.jpg,eight of spades,7,train
dataset/eight of spades 125.jpg,eight of spades,7,test
dataset/eight of spades 126.jpg,eight of spades,7,train
dataset/eight of spades 127.jpg,eight of spades,7,val
dataset/eight of spades 128.jpg,eight of spades,7,test
dataset/eight of spades 129.jpg,eight of spades,7,train
dataset/eight of spades 13.jpg,eight of spades,7,val
dataset/eight of spades 130.jpg,eight of spades,7,train
dataset/eight of spades 131.jpg,eight of spades,7,train
dataset/eight of spades 132.jpg,eight of spades,7,test
dataset/eight of spades 133.jpg,eight of spades,7,train
dataset/eight of spades 134.jpg,eight of spades,7,train
dataset/eight of spades 135.jpg,eight of spades,7,train
dataset/eight of spades 136.jpg,eight of spades,7,train
dataset/eight of spades 137.jpg,eight of spades,7,val
dataset/eight of spades 138.jpg,eight of spades,7,test
dataset/eight of spades 139.jpg,eight of spades,7,val
dataset/eight of spades 14.jpg,eight of spades,7,test
dataset/eight of spades 140.jpg,eight of spades,7,val
dataset/eight of spades 141.jpg,eight of spades,7,train
dataset/eight of spades 142.jpg,eight of spades,7,test
dataset/eight of spades 143.jpg,eight of spades,7,train
dataset/eight of spades 144.jpg,eight of spades,7,val
dataset/eight of spades 145.jpg,eight of spades,7,train
dataset/eight of spades 15.jpg,eight of spades,7,train
dataset/eight of spades 16.jpg,eight of spades,7,train
dataset/eight of spades 17.jpg,eight of spades,7,test
dataset/eight of spades 18.jpg,eight of spades,7,train
dataset/eight of spades 19.jpg,eight of spades,7,train
dataset/eight of spades 20.jpg,eight of spades,7,train
dataset/eight of spades 21.jpg,eight of spades,7,train
dataset/eight of spades 22.jpg,eight of spades,7,train
dataset/eight of spades 23.jpg,eight of spades,7,train
dataset/eight of spades 24.jpg,eight of spades,7,train
dataset/eight of spades 25.jpg,eight of spades,7,train
dataset/eight of spades 26.jpg,eight of spades,7,train
dataset/eight of spades 27.jpg,eight of spades,7,train
dataset/eight of spades 28.jpg,eight of spades,7,val
dataset/eight of spades 29.jpg,eight of spades,7,val
dataset/eight of spades 30.jpg,eight of spades,7,train
dataset/eight of spades 31.jpg,eight of spades,7,train
dataset/eight of spades 32.jpg,eight of spades,7,train
dataset/eight of spades 33.jpg,eight of spades,7,train
dataset/eight of spades 34.jpg,eight of spades,7,train
dataset/eight of spades 35.jpg,eight of spades,7,train
dataset/eight of spades 36.jpg,eight of spades,7,test
dataset/eight of spades 37.jpg,eight of spades,7,train
dataset/eight of spades 38.jpg,eight of spades,7,train
dataset/eight of spades 39.jpg,eight of spades,7,train
dataset/eight of spades 40.jpg,eight of spades,7,train
dataset/eight of spades 41.jpg,eight of spades,7,train
dataset/eight of spades 42.jpg,eight of spades,7,train
dataset/eight of spades 43.jpg,eight of spades,7,train
dataset/eight of spades 44.jpg,eight of spades,7,test
dataset/eight of spades 45.jpg,eight of spades,7,test
dataset/eight of spades 46.jpg,eight of spades,7,train
dataset/eight of spades 47.jpg,eight of spades,7,train
dataset/eight of spades 48.jpg,eight of spades,7,train
dataset/eight of spades 49.jpg,eight of spades,7,train
dataset/eight of spades 50.jpg,eight of spades,7,train
dataset/eight of spades 51.jpg,eight of spades,7,train
dataset/eight of spades 52.jpg,eight of spades,7,train
dataset/eight of spades 53.jpg,eight of spades,7,train
dataset/eight of spades 54.jpg,eight of spades,7,train
dataset/eight of spades 55.jpg,eight of spades,7,test
dataset/eight of spades 56.jpg,eight of spades,7,train
dataset/eight of spades 57.jpg,eight of spades,7,train
dataset/eight of spades 58.jpg,eight of spades,7,train
dataset/eight of spades 59.jpg,eight of spades,7,train
dataset/eight of spades 60.jpg,eight of spades,7,train
dataset/eight of spades 61.jpg,eight of spades,7,train
dataset/eight of spades 62.jpg,eight of spades,7,train
dataset/eight of spades 63.jpg,eight of spades,7,train
dataset/eight of spades 64.jpg,eight of spades,7,test
dataset/eight of spades 65.jpg,eight of spades,7,test
dataset/eight of spades 66.jpg,eight of spades,7,train
dataset/eight of spades 67.jpg,eight of spades,7,train
dataset/eight of spades 68.jpg,eight of spades,7,train
dataset/eight of spades 69.jpg,eight of spades,7,test
dataset/eight of spades 70.jpg,eight of spades,7,val
dataset/eight of spades 71.jpg,eight of spades,7,val
dataset/eight of spades 72.jpg,eight of spades,7,test
dataset/eight of spades 73.jpg,eight of spades,7,train
dataset/eight of spades 74.jpg,eight of spades,7,train
dataset/eight of spades 75.jpg,eight of spades,7,train
dataset/eight of spades 76.jpg,eight of spades,7,train
dataset/eight of spades 77.jpg,eight of spades,7,train
dataset/eight of spades 78.jpg,eight of spades,7,train
dataset/eight of spades 79.jpg,eight of spades,7,train
dataset/eight of spades 80.jpg,eight of spades,7,train
dataset/eight of spades 81.jpg,eight of spades,7,train
dataset/eight of spades 82.jpg,eight of spades,7,train
dataset/eight of spades 83.jpg,eight of spades,7,train
dataset/eight of spades 84.jpg,eight of spades,7,train
dataset/eight of spades 85.jpg,eight of spades,7,train
dataset/eight of spades 86.jpg,eight of spades,7,test
dataset/eight of spades 87.jpg,eight of spades,7,train
dataset/eight of spades 88.jpg,eight of spades,7,val
dataset/eight of spades 89.jpg,eight of spades,7,train
dataset/eight of spades 90.jpg,eight of spades,7,val
dataset/eight of spades 91.jpg,eight of spades,7,test
dataset/eight of spades 92.jpg,eight of spades,7,train
dataset/eight of spades 93.jpg,eight of spades,7,val
dataset/eight of spades 94.jpg,eight of spades,7,train
dataset/eight of spades 95.jpg,eight of spades,7,val
dataset/eight of spades 96.jpg,eight of spades,7,train
dataset/eight of spades 97.jpg,eight of spades,7,train
dataset/eight of spades 98.jpg,eight of spades,7,val
dataset/eight of spades 99.jpg,eight of spades,7,train
dataset/five of clubs 01.jpg,five of clubs,8,train
dataset/five of clubs 02.jpg,five of clubs,8,val
dataset/five of clubs 03.jpg,five of clubs,8,train
dataset/five of clubs 04.jpg,five of clubs,8,test
dataset/five of clubs 05.jpg,five of clubs,8,test
dataset/five of clubs 06.jpg,five of clubs,8,train
dataset/five of clubs 07.jpg,five of clubs,8,train
dataset/five of clubs 08.jpg,five of clubs,8,train
dataset/five of clubs 09.jpg,five of clubs,8,test
dataset/five of clubs 10.jpg,five of clubs,8,train
dataset/five of clubs 100.jpg,five of clubs,8,val
dataset/five of clubs 101.jpg,five of clubs,8,train
dataset/five of clubs 102.jpg,five of clubs,8,train
dataset/five of clubs 103.jpg,five of clubs,8,test
dataset/five of clubs 104.jpg,five of clubs,8,train
dataset/five of clubs 105.jpg,five of clubs,8,train
dataset/five of clubs 106.jpg,five of clubs,8,train
dataset/five of clubs 107.jpg,five of clubs,8,train
dataset/five of clubs 108.jpg,five of clubs,8,train
dataset/five of clubs 109.jpg,five of clubs,8,val
dataset/five of clubs 11.jpg,five of clubs,8,train
dataset/five of clubs 110.jpg,five of clubs,8,val
dataset/five of clubs 111.jpg,five of clubs,8,train
dataset/five of clubs 112.jpg,five of clubs,8,test
dataset/five of clubs 113.jpg,five of clubs,8,val
dataset/five of clubs 114.jpg,five of clubs,8,val
dataset/five of clubs 115.jpg,five of clubs,8,train
dataset/five of clubs 116.jpg,five of clubs,8,train
dataset/five of clubs 117.jpg,five of clubs,8,val
dataset/five of clubs 118.jpg,five of clubs,8,train
dataset/five of clubs 119.jpg,five of clubs,8,train
dataset/five of clubs 12.jpg,five of clubs,8,train
dataset/five of clubs 120.jpg,five of clubs,8,train
dataset/five of clubs 121.jpg,five of clubs,8,train
dataset/five of clubs 122.jpg,five of clubs,8,train
dataset/five of clubs 123.jpg,five of clubs,8,val
dataset/five of clubs 124.jpg,five of clubs,8,test
dataset/five of clubs 125.jpg,five of clubs,8,train
dataset/five of clubs 126.jpg,five of clubs,8,train
dataset/five of clubs 127.jpg,five of clubs,8,test
dataset/five of clubs 128.jpg,five of clubs,8,train
dataset/five of clubs 129.jpg,five of clubs,8,train
dataset/five of clubs 13.jpg,five of clubs,8,train
dataset/five of clubs 130.jpg,five of clubs,8,train
dataset/five of clubs 131.jpg,five of clubs,8,train
dataset/five of clubs 132.jpg,five of clubs,8,train
dataset/five of clubs 133.jpg,five of clubs,8,val
dataset/five of clubs 134.jpg,five of clubs,8,train
dataset/five of clubs 135.jpg,five of clubs,8,train
dataset/five of clubs 136.jpg,five of clubs,8,train
dataset/five of clubs 137.jpg,five of clubs,8,train
dataset/five of clubs 138.jpg,five of clubs,8,train
dataset/five of clubs 139.jpg,five of clubs,8,val
dataset/five of clubs 14.jpg,five of clubs,8,train
dataset/five of clubs 140.jpg,five of clubs,8,train
dataset/five of clubs 141.jpg,five of clubs,8,train
dataset/five of clubs 142.jpg,five of clubs,8,train
dataset/five of clubs 143.jpg,five of clubs,8,test
dataset/five of clubs 144.jpg,five of clubs,8,test
dataset/five of clubs 145.jpg,five of clubs,8,train
dataset/five of clubs 146.jpg,five of clubs,8,train
dataset/five of clubs 147.jpg,five of clubs,8,train
dataset/five of clubs 148.jpg,five of clubs,8,train
dataset/five of clubs 149.jpg,five of clubs,8,train
dataset/five of clubs 15.jpg,five of clubs,8,train
dataset/five of clubs 150.jpg,five of clubs,8,val
dataset/five of clubs 151.jpg,five of clubs,8,train
dataset/five of clubs 152.jpg,five of clubs,8,train
dataset/five of clubs 153.jpg,five of clubs,8,train
dataset/five of clubs 154.jpg,five of clubs,8,train
dataset/five of clubs 155.jpg,five of clubs,8,train
dataset/five of clubs 156.jpg,five of clubs,8,train
dataset/five of clubs 157.jpg,five of clubs,8,val
dataset/five of clubs 158.jpg,five of clubs,8,train
dataset/five of clubs 159.jpg,five of clubs,8,train
dataset/five of clubs 16.jpg,five of clubs,8,train
dataset/five of clubs 160.jpg,five of clubs,8,train
dataset/five of clubs 17.jpg,five of clubs,8,train
dataset/five of clubs 18.jpg,five of clubs,8,train
dataset/five of clubs 19.jpg,five of clubs,8,train
dataset/five of clubs 20.jpg,five of clubs,8,val
dataset/five of clubs 21.jpg,five of clubs,8,test
dataset/five of clubs 22.jpg,five of clubs,8,train
dataset/five of clubs 23.jpg,five of clubs,8,train
dataset/five of clubs 24.jpg,five of clubs,8,val
dataset/five of clubs 25.jpg,five of clubs,8,test
dataset/five of clubs 26.jpg,five of clubs,8,train
dataset/five of clubs 27.jpg,five of clubs,8,train
dataset/five of clubs 28.jpg,five of clubs,8,train
dataset/five of clubs 29.jpg,five of clubs,8,train
dataset/five of clubs 30.jpg,five of clubs,8,train
dataset/five of clubs 31.jpg,five of clubs,8,train
dataset/five of clubs 32.jpg,five of clubs,8,train
dataset/five of clubs 33.jpg,five of clubs,8,train
dataset/five of clubs 34.jpg,five of clubs,8,train
dataset/five of clubs 35.jpg,five of clubs,8,train
dataset/five of clubs 36.jpg,five of clubs,8,train
dataset/five of clubs 37.jpg,five of clubs,8,train
dataset/five of clubs 38.jpg,five of clubs,8,val
dataset/five of clubs 39.jpg,five of clubs,8,train
dataset/five of clubs 40.jpg,five of clubs,8,train
dataset/five of clubs 41.jpg,five of clubs,8,train
dataset/five of clubs 42.jpg,five of clubs,8,test
dataset/five of clubs 43.jpg,five of clubs,8,train
dataset/five of clubs 44.jpg,five of clubs,8,train
dataset/five of clubs 45.jpg,five of clubs,8,train
dataset/five of clubs 46.jpg,five of clubs,8,val
dataset/five of clubs 47.jpg,five of clubs,8,test
dataset/five of clubs 48.jpg,five of clubs,8,test
dataset/five of clubs 49.jpg,five of clubs,8,test
dataset/five of clubs 50.jpg,five of clubs,8,train
dataset/five of clubs 51.jpg,five of clubs,8,test
dataset/five of clubs 52.jpg,five of clubs,8,train
dataset/five of clubs 53.jpg,five of clubs,8,test
dataset/five of clubs 54.jpg,five of clubs,8,val
dataset/five of clubs 55.jpg,five of clubs,8,train
dataset/five of clubs 56.jpg,five of clubs,8,train
dataset/five of clubs 57.jpg,five of clubs,8,val
dataset/five of clubs 58.jpg,five of clubs,8,test
dataset/five of clubs 59.jpg,five of clubs,8,val
dataset/five of clubs 60.jpg,five of clubs,8,train
dataset/five of clubs 61.jpg,five of clubs,8,train
dataset/five of clubs 62.jpg,five of clubs,8,train
dataset/five of clubs 63.jpg,five of clubs,8,train
dataset/five of clubs 64.jpg,five of clubs,8,test
dataset/five of clubs 65.jpg,five of clubs,8,train
dataset/five of clubs 66.jpg,five of clubs,8,train
dataset/five of clubs 67.jpg,five of clubs,8,val
dataset/five of clubs 68.jpg,five of clubs,8,val
dataset/five of clubs 69.jpg,five of clubs,8,test
dataset/five of clubs 70.jpg,five of clubs,8,train
dataset/five of clubs 71.jpg,five of clubs,8,train
dataset/five of clubs 72.jpg,five of clubs,8,train
dataset/five of clubs 73.jpg,five of clubs,8,test
dataset/five of clubs 74.jpg,five of clubs,8,train
dataset/five of clubs 75.jpg,five of clubs,8,train
dataset/five of clubs 76.jpg,five of clubs,8,val
dataset/five of clubs 77.jpg,five of clubs,8,train
dataset/five of clubs 78.jpg,five of clubs,8,train
dataset/five of clubs 79.jpg,five of clubs,8,val
dataset/five of clubs 80.jpg,five of clubs,8,train
dataset/five of clubs 81.jpg,five of clubs,8,train
dataset/five of clubs 82.jpg,five of clubs,8,train
dataset/five of clubs 83.jpg,five of clubs,8,train
dataset/five of clubs 84.jpg,five of clubs,8,train
dataset/five of clubs 85.jpg,five of clubs,8,train
dataset/five of clubs 86.jpg,five of clubs,8,test
dataset/five of clubs 87.jpg,five of clubs,8,val
dataset/five of clubs 88.jpg,five of clubs,8,train
dataset/five of clubs 89.jpg,five of clubs,8,train
dataset/five of clubs 90.jpg,five of clubs,8,test
dataset/five of clubs 91.jpg,five of clubs,8,train
dataset/five of clubs 92.jpg,five of clubs,8,train
dataset/five of clubs 93.jpg,five of clubs,8,train
dataset/five of clubs 94.jpg,five of clubs,8,train
dataset/five of clubs 95.jpg,five of clubs,8,train
dataset/five of clubs 96.jpg,five of clubs,8,train
dataset/five of clubs 97.jpg,five of clubs,8,test
dataset/five of clubs 98.jpg,five of clubs,8,train
dataset/five of clubs 99.jpg,five of clubs,8,train
dataset/five of diamonds 01.jpg,five of diamonds,9,train
dataset/five of diamonds 02.jpg,five of diamonds,9,train
dataset/five of diamonds 03.jpg,five of diamonds,9,val
dataset/five of diamonds 04.jpg,five of diamonds,9,train
dataset/five of diamonds 05.jpg,five of diamonds,9,train
dataset/five of diamonds 06.jpg,five of diamonds,9,train
dataset/five of diamonds 07.jpg,five of diamonds,9,test
dataset/five of diamonds 08.jpg,five of diamonds,9,train
dataset/five of diamonds 09.jpg,five of diamonds,9,train
dataset/five of diamonds 10.jpg,five of diamonds,9,val
dataset/five of diamonds 100.jpg,five of diamonds,9,train
dataset/five of diamonds 101.jpg,five of diamonds,9,val
dataset/five of diamonds 102.jpg,five of diamonds,9,train
dataset/five of diamonds 103.jpg,five of diamonds,9,val
dataset/five of diamonds 104.jpg,five of diamonds,9,train
dataset/five of diamonds 105.jpg,five of diamonds,9,val
dataset/five of diamonds 106.jpg,five of diamonds,9,val
dataset/five of diamonds 107.jpg,five of diamonds,9,test
dataset/five of diamonds 108.jpg,five of diamonds,9,train
dataset/five of diamonds 109.jpg,five of diamonds,9,train
dataset/five of diamonds 11.jpg,five of diamonds,9,train
dataset/five of diamonds 110.jpg,five of diamonds,9,train
dataset/five of diamonds 111.jpg,five of diamonds,9,train
dataset/five of diamonds 112.jpg,five of diamonds,9,test
dataset/five of diamonds 113.jpg,five of diamonds,9,test
dataset/five of diamonds 114.jpg,five of diamonds,9,test
dataset/five of diamonds 115.jpg,five of diamonds,9,train
dataset/five of diamonds 116.jpg,five of diamonds,9,train
dataset/five of diamonds 117.jpg,five of diamonds,9,train
dataset/five of diamonds 118.jpg,five of diamonds,9,train
dataset/five of diamonds 119.jpg,five of diamonds,9,test
dataset/five of diamonds 12.jpg,five of diamonds,9,test
dataset/five of diamonds 120.jpg,five of diamonds,9,train
dataset/five of diamonds 121.jpg,five of diamonds,9,train
dataset/five of diamonds 122.jpg,five of diamonds,9,train
dataset/five of diamonds 123.jpg,five of diamonds,9,train
dataset/five of diamonds 124.jpg,five of diamonds,9,train
dataset/five of diamonds 125.jpg,five of diamonds,9,train
dataset/five of diamonds 126.jpg,five of diamonds,9,test
dataset/five of diamonds 127.jpg,five of diamonds,9,train
dataset/five of diamonds 128.jpg,five of diamonds,9,train
dataset/five of diamonds 129.jpg,five of diamonds,9,train
dataset/five of diamonds 13.jpg,five of diamonds,9,train
dataset/five of diamonds 130.jpg,five of diamonds,9,train
dataset/five of diamonds 131.jpg,five of diamonds,9,test
dataset/five of diamonds 132.jpg,five of diamonds,9,train
dataset/five of diamonds 133.jpg,five of diamonds,9,val
dataset/five of diamonds 134.jpg,five of diamonds,9,train
dataset/five of diamonds 135.jpg,five of diamonds,9,train
dataset/five of diamonds 136.jpg,five of diamonds,9,train
dataset/five of diamonds 137.jpg,five of diamonds,9,train
dataset/five of diamonds 138.jpg,five of diamonds,9,train
dataset/five of diamonds 139.jpg,five of diamonds,9,train
dataset/five of diamonds 14.jpg,five of diamonds,9,train
dataset/five of diamonds 140.jpg,five of diamonds,9,train
dataset/five of diamonds 141.jpg,five of diamonds,9,train
dataset/five of diamonds 142.jpg,five of diamonds,9,train
dataset/five of diamonds 143.jpg,five of diamonds,9,train
dataset/five of diamonds 144.jpg,five of diamonds,9,test
dataset/five of diamonds 145.jpg,five of diamonds,9,test
dataset/five of diamonds 146.jpg,five of diamonds,9,train
dataset/five of diamonds 147.jpg,five of diamonds,9,train
dataset/five of diamonds 148.jpg,five of diamonds,9,train
dataset/five of diamonds 15.jpg,five of diamonds,9,train
dataset/five of diamonds 16.jpg,five of diamonds,9,train
dataset/five of diamonds 17.jpg,five of diamonds,9,train
dataset/five of diamonds 18.jpg,five of diamonds,9,train
dataset/five of diamonds 19.jpg,five of diamonds,9,train
dataset/five of diamonds 20.jpg,five of diamonds,9,train
dataset/five of diamonds 21.jpg,five of diamonds,9,train
dataset/five of diamonds 22.jpg,five of diamonds,9,train
dataset/five of diamonds 23.jpg,five of diamonds,9,val
dataset/five of diamonds 24.jpg,five of diamonds,9,train
dataset/five of diamonds 25.jpg,five of diamonds,9,train
dataset/five of diamonds 26.jpg,five of diamonds,9,train
dataset/five of diamonds 27.jpg,five of diamonds,9,train
dataset/five of diamonds 28.jpg,five of diamonds,9,train
dataset/five of diamonds 29.jpg,five of diamonds,9,train
dataset/five of diamonds 30.jpg,five of diamonds,9,val
dataset/five of diamonds 31.jpg,five of diamonds,9,train
dataset/five of diamonds 32.jpg,five of diamonds,9,train
dataset/five of diamonds 33.jpg,five of diamonds,9,val
dataset/five of diamonds 34.jpg,five of diamonds,9,train
dataset/five of diamonds 35.jpg,five of diamonds,9,train
dataset/five of diamonds 36.jpg,five of diamonds,9,train
dataset/five of diamonds 37.jpg,five of diamonds,9,val
dataset/five of diamonds 38.jpg,five of diamonds,9,test
dataset/five of diamonds 39.jpg,five of diamonds,9,train
dataset/five of diamonds 40.jpg,five of diamonds,9,val
dataset/five of diamonds 41.jpg,five of diamonds,9,train
dataset/five of diamonds 42.jpg,five of diamonds,9,train
dataset/five of diamonds 43.jpg,five of diamonds,9,train
dataset/five of diamonds 44.jpg,five of diamonds,9,val
dataset/five of diamonds 45.jpg,five of diamonds,9,val
dataset/five of diamonds 46.jpg,five of diamonds,9,val
dataset/five of diamonds 47.jpg,five of diamonds,9,train
dataset/five of diamonds 48.jpg,five of diamonds,9,train
dataset/five of diamonds 49.jpg,five of diamonds,9,test
dataset/five of diamonds 50.jpg,five of diamonds,9,val
dataset/five of diamonds 51.jpg,five of diamonds,9,train
dataset/five of diamonds 52.jpg,five of diamonds,9,train
dataset/five of diamonds 53.jpg,five of diamonds,9,train
dataset/five of diamonds 54.jpg,five of diamonds,9,val
dataset/five of diamonds 55.jpg,five of diamonds,9,train
dataset/five of diamonds 56.jpg,five of diamonds,9,train
dataset/five of diamonds 57.jpg,five of diamonds,9,test
dataset/five of diamonds 58.jpg,five of diamonds,9,train
dataset/five of diamonds 59.jpg,five of diamonds,9,test
dataset/five of diamonds 60.jpg,five of diamonds,9,test
dataset/five of diamonds 61.jpg,five of diamonds,9,train
dataset/five of diamonds 62.jpg,five of diamonds,9,train
dataset/five of diamonds 63.jpg,five of diamonds,9,train
dataset/five of diamonds 64.jpg,five of diamonds,9,train
dataset/five of diamonds 65.jpg,five of diamonds,9,val
dataset/five of diamonds 66.jpg,five of diamonds,9,test
dataset/five of diamonds 67.jpg,five of diamonds,9,test
dataset/five of diamonds 68.jpg,five of diamonds,9,val
dataset/five of diamonds 69.jpg,five of diamonds,9,train
dataset/five of diamonds 70.jpg,five of diamonds,9,test
dataset/five of diamonds 71.jpg,five of diamonds,9,train
dataset/five of diamonds 72.jpg,five of diamonds,9,train
dataset/five of diamonds 73.jpg,five of diamonds,9,train
dataset/five of diamonds 74.jpg,five of diamonds,9,train
dataset/five of diamonds 75.jpg,five of diamonds,9,train
dataset/five of diamonds 76.jpg,five of diamonds,9,train
dataset/five of diamonds 77.jpg,five of diamonds,9,train
dataset/five of diamonds 78.jpg,five of diamonds,9,test
dataset/five of diamonds 79.jpg,five of diamonds,9,train
dataset/five of diamonds 80.jpg,five of diamonds,9,train
dataset/five of diamonds 81.jpg,five of diamonds,9,train
dataset/five of diamonds 82.jpg,five of diamonds,9,train
dataset/five of diamonds 83.jpg,five of diamonds,9,train
dataset/five of diamonds 84.jpg,five of diamonds,9,train
dataset/five of diamonds 85.jpg,five of diamonds,9,val
dataset/five of diamonds 86.jpg,five of diamonds,9,val
dataset/five of diamonds 87.jpg,five of diamonds,9,train
dataset/five of diamonds 88.jpg,five of diamonds,9,train
dataset/five of diamonds 89.jpg,five of diamonds,9,train
dataset/five of diamonds 90.jpg,five of diamonds,9,train
dataset/five of diamonds 91.jpg,five of diamonds,9,train
dataset/five of diamonds 92.jpg,five of diamonds,9,train
dataset/five of diamonds 93.jpg,five of diamonds,9,test
dataset/five of diamonds 94.jpg,five of diamonds,9,val
dataset/five of diamonds 95.jpg,five of diamonds,9,test
dataset/five of diamonds 96.jpg,five of diamonds,9,train
dataset/five of diamonds 97.jpg,five of diamonds,9,train
dataset/five of diamonds 98.jpg,five of diamonds,9,train
dataset/five of diamonds 99.jpg,five of diamonds,9,train
dataset/five of hearts 01.jpg,five of hearts,10,train
dataset/five of hearts 02.jpg,five of hearts,10,train
dataset/five of hearts 03.jpg,five of hearts,10,test
dataset/five of hearts 04.jpg,five of hearts,10,train
dataset/five of hearts 05.jpg,five of hearts,10,test
dataset/five of hearts 06.jpg,five of hearts,10,train
dataset/five of hearts 07.jpg,five of hearts,10,train
dataset/five of hearts 08.jpg,five of hearts,10,train
dataset/five of hearts 09.jpg,five of hearts,10,test
dataset/five of hearts 10.jpg,five of hearts,10,train
dataset/five of hearts 100.jpg,five of hearts,10,val
dataset/five of hearts 101.jpg,five of hearts,10,train
dataset/five of hearts 102.jpg,five of hearts,10,test
dataset/five of hearts 103.jpg,five of hearts,10,train
dataset/five of hearts 104.jpg,five of hearts,10,train
dataset/five of hearts 105.jpg,five of hearts,10,train
dataset/five of hearts 106.jpg,five of hearts,10,train
dataset/five of hearts 107.jpg,five of hearts,10,test
dataset/five of hearts 108.jpg,five of hearts,10,train
dataset/five of hearts 109.jpg,five of hearts,10,train
dataset/five of hearts 11.jpg,five of hearts,10,train
dataset/five of hearts 110.jpg,five of hearts,10,train
dataset/five of hearts 111.jpg,five of hearts,10,train
dataset/five of hearts 112.jpg,five of hearts,10,train
dataset/five of hearts 113.jpg,five of hearts,10,val
dataset/five of hearts 114.jpg,five of hearts,10,train
dataset/five of hearts 115.jpg,five of hearts,10,train
dataset/five of hearts 116.jpg,five of hearts,10,val
dataset/five of hearts 117.jpg,five of hearts,10,test
dataset/five of hearts 118.jpg,five of hearts,10,train
dataset/five of hearts 119.jpg,five of hearts,10,train
dataset/five of hearts 12.jpg,five of hearts,10,train
dataset/five of hearts 120.jpg,five of hearts,10,train
dataset/five of hearts 121.jpg,five of hearts,10,train
dataset/five of hearts 122.jpg,five of hearts,10,train
dataset/five of hearts 123.jpg,five of hearts,10,train
dataset/five of hearts 124.jpg,five of hearts,10,test
dataset/five of hearts 125.jpg,five of hearts,10,val
dataset/five of hearts 126.jpg,five of hearts,10,train
dataset/five of hearts 127.jpg,five of hearts,10,val
dataset/five of hearts 128.jpg,five of hearts,10,train
dataset/five of hearts 129.jpg,five of hearts,10,train
dataset/five of hearts 13.jpg,five of hearts,10,train
dataset/five of hearts 130.jpg,five of hearts,10,train
dataset/five of hearts 131.jpg,five of hearts,10,test
dataset/five of hearts 132.jpg,five of hearts,10,train
dataset/five of hearts 133.jpg,five of hearts,10,train
dataset/five of hearts 134.jpg,five of hearts,10,val
dataset/five of hearts 135.jpg,five of hearts,10,train
dataset/five of hearts 136.jpg,five of hearts,10,train
dataset/five of hearts 137.jpg,five of hearts,10,train
dataset/five of hearts 138.jpg,five of hearts,10,train
dataset/five of hearts 139.jpg,five of hearts,10,train
dataset/five of hearts 14.jpg,five of hearts,10,train
dataset/five of hearts 140.jpg,five of hearts,10,train
dataset/five of hearts 141.jpg,five of hearts,10,train
dataset/five of hearts 142.jpg,five of hearts,10,train
dataset/five of hearts 143.jpg,five of hearts,10,train
dataset/five of hearts 144.jpg,five of hearts,10,test
dataset/five of hearts 145.jpg,five of hearts,10,val
dataset/five of hearts 146.jpg,five of hearts,10,train
dataset/five of hearts 15.jpg,five of hearts,10,test
dataset/five of hearts 16.jpg,five of hearts,10,train
dataset/five of hearts 17.jpg,five of hearts,10,train
dataset/five of hearts 18.jpg,five of hearts,10,train
dataset/five of hearts 19.jpg,five of hearts,10,train
dataset/five of hearts 20.jpg,five of hearts,10,val
dataset/five of hearts 21.jpg,five of hearts,10,val
dataset/five of hearts 22.jpg,five of hearts,10,test
dataset/five of hearts 23.jpg,five of hearts,10,test
dataset/five of hearts 24.jpg,five of hearts,10,train
dataset/five of hearts 25.jpg,five of hearts,10,test
dataset/five of hearts 26.jpg,five of hearts,10,val
dataset/five of hearts 27.jpg,five of hearts,10,train
dataset/five of hearts 28.jpg,five of hearts,10,train
dataset/five of hearts 29.jpg,five of hearts,10,val
dataset/five of hearts 30.jpg,five of hearts,10,test
dataset/five of hearts 31.jpg,five of hearts,10,train
dataset/five of hearts 32.jpg,five of hearts,10,val
dataset/five of hearts 33.jpg,five of hearts,10,train
dataset/five of hearts 34.jpg,five of hearts,10,test
dataset/five of hearts 35.jpg,five of hearts,10,train
dataset/five of hearts 36.jpg,five of hearts,10,train
dataset/five of hearts 37.jpg,five of hearts,10,train
dataset/five of hearts 38.jpg,five of hearts,10,train
dataset/five of hearts 39.jpg,five of hearts,10,train
dataset/five of hearts 40.jpg,five of hearts,10,train
dataset/five of hearts 41.jpg,five of hearts,10,test
dataset/five of hearts 42.jpg,five of hearts,10,val
dataset/five of hearts 43.jpg,five of hearts,10,test
dataset/five of hearts 44.jpg,five of hearts,10,train
dataset/five of hearts 45.jpg,five of hearts,10,train
dataset/five of hearts 46.jpg,five of hearts,10,train
dataset/five of hearts 47.jpg,five of hearts,10,train
dataset/five of hearts 48.jpg,five of hearts,10,train
dataset/five of hearts 49.jpg,five of hearts,10,val
dataset/five of hearts 50.jpg,five of hearts,10,train
dataset/five of hearts 51.jpg,five of hearts,10,val
dataset/five of hearts 52.jpg,five of hearts,10,train
dataset/five of hearts 53.jpg,five of hearts,10,train
dataset/five of hearts 54.jpg,five of hearts,10,test
dataset/five of hearts 55.jpg,five of hearts,10,train
dataset/five of hearts 56.jpg,five of hearts,10,train
dataset/five of hearts 57.jpg,five of hearts,10,train
dataset/five of hearts 58.jpg,five of hearts,10,val
dataset/five of hearts 59.jpg,five of hearts,10,train
dataset/five of hearts 60.jpg,five of hearts,10,train
dataset/five of hearts 61.jpg,five of hearts,10,train
dataset/five of hearts 62.jpg,five of hearts,10,train
dataset/five of hearts 63.jpg,five of hearts,10,train
dataset/five of hearts 64.jpg,five of hearts,10,test
dataset/five of hearts 65.jpg,five of hearts,10,train
dataset/five of hearts 66.jpg,five of hearts,10,train
dataset/five of hearts 67.jpg,five of hearts,10,train
dataset/five of hearts 68.jpg,five of hearts,10,train
dataset/five of hearts 69.jpg,five of hearts,10,train
dataset/five of hearts 70.jpg,five of hearts,10,train
dataset/five of hearts 71.jpg,five of hearts,10,test
dataset/five of hearts 72.jpg,five of hearts,10,train
dataset/five of hearts 73.jpg,five of hearts,10,test
dataset/five of hearts 74.jpg,five of hearts,10,train
dataset/five of hearts 75.jpg,five of hearts,10,train
dataset/five of hearts 76.jpg,five of hearts,10,val
dataset/five of hearts 77.jpg,five of hearts,10,train
dataset/five of hearts 78.jpg,five of hearts,10,val
dataset/five of hearts 79.jpg,five of hearts,10,train
dataset/five of hearts 80.jpg,five of hearts,10,val
dataset/five of hearts 81.jpg,five of hearts,10,train
dataset/five of hearts 82.jpg,five of hearts,10,val
dataset/five of hearts 83.jpg,five of hearts,10,train
dataset/five of hearts 84.jpg,five of hearts,10,train
dataset/five of hearts 85.jpg,five of hearts,10,train
dataset/five of hearts 86.jpg,five of hearts,10,train
dataset/five of hearts 87.jpg,five of hearts,10,train
dataset/five of hearts 88.jpg,five of hearts,10,train
dataset/five of hearts 89.jpg,five of hearts,10,val
dataset/five of hearts 90.jpg,five of hearts,10,test
dataset/five of hearts 91.jpg,five of hearts,10,train
dataset/five of hearts 92.jpg,five of hearts,10,train
dataset/five of hearts 93.jpg,five of hearts,10,train
dataset/five of hearts 94.jpg,five of hearts,10,train
dataset/five of hearts 95.jpg,five of hearts,10,train
dataset/five of hearts 96.jpg,five of hearts,10,train
dataset/five of hearts 97.jpg,five of hearts,10,train
dataset/five of hearts 98.jpg,five of hearts,10,val
dataset/five of hearts 99.jpg,five of hearts,10,train
dataset/five of spades 01.jpg,five of spades,11,val
dataset/five of spades 02.jpg,five of spades,11,train
dataset/five of spades 03.jpg,five of spades,11,train
dataset/five of spades 04.jpg,five of spades,11,val
dataset/five of spades 05.jpg,five of spades,11,train
dataset/five of spades 06.jpg,five of spades,11,test
dataset/five of spades 07.jpg,five of spades,11,train
dataset/five of spades 08.jpg,five of spades,11,val
dataset/five of spades 09.jpg,five of spades,11,train
dataset/five of spades 10.jpg,five of spades,11,train
dataset/five of spades 100.jpg,five of spades,11,train
dataset/five of spades 101.jpg,five of spades,11,test
dataset/five of spades 102.jpg,five of spades,11,train
dataset/five of spades 103.jpg,five of spades,11,train
dataset/five of spades 104.jpg,five of spades,11,test
dataset/five of spades 105.jpg,five of spades,11,train
dataset/five of spades 106.jpg,five of spades,11,val
dataset/five of spades 107.jpg,five of spades,11,test
dataset/five of spades 108.jpg,five of spades,11,train
dataset/five of spades 109.jpg,five of spades,11,train
dataset/five of spades 11.jpg,five of spades,11,val
dataset/five of spades 110.jpg,five of spades,11,val
dataset/five of spades 111.jpg,five of spades,11,train
dataset/five of spades 112.jpg,five of spades,11,test
dataset/five of spades 113.jpg,five of spades,11,val
dataset/five of spades 114.jpg,five of spades,11,val
dataset/five of spades 115.jpg,five of spades,11,val
dataset/five of spades 116.jpg,five of spades,11,train
dataset/five of spades 117.jpg,five of spades,11,test
dataset/five of spades 118.jpg,five of spades,11,train
dataset/five of spades 119.jpg,five of spades,11,train
dataset/five of spades 12.jpg,five of spades,11,val
dataset/five of spades 120.jpg,five of spades,11,train
dataset/five of spades 121.jpg,five of spades,11,train
dataset/five of spades 122.jpg,five of spades,11,train
dataset/five of spades 123.jpg,five of spades,11,train
dataset/five of spades 124.jpg,five of spades,11,train
dataset/five of spades 125.jpg,five of spades,11,train
dataset/five of spades 126.jpg,five of spades,11,test
dataset/five of spades 127.jpg,five of spades,11,train
dataset/five of spades 128.jpg,five of spades,11,train
dataset/five of spades 129.jpg,five of spades,11,train
dataset/five of spades 13.jpg,five of spades,11,train
dataset/five of spades 130.jpg,five of spades,11,train
dataset/five of spades 131.jpg,five of spades,11,train
dataset/five of spades 132.jpg,five of spades,11,test
dataset/five of spades 133.jpg,five of spades,11,test
dataset/five of spades 134.jpg,five of spades,11,train
dataset/five of spades 135.jpg,five of spades,11,train
dataset/five of spades 136.jpg,five of spades,11,train
dataset/five of spades 137.jpg,five of spades,11,train
dataset/five of spades 138.jpg,five of spades,11,train
dataset/five of spades 139.jpg,five of spades,11,val
dataset/five of spades 14.jpg,five of spades,11,train
dataset/five of spades 140.jpg,five of spades,11,train
dataset/five of spades 141.jpg,five of spades,11,train
dataset/five of spades 142.jpg,five of spades,11,train
dataset/five of spades 143.jpg,five of spades,11,test
dataset/five of spades 144.jpg,five of spades,11,train
dataset/five of spades 145.jpg,five of spades,11,val
dataset/five of spades 146.jpg,five of spades,11,train
dataset/five of spades 147.jpg,five of spades,11,train
dataset/five of spades 148.jpg,five of spades,11,train
dataset/five of spades 149.jpg,five of spades,11,test
dataset/five of spades 15.jpg,five of spades,11,train
dataset/five of spades 150.jpg,five of spades,11,train
dataset/five of spades 151.jpg,five of spades,11,train
dataset/five of spades 152.jpg,five of spades,11,train
dataset/five of spades 153.jpg,five of spades,11,train
dataset/five of spades 154.jpg,five of spades,11,train
dataset/five of spades 155.jpg,five of spades,11,train
dataset/five of spades 156.jpg,five of spades,11,val
dataset/five of spades 157.jpg,five of spades,11,train
dataset/five of spades 158.jpg,five of spades,11,train
dataset/five of spades 159.jpg,five of spades,11,val
dataset/five of spades 16.jpg,five of spades,11,train
dataset/five of spades 160.jpg,five of spades,11,train
dataset/five of spades 161.jpg,five of spades,11,train
dataset/five of spades 162.jpg,five of spades,11,test
dataset/five of spades 163.jpg,five of spades,11,train
dataset/five of spades 164.jpg,five of spades,11,test
dataset/five of spades 165.jpg,five of spades,11,train
dataset/five of spades 166.jpg,five of spades,11,train
dataset/five of spades 167.jpg,five of spades,11,test
dataset/five of spades 168.jpg,five of spades,11,train
dataset/five of spades 17.jpg,five of spades,11,train
dataset/five of spades 18.jpg,five of spades,11,train
dataset/five of spades 19.jpg,five of spades,11,train
dataset/five of spades 20.jpg,five of spades,11,val
dataset/five of spades 21.jpg,five of spades,11,train
dataset/five of spades 22.jpg,five of spades,11,train
dataset/five of spades 23.jpg,five of spades,11,test
dataset/five of spades 24.jpg,five of spades,11,val
dataset/five of spades 25.jpg,five of spades,11,train
dataset/five of spades 26.jpg,five of spades,11,train
dataset/five of spades 27.jpg,five of spades,11,train
dataset/five of spades 28.jpg,five of spades,11,train
dataset/five of spades 29.jpg,five of spades,11,train
dataset/five of spades 30.jpg,five of spades,11,val
dataset/five of spades 31.jpg,five of spades,11,train
dataset/five of spades 32.jpg,five of spades,11,test
dataset/five of spades 33.jpg,five of spades,11,train
dataset/five of spades 34.jpg,five of spades,11,train
dataset/five of spades 35.jpg,five of spades,11,train
dataset/five of spades 36.jpg,five of spades,11,train
dataset/five of spades 37.jpg,five of spades,11,train
dataset/five of spades 38.jpg,five of spades,11,train
dataset/five of spades 39.jpg,five of spades,11,train
dataset/five of spades 40.jpg,five of spades,11,train
dataset/five of spades 41.jpg,five of spades,11,train
dataset/five of spades 42.jpg,five of spades,11,train
dataset/five of spades 43.jpg,five of spades,11,train
dataset/five of spades 44.jpg,five of spades,11,train
dataset/five of spades 45.jpg,five of spades,11,train
dataset/five of spades 46.jpg,five of spades,11,train
dataset/five of spades 47.jpg,five of spades,11,test
dataset/five of spades 48.jpg,five of spades,11,train
dataset/five of spades 49.jpg,five of spades,11,train
dataset/five of spades 50.jpg,five of spades,11,val
dataset/five of spades 51.jpg,five of spades,11,train
dataset/five of spades 52.jpg,five of spades,11,train
dataset/five of spades 53.jpg,five of spades,11,train
dataset/five of spades 54.jpg,five of spades,11,train
dataset/five of spades 55.jpg,five of spades,11,val
dataset/five of spades 56.jpg,five of spades,11,train
dataset/five of spades 57.jpg,five of spades,11,test
dataset/five of spades 58.jpg,five of spades,11,val
dataset/five of spades 59.jpg,five of spades,11,train
dataset/five of spades 60.jpg,five of spades,11,train
dataset/five of spades 61.jpg,five of spades,11,test
dataset/five of spades 62.jpg,five of spades,11,test
dataset/five of spades 63.jpg,five of spades,11,train
dataset/five of spades 64.jpg,five of spades,11,train
dataset/five of spades 65.jpg,five of spades,11,train
dataset/five of spades 66.jpg,five of spades,11,train
dataset/five of spades 67.jpg,five of spades,11,train
dataset/five of spades 68.jpg,five of spades,11,val
dataset/five of spades 69.jpg,five of spades,11,train
dataset/five of spades 70.jpg,five of spades,11,train
dataset/five of spades 71.jpg,five of spades,11,train
dataset/five of spades 72.jpg,five of spades,11,test
dataset/five of spades 73.jpg,five of spades,11,train
dataset/five of spades 74.jpg,five of spades,11,train
dataset/five of spades 75.jpg,five of spades,11,train
dataset/five of spades 76.jpg,five of spades,11,train
dataset/five of spades 77.jpg,five of spades,11,train
dataset/five of spades 78.jpg,five of spades,11,train
dataset/five of spades 79.jpg,five of spades,11,train
dataset/five of spades 80.jpg,five of spades,11,train
dataset/five of spades 81.jpg,five of spades,11,test
dataset/five of spades 82.jpg,five of spades,11,train
dataset/five of spades 83.jpg,five of spades,11,test
dataset/five of spades 84.jpg,five of spades,11,val
dataset/five of spades 85.jpg,five of spades,11,train
dataset/five of spades 86.jpg,five of spades,11,train
dataset/five of spades 87.jpg,five of spades,11,train
dataset/five of spades 88.jpg,five of spades,11,train
dataset/five of spades 89.jpg,five of spades,11,train
dataset/five of spades 90.jpg,five of spades,11,test
dataset/five of spades 91.jpg,five of spades,11,val
dataset/five of spades 92.jpg,five of spades,11,train
dataset/five of spades 93.jpg,five of spades,11,train
dataset/five of spades 94.jpg,five of spades,11,train
dataset/five of spades 95.jpg,five of spades,11,val
dataset/five of spades 96.jpg,five of spades,11,train
dataset/five of spades 97.jpg,five of spades,11,test
dataset/five of spades 98.jpg,five of spades,11,train
dataset/five of spades 99.jpg,five of spades,11,val
dataset/four of clubs 01.jpg,four of clubs,12,train
dataset/four of clubs 02.jpg,four of clubs,12,train
dataset/four of clubs 03.jpg,four of clubs,12,test
dataset/four of clubs 04.jpg,four of clubs,12,val
dataset/four of clubs 05.jpg,four of clubs,12,train
dataset/four of clubs 06.jpg,four of clubs,12,val
dataset/four of clubs 07.jpg,four of clubs,12,train
dataset/four of clubs 08.jpg,four of clubs,12,train
dataset/four of clubs 09.jpg,four of clubs,12,train
dataset/four of clubs 10.jpg,four of clubs,12,train
dataset/four of clubs 100.jpg,four of clubs,12,train
dataset/four of clubs 101.jpg,four of clubs,12,val
dataset/four of clubs 102.jpg,four of clubs,12,train
dataset/four of clubs 103.jpg,four of clubs,12,train
dataset/four of clubs 104.jpg,four of clubs,12,test
dataset/four of clubs 105.jpg,four of clubs,12,train
dataset/four of clubs 106.jpg,four of clubs,12,train
dataset/four of clubs 107.jpg,four of clubs,12,test
dataset/four of clubs 108.jpg,four of clubs,12,train
dataset/four of clubs 109.jpg,four of clubs,12,val
dataset/four of clubs 11.jpg,four of clubs,12,val
dataset/four of clubs 110.jpg,four of clubs,12,train
dataset/four of clubs 111.jpg,four of clubs,12,train
dataset/four of clubs 112.jpg,four of clubs,12,test
dataset/four of clubs 113.jpg,four of clubs,12,train
dataset/four of clubs 114.jpg,four of clubs,12,train
dataset/four of clubs 115.jpg,four of clubs,12,train
dataset/four of clubs 116.jpg,four of clubs,12,train
dataset/four of clubs 117.jpg,four of clubs,12,train
dataset/four of clubs 118.jpg,four of clubs,12,train
dataset/four of clubs 119.jpg,four of clubs,12,train
dataset/four of clubs 12.jpg,four of clubs,12,val
dataset/four of clubs 120.jpg,four of clubs,12,train
dataset/four of clubs 121.jpg,four of clubs,12,train
dataset/four of clubs 122.jpg,four of clubs,12,test
dataset/four of clubs 123.jpg,four of clubs,12,train
dataset/four of clubs 124.jpg,four of clubs,12,test
dataset/four of clubs 125.jpg,four of clubs,12,train
dataset/four of clubs 126.jpg,four of clubs,12,val
dataset/four of clubs 128.jpg,four of clubs,12,val
dataset/four of clubs 129.jpg,four of clubs,12,train
dataset/four of clubs 13.jpg,four of clubs,12,train
dataset/four of clubs 130.jpg,four of clubs,12,train
dataset/four of clubs 131.jpg,four of clubs,12,test
dataset/four of clubs 132.jpg,four of clubs,12,train
dataset/four of clubs 133.jpg,four of clubs,12,train
dataset/four of clubs 134.jpg,four of clubs,12,train
dataset/four of clubs 135.jpg,four of clubs,12,train
dataset/four of clubs 136.jpg,four of clubs,12,test
dataset/four of clubs 137.jpg,four of clubs,12,val
dataset/four of clubs 138.jpg,four of clubs,12,val
dataset/four of clubs 139.jpg,four of clubs,12,train
dataset/four of clubs 14.jpg,four of clubs,12,test
dataset/four of clubs 140.jpg,four of clubs,12,train
dataset/four of clubs 141.jpg,four of clubs,12,train
dataset/four of clubs 142.jpg,four of clubs,12,val
dataset/four of clubs 143.jpg,four of clubs,12,train
dataset/four of clubs 144.jpg,four of clubs,12,val
dataset/four of clubs 145.jpg,four of clubs,12,test
dataset/four of clubs 146.jpg,four of clubs,12,train
dataset/four of clubs 147.jpg,four of clubs,12,train
dataset/four of clubs 148.jpg,four of clubs,12,train
dataset/four of clubs 149.jpg,four of clubs,12,train
dataset/four of clubs 15.jpg,four of clubs,12,train
dataset/four of clubs 150.jpg,four of clubs,12,train
dataset/four of clubs 151.jpg,four of clubs,12,val
dataset/four of clubs 152.jpg,four of clubs,12,train
dataset/four of clubs 153.jpg,four of clubs,12,train
dataset/four of clubs 154.jpg,four of clubs,12,train
dataset/four of clubs 155.jpg,four of clubs,12,train
dataset/four of clubs 156.jpg,four of clubs,12,train
dataset/four of clubs 157.jpg,four of clubs,12,train
dataset/four of clubs 158.jpg,four of clubs,12,train
dataset/four of clubs 159.jpg,four of clubs,12,train
dataset/four of clubs 16.jpg,four of clubs,12,train
dataset/four of clubs 160.jpg,four of clubs,12,test
dataset/four of clubs 161.jpg,four of clubs,12,train
dataset/four of clubs 162.jpg,four of clubs,12,train
dataset/four of clubs 163.jpg,four of clubs,12,test
dataset/four of clubs 164.jpg,four of clubs,12,train
dataset/four of clubs 165.jpg,four of clubs,12,train
dataset/four of clubs 166.jpg,four of clubs,12,val
dataset/four of clubs 167.jpg,four of clubs,12,train
dataset/four of clubs 17.jpg,four of clubs,12,train
dataset/four of clubs 18.jpg,four of clubs,12,train
dataset/four of clubs 19.jpg,four of clubs,12,train
dataset/four of clubs 20.jpg,four of clubs,12,train
dataset/four of clubs 21.jpg,four of clubs,12,train
dataset/four of clubs 22.jpg,four of clubs,12,train
dataset/four of clubs 23.jpg,four of clubs,12,train
dataset/four of clubs 24.jpg,four of clubs,12,train
dataset/four of clubs 25.jpg,four of clubs,12,train
dataset/four of clubs 26.jpg,four of clubs,12,val
dataset/four of clubs 27.jpg,four of clubs,12,val
dataset/four of clubs 28.jpg,four of clubs,12,train
dataset/four of clubs 29.jpg,four of clubs,12,test
dataset/four of clubs 30.jpg,four of clubs,12,val
dataset/four of clubs 31.jpg,four of clubs,12,val
dataset/four of clubs 32.jpg,four of clubs,12,test
dataset/four of clubs 33.jpg,four of clubs,12,train
dataset/four of clubs 34.jpg,four of clubs,12,train
dataset/four of clubs 35.jpg,four of clubs,12,train
dataset/four of clubs 36.jpg,four of clubs,12,train
dataset/four of clubs 37.jpg,four of clubs,12,train
dataset/four of clubs 38.jpg,four of clubs,12,test
dataset/four of clubs 39.jpg,four of clubs,12,train
dataset/four of clubs 40.jpg,four of clubs,12,train
dataset/four of clubs 41.jpg,four of clubs,12,val
dataset/four of clubs 42.jpg,four of clubs,12,test
dataset/four of clubs 43.jpg,four of clubs,12,train
dataset/four of clubs 44.jpg,four of clubs,12,train
dataset/four of clubs 45.jpg,four of clubs,12,train
dataset/four of clubs 46.jpg,four of clubs,12,train
dataset/four of clubs 47.jpg,four of clubs,12,train
dataset/four of clubs 48.jpg,four of clubs,12,test
dataset/four of clubs 49.jpg,four of clubs,12,train
dataset/four of clubs 50.jpg,four of clubs,12,test
dataset/four of clubs 51.jpg,four of clubs,12,test
dataset/four of clubs 52.jpg,four of clubs,12,test
dataset/four of clubs 53.jpg,four of clubs,12,train
dataset/four of clubs 54.jpg,four of clubs,12,train
dataset/four of clubs 55.jpg,four of clubs,12,train
dataset/four of clubs 56.jpg,four of clubs,12,train
dataset/four of clubs 57.jpg,four of clubs,12,train
dataset/four of clubs 58.jpg,four of clubs,12,test
dataset/four of clubs 59.jpg,four of clubs,12,val
dataset/four of clubs 60.jpg,four of clubs,12,train
dataset/four of clubs 61.jpg,four of clubs,12,train
dataset/four of clubs 62.jpg,four of clubs,12,train
dataset/four of clubs 63.jpg,four of clubs,12,train
dataset/four of clubs 64.jpg,four of clubs,12,test
dataset/four of clubs 65.jpg,four of clubs,12,train
dataset/four of clubs 66.jpg,four of clubs,12,train
dataset/four of clubs 67.jpg,four of clubs,12,train
dataset/four of clubs 68.jpg,four of clubs,12,test
dataset/four of clubs 69.jpg,four of clubs,12,val
dataset/four of clubs 70.jpg,four of clubs,12,train
dataset/four of clubs 71.jpg,four of clubs,12,train
dataset/four of clubs 72.jpg,four of clubs,12,train
dataset/four of clubs 73.jpg,four of clubs,12,train
dataset/four of clubs 74.jpg,four of clubs,12,train
dataset/four of clubs 75.jpg,four of clubs,12,train
dataset/four of clubs 76.jpg,four of clubs,12,train
dataset/four of clubs 77.jpg,four of clubs,12,train
dataset/four of clubs 78.jpg,four of clubs,12,train
dataset/four of clubs 79.jpg,four of clubs,12,val
dataset/four of clubs 80.jpg,four of clubs,12,train
dataset/four of clubs 81.jpg,four of clubs,12,train
dataset/four of clubs 82.jpg,four of clubs,12,val
dataset/four of clubs 83.jpg,four of clubs,12,val
dataset/four of clubs 84.jpg,four of clubs,12,train
dataset/four of clubs 85.jpg,four of clubs,12,train
dataset/four of clubs 86.jpg,four of clubs,12,train
dataset/four of clubs 87.jpg,four of clubs,12,test
dataset/four of clubs 88.jpg,four of clubs,12,train
dataset/four of clubs 89.jpg,four of clubs,12,test
dataset/four of clubs 90.jpg,four of clubs,12,val
dataset/four of clubs 91.jpg,four of clubs,12,train
dataset/four of clubs 92.jpg,four of clubs,12,train
dataset/four of clubs 93.jpg,four of clubs,12,train
dataset/four of clubs 94.jpg,four of clubs,12,train
dataset/four of clubs 95.jpg,four of clubs,12,train
dataset/four of clubs 96.jpg,four of clubs,12,train
dataset/four of clubs 97.jpg,four of clubs,12,train
dataset/four of clubs 98.jpg,four of clubs,12,train
dataset/four of clubs 99.jpg,four of clubs,12,train
dataset/four of diamonds 01.jpg,four of diamonds,13,test
dataset/four of diamonds 02.jpg,four of diamonds,13,train
dataset/four of diamonds 03.jpg,four of diamonds,13,train
dataset/four of diamonds 04.jpg,four of diamonds,13,train
dataset/four of diamonds 05.jpg,four of diamonds,13,train
dataset/four of diamonds 06.jpg,four of diamonds,13,train
dataset/four of diamonds 07.jpg,four of diamonds,13,train
dataset/four of diamonds 08.jpg,four of diamonds,13,val
dataset/four of diamonds 09.jpg,four of diamonds,13,train
dataset/four of diamonds 10.jpg,four of diamonds,13,train
dataset/four of diamonds 100.jpg,four of diamonds,13,train
dataset/four of diamonds 101.jpg,four of diamonds,13,train
dataset/four of diamonds 102.jpg,four of diamonds,13,train
dataset/four of diamonds 103.jpg,four of diamonds,13,val
dataset/four of diamonds 104.jpg,four of diamonds,13,train
dataset/four of diamonds 105.jpg,four of diamonds,13,train
dataset/four of diamonds 106.jpg,four of diamonds,13,val
dataset/four of diamonds 107.jpg,four of diamonds,13,train
dataset/four of diamonds 108.jpg,four of diamonds,13,test
dataset/four of diamonds 109.jpg,four of diamonds,13,train
dataset/four of diamonds 11.jpg,four of diamonds,13,train
dataset/four of diamonds 110.jpg,four of diamonds,13,train
dataset/four of diamonds 111.jpg,four of diamonds,13,train
dataset/four of diamonds 112.jpg,four of diamonds,13,train
dataset/four of diamonds 113.jpg,four of diamonds,13,train
dataset/four of diamonds 114.jpg,four of diamonds,13,val
dataset/four of diamonds 115.jpg,four of diamonds,13,train
dataset/four of diamonds 116.jpg,four of diamonds,13,train
dataset/four of diamonds 117.jpg,four of diamonds,13,train
dataset/four of diamonds 118.jpg,four of diamonds,13,test
dataset/four of diamonds 119.jpg,four of diamonds,13,test
dataset/four of diamonds 12.jpg,four of diamonds,13,train
dataset/four of diamonds 120.jpg,four of diamonds,13,test
dataset/four of diamonds 121.jpg,four of diamonds,13,test
dataset/four of diamonds 122.jpg,four of diamonds,13,train
dataset/four of diamonds 123.jpg,four of diamonds,13,train
dataset/four of diamonds 124.jpg,four of diamonds,13,train
dataset/four of diamonds 13.jpg,four of diamonds,13,train
dataset/four of diamonds 14.jpg,four of diamonds,13,train
dataset/four of diamonds 15.jpg,four of diamonds,13,train
dataset/four of diamonds 16.jpg,four of diamonds,13,train
dataset/four of diamonds 17.jpg,four of diamonds,13,train
dataset/four of diamonds 18.jpg,four of diamonds,13,val
dataset/four of diamonds 19.jpg,four of diamonds,13,train
dataset/four of diamonds 20.jpg,four of diamonds,13,train
dataset/four of diamonds 21.jpg,four of diamonds,13,val
dataset/four of diamonds 22.jpg,four of diamonds,13,val
dataset/four of diamonds 23.jpg,four of diamonds,13,test
dataset/four of diamonds 24.jpg,four of diamonds,13,train
dataset/four of diamonds 25.jpg,four of diamonds,13,train
dataset/four of diamonds 26.jpg,four of diamonds,13,train
dataset/four of diamonds 27.jpg,four of diamonds,13,train
dataset/four of diamonds 28.jpg,four of diamonds,13,test
dataset/four of diamonds 29.jpg,four of diamonds,13,train
dataset/four of diamonds 30.jpg,four of diamonds,13,val
dataset/four of diamonds 31.jpg,four of diamonds,13,train
dataset/four of diamonds 32.jpg,four of diamonds,13,train
dataset/four of diamonds 33.jpg,four of diamonds,13,train
dataset/four of diamonds 34.jpg,four of diamonds,13,train
dataset/four of diamonds 35.jpg,four of diamonds,13,train
dataset/four of diamonds 36.jpg,four of diamonds,13,train
dataset/four of diamonds 37.jpg,four of diamonds,13,val
dataset/four of diamonds 38.jpg,four of diamonds,13,test
dataset/four of diamonds 39.jpg,four of diamonds,13,test
dataset/four of diamonds 40.jpg,four of diamonds,13,val
dataset/four of diamonds 41.jpg,four of diamonds,13,test
dataset/four of diamonds 42.jpg,four of diamonds,13,train
dataset/four of diamonds 43.jpg,four of diamonds,13,val
dataset/four of diamonds 44.jpg,four of diamonds,13,test
dataset/four of diamonds 45.jpg,four of diamonds,13,test
dataset/four of diamonds 46.jpg,four of diamonds,13,train
dataset/four of diamonds 47.jpg,four of diamonds,13,val
dataset/four of diamonds 48.jpg,four of diamonds,13,train
dataset/four of diamonds 49.jpg,four of diamonds,13,test
dataset/four of diamonds 50.jpg,four of diamonds,13,train
dataset/four of diamonds 51.jpg,four of diamonds,13,test
dataset/four of diamonds 52.jpg,four of diamonds,13,train
dataset/four of diamonds 53.jpg,four of diamonds,13,train
dataset/four of diamonds 54.jpg,four of diamonds,13,train
dataset/four of diamonds 55.jpg,four of diamonds,13,test
dataset/four of diamonds 56.jpg,four of diamonds,13,train
dataset/four of diamonds 57.jpg,four of diamonds,13,val
dataset/four of diamonds 58.jpg,four of diamonds,13,train
dataset/four of diamonds 59.jpg,four of diamonds,13,train
dataset/four of diamonds 60.jpg,four of diamonds,13,train
dataset/four of diamonds 61.jpg,four of diamonds,13,train
dataset/four of diamonds 62.jpg,four of diamonds,13,train
dataset/four of diamonds 63.jpg,four of diamonds,13,train
dataset/four of diamonds 64.jpg,four of diamonds,13,val
dataset/four of diamonds 65.jpg,four of diamonds,13,val
dataset/four of diamonds 66.jpg,four of diamonds,13,test
dataset/four of diamonds 67.jpg,four of diamonds,13,test
dataset/four of diamonds 68.jpg,four of diamonds,13,train
dataset/four of diamonds 69.jpg,four of diamonds,13,train
dataset/four of diamonds 70.jpg,four of diamonds,13,train
dataset/four of diamonds 71.jpg,four of diamonds,13,train
dataset/four of diamonds 72.jpg,four of diamonds,13,train
dataset/four of diamonds 73.jpg,four of diamonds,13,train
dataset/four of diamonds 74.jpg,four of diamonds,13,train
dataset/four of diamonds 75.jpg,four of diamonds,13,train
dataset/four of diamonds 76.jpg,four of diamonds,13,train
dataset/four of diamonds 77.jpg,four of diamonds,13,train
dataset/four of diamonds 78.jpg,four of diamonds,13,train
dataset/four of diamonds 79.jpg,four of diamonds,13,val
dataset/four of diamonds 80.jpg,four of diamonds,13,train
dataset/four of diamonds 81.jpg,four of diamonds,13,train
dataset/four of diamonds 82.jpg,four of diamonds,13,train
dataset/four of diamonds 83.jpg,four of diamonds,13,train
dataset/four of diamonds 84.jpg,four of diamonds,13,train
dataset/four of diamonds 85.jpg,four of diamonds,13,train
dataset/four of diamonds 86.jpg,four of diamonds,13,train
dataset/four of diamonds 87.jpg,four of diamonds,13,train
dataset/four of diamonds 88.jpg,four of diamonds,13,train
dataset/four of diamonds 89.jpg,four of diamonds,13,val
dataset/four of diamonds 90.jpg,four of diamonds,13,train
dataset/four of diamonds 91.jpg,four of diamonds,13,train
dataset/four of diamonds 92.jpg,four of diamonds,13,train
dataset/four of diamonds 93.jpg,four of diamonds,13,train
dataset/four of diamonds 94.jpg,four of diamonds,13,test
dataset/four of diamonds 95.jpg,four of diamonds,13,val
dataset/four of diamonds 96.jpg,four of diamonds,13,train
dataset/four of diamonds 97.jpg,four of diamonds,13,train
dataset/four of diamonds 98.jpg,four of diamonds,13,train
dataset/four of diamonds 99.jpg,four of diamonds,13,train
dataset/four of hearts 01.jpg,four of hearts,14,train
dataset/four of hearts 02.jpg,four of hearts,14,val
dataset/four of hearts 03.jpg,four of hearts,14,train
dataset/four of hearts 04.jpg,four of hearts,14,train
dataset/four of hearts 05.jpg,four of hearts,14,train
dataset/four of hearts 06.jpg,four of hearts,14,train
dataset/four of hearts 07.jpg,four of hearts,14,test
dataset/four of hearts 08.jpg,four of hearts,14,train
dataset/four of hearts 09.jpg,four of hearts,14,test
dataset/four of hearts 10.jpg,four of hearts,14,val
dataset/four of hearts 100.jpg,four of hearts,14,train
dataset/four of hearts 101.jpg,four of hearts,14,train
dataset/four of hearts 102.jpg,four of hearts,14,train
dataset/four of hearts 103.jpg,four of hearts,14,train
dataset/four of hearts 104.jpg,four of hearts,14,test
dataset/four of hearts 105.jpg,four of hearts,14,train
dataset/four of hearts 106.jpg,four of hearts,14,train
dataset/four of hearts 107.jpg,four of hearts,14,train
dataset/four of hearts 108.jpg,four of hearts,14,train
dataset/four of hearts 109.jpg,four of hearts,14,train
dataset/four of hearts 11.jpg,four of hearts,14,test
dataset/four of hearts 110.jpg,four of hearts,14,train
dataset/four of hearts 111.jpg,four of hearts,14,train
dataset/four of hearts 112.jpg,four of hearts,14,test
dataset/four of hearts 113.jpg,four of hearts,14,train
dataset/four of hearts 114.jpg,four of hearts,14,test
dataset/four of hearts 115.jpg,four of hearts,14,val
dataset/four of hearts 116.jpg,four of hearts,14,train
dataset/four of hearts 117.jpg,four of hearts,14,train
dataset/four of hearts 118.jpg,four of hearts,14,train
dataset/four of hearts 119.jpg,four of hearts,14,train
dataset/four of hearts 12.jpg,four of hearts,14,train
dataset/four of hearts 120.jpg,four of hearts,14,train
dataset/four of hearts 121.jpg,four of hearts,14,train
dataset/four of hearts 122.jpg,four of hearts,14,val
dataset/four of hearts 123.jpg,four of hearts,14,test
dataset/four of hearts 124.jpg,four of hearts,14,train
dataset/four of hearts 125.jpg,four of hearts,14,train
dataset/four of hearts 126.jpg,four of hearts,14,val
dataset/four of hearts 127.jpg,four of hearts,14,train
dataset/four of hearts 128.jpg,four of hearts,14,train
dataset/four of hearts 129.jpg,four of hearts,14,val
dataset/four of hearts 13.jpg,four of hearts,14,train
dataset/four of hearts 130.jpg,four of hearts,14,train
dataset/four of hearts 131.jpg,four of hearts,14,train
dataset/four of hearts 132.jpg,four of hearts,14,train
dataset/four of hearts 133.jpg,four of hearts,14,test
dataset/four of hearts 134.jpg,four of hearts,14,train
dataset/four of hearts 135.jpg,four of hearts,14,val
dataset/four of hearts 136.jpg,four of hearts,14,train
dataset/four of hearts 137.jpg,four of hearts,14,train
dataset/four of hearts 138.jpg,four of hearts,14,train
dataset/four of hearts 139.jpg,four of hearts,14,train
dataset/four of hearts 14.jpg,four of hearts,14,val
dataset/four of hearts 140.jpg,four of hearts,14,train
dataset/four of hearts 141.jpg,four of hearts,14,test
dataset/four of hearts 142.jpg,four of hearts,14,train
dataset/four of hearts 143.jpg,four of hearts,14,train
dataset/four of hearts 144.jpg,four of hearts,14,train
dataset/four of hearts 145.jpg,four of hearts,14,train
dataset/four of hearts 146.jpg,four of hearts,14,train
dataset/four of hearts 147.jpg,four of hearts,14,train
dataset/four of hearts 148.jpg,four of hearts,14,train
dataset/four of hearts 149.jpg,four of hearts,14,train
dataset/four of hearts 15.jpg,four of hearts,14,train
dataset/four of hearts 150.jpg,four of hearts,14,train
dataset/four of hearts 151.jpg,four of hearts,14,train
dataset/four of hearts 152.jpg,four of hearts,14,train
dataset/four of hearts 153.jpg,four of hearts,14,train
dataset/four of hearts 154.jpg,four of hearts,14,train
dataset/four of hearts 155.jpg,four of hearts,14,val
dataset/four of hearts 156.jpg,four of hearts,14,val
dataset/four of hearts 157.jpg,four of hearts,14,train
dataset/four of hearts 158.jpg,four of hearts,14,test
dataset/four of hearts 159.jpg,four of hearts,14,train
dataset/four of hearts 16.jpg,four of hearts,14,train
dataset/four of hearts 160.jpg,four of hearts,14,val
dataset/four of hearts 161.jpg,four of hearts,14,train
dataset/four of hearts 162.jpg,four of hearts,14,train
dataset/four of hearts 163.jpg,four of hearts,14,test
dataset/four of hearts 164.jpg,four of hearts,14,train
dataset/four of hearts 17.jpg,four of hearts,14,train
dataset/four of hearts 18.jpg,four of hearts,14,train
dataset/four of hearts 19.jpg,four of hearts,14,test
dataset/four of hearts 20.jpg,four of hearts,14,train
dataset/four of hearts 21.jpg,four of hearts,14,val
dataset/four of hearts 22.jpg,four of hearts,14,train
dataset/four of hearts 23.jpg,four of hearts,14,val
dataset/four of hearts 24.jpg,four of hearts,14,val
dataset/four of hearts 25.jpg,four of hearts,14,test
dataset/four of hearts 26.jpg,four of hearts,14,train
dataset/four of hearts 27.jpg,four of hearts,14,val
dataset/four of hearts 28.jpg,four of hearts,14,train
dataset/four of hearts 29.jpg,four of hearts,14,test
dataset/four of hearts 30.jpg,four of hearts,14,test
dataset/four of hearts 31.jpg,four of hearts,14,train
dataset/four of hearts 32.jpg,four of hearts,14,train
dataset/four of hearts 33.jpg,four of hearts,14,train
dataset/four of hearts 34.jpg,four of hearts,14,train
dataset/four of hearts 35.jpg,four of hearts,14,train
dataset/four of hearts 36.jpg,four of hearts,14,train
dataset/four of hearts 37.jpg,four of hearts,14,train
dataset/four of hearts 38.jpg,four of hearts,14,train
dataset/four of hearts 39.jpg,four of hearts,14,train
dataset/four of hearts 40.jpg,four of hearts,14,train
dataset/four of hearts 41.jpg,four of hearts,14,val
dataset/four of hearts 42.jpg,four of hearts,14,train
dataset/four of hearts 43.jpg,four of hearts,14,val
dataset/four of hearts 44.jpg,four of hearts,14,train
dataset/four of hearts 45.jpg,four of hearts,14,train
dataset/four of hearts 46.jpg,four of hearts,14,train
dataset/four of hearts 47.jpg,four of hearts,14,train
dataset/four of hearts 48.jpg,four of hearts,14,train
dataset/four of hearts 49.jpg,four of hearts,14,train
dataset/four of hearts 50.jpg,four of hearts,14,train
dataset/four of hearts 51.jpg,four of hearts,14,train
dataset/four of hearts 52.jpg,four of hearts,14,train
dataset/four of hearts 53.jpg,four of hearts,14,val
dataset/four of hearts 54.jpg,four of hearts,14,test
dataset/four of hearts 55.jpg,four of hearts,14,test
dataset/four of hearts 56.jpg,four of hearts,14,train
dataset/four of hearts 57.jpg,four of hearts,14,train
dataset/four of hearts 58.jpg,four of hearts,14,val
dataset/four of hearts 59.jpg,four of hearts,14,train
dataset/four of hearts 60.jpg,four of hearts,14,train
dataset/four of hearts 61.jpg,four of hearts,14,val
dataset/four of hearts 62.jpg,four of hearts,14,train
dataset/four of hearts 63.jpg,four of hearts,14,train
dataset/four of hearts 64.jpg,four of hearts,14,test
dataset/four of hearts 65.jpg,four of hearts,14,train
dataset/four of hearts 66.jpg,four of hearts,14,train
dataset/four of hearts 67.jpg,four of hearts,14,test
dataset/four of hearts 68.jpg,four of hearts,14,train
dataset/four of hearts 69.jpg,four of hearts,14,train
dataset/four of hearts 70.jpg,four of hearts,14,train
dataset/four of hearts 71.jpg,four of hearts,14,test
dataset/four of hearts 72.jpg,four of hearts,14,train
dataset/four of hearts 73.jpg,four of hearts,14,train
dataset/four of hearts 74.jpg,four of hearts,14,test
dataset/four of hearts 75.jpg,four of hearts,14,train
dataset/four of hearts 76.jpg,four of hearts,14,val
dataset/four of hearts 77.jpg,four of hearts,14,test
dataset/four of hearts 78.jpg,four of hearts,14,train
dataset/four of hearts 79.jpg,four of hearts,14,val
dataset/four of hearts 80.jpg,four of hearts,14,train
dataset/four of hearts 81.jpg,four of hearts,14,val
dataset/four of hearts 82.jpg,four of hearts,14,train
dataset/four of hearts 83.jpg,four of hearts,14,train
dataset/four of hearts 84.jpg,four of hearts,14,train
dataset/four of hearts 85.jpg,four of hearts,14,val
dataset/four of hearts 86.jpg,four of hearts,14,train
dataset/four of hearts 87.jpg,four of hearts,14,train
dataset/four of hearts 88.jpg,four of hearts,14,train
dataset/four of hearts 89.jpg,four of hearts,14,train
dataset/four of hearts 90.jpg,four of hearts,14,train
dataset/four of hearts 91.jpg,four of hearts,14,test
dataset/four of hearts 92.jpg,four of hearts,14,test
dataset/four of hearts 93.jpg,four of hearts,14,test
dataset/four of hearts 94.jpg,four of hearts,14,train
dataset/four of hearts 95.jpg,four of hearts,14,train
dataset/four of hearts 96.jpg,four of hearts,14,train
dataset/four of hearts 97.jpg,four of hearts,14,train
dataset/four of hearts 98.jpg,four of hearts,14,train
dataset/four of hearts 99.jpg,four of hearts,14,train
dataset/four of spades 01.jpg,four of spades,15,train
dataset/four of spades 02.jpg,four of spades,15,val
dataset/four of spades 03.jpg,four of spades,15,train
dataset/four of spades 04.jpg,four of spades,15,train
dataset/four of spades 05.jpg,four of spades,15,test
dataset/four of spades 06.jpg,four of spades,15,val
dataset/four of spades 07.jpg,four of spades,15,train
dataset/four of spades 08.jpg,four of spades,15,train
dataset/four of spades 09.jpg,four of spades,15,train
dataset/four of spades 10.jpg,four of spades,15,train
dataset/four of spades 100.jpg,four of spades,15,train
dataset/four of spades 101.jpg,four of spades,15,test
dataset/four of spades 102.jpg,four of spades,15,train
dataset/four of spades 103.jpg,four of spades,15,train
dataset/four of spades 104.jpg,four of spades,15,val
dataset/four of spades 105.jpg,four of spades,15,test
dataset/four of spades 106.jpg,four of spades,15,train
dataset/four of spades 107.jpg,four of spades,15,train
dataset/four of spades 108.jpg,four of spades,15,train
dataset/four of spades 109.jpg,four of spades,15,train
dataset/four of spades 11.jpg,four of spades,15,train
dataset/four of spades 110.jpg,four of spades,15,val
dataset/four of spades 111.jpg,four of spades,15,test
dataset/four of spades 112.jpg,four of spades,15,train
dataset/four of spades 113.jpg,four of spades,15,train
dataset/four of spades 114.jpg,four of spades,15,val
dataset/four of spades 115.jpg,four of spades,15,train
dataset/four of spades 116.jpg,four of spades,15,train
dataset/four of spades 117.jpg,four of spades,15,train
dataset/four of spades 118.jpg,four of spades,15,test
dataset/four of spades 119.jpg,four of spades,15,train
dataset/four of spades 12.jpg,four of spades,15,test
dataset/four of spades 121.jpg,four of spades,15,train
dataset/four of spades 122.jpg,four of spades,15,train
dataset/four of spades 123.jpg,four of spades,15,test
dataset/four of spades 124.jpg,four of spades,15,test
dataset/four of spades 125.jpg,four of spades,15,train
dataset/four of spades 126.jpg,four of spades,15,test
dataset/four of spades 127.jpg,four of spades,15,train
dataset/four of spades 128.jpg,four of spades,15,train
dataset/four of spades 129.jpg,four of spades,15,train
dataset/four of spades 13.jpg,four of spades,15,train
dataset/four of spades 130.jpg,four of spades,15,test
dataset/four of spades 131.jpg,four of spades,15,train
dataset/four of spades 132.jpg,four of spades,15,train
dataset/four of spades 133.jpg,four of spades,15,train
dataset/four of spades 134.jpg,four of spades,15,train
dataset/four of spades 135.jpg,four of spades,15,train
dataset/four of spades 136.jpg,four of spades,15,val
dataset/four of spades 137.jpg,four of spades,15,train
dataset/four of spades 138.jpg,four of spades,15,train
dataset/four of spades 139.jpg,four of spades,15,test
dataset/four of spades 14.jpg,four of spades,15,train
dataset/four of spades 140.jpg,four of spades,15,train
dataset/four of spades 141.jpg,four of spades,15,val
dataset/four of spades 142.jpg,four of spades,15,train
dataset/four of spades 143.jpg,four of spades,15,train
dataset/four of spades 144.jpg,four of spades,15,train
dataset/four of spades 145.jpg,four of spades,15,train
dataset/four of spades 146.jpg,four of spades,15,test
dataset/four of spades 147.jpg,four of spades,15,train
dataset/four of spades 148.jpg,four of spades,15,val
dataset/four of spades 149.jpg,four of spades,15,train
dataset/four of spades 15.jpg,four of spades,15,train
dataset/four of spades 150.jpg,four of spades,15,val
dataset/four of spades 16.jpg,four of spades,15,test
dataset/four of spades 17.jpg,four of spades,15,val
dataset/four of spades 18.jpg,four of spades,15,val
dataset/four of spades 19.jpg,four of spades,15,train
dataset/four of spades 20.jpg,four of spades,15,train
dataset/four of spades 21.jpg,four of spades,15,train
dataset/four of spades 22.jpg,four of spades,15,train
dataset/four of spades 23.jpg,four of spades,15,val
dataset/four of spades 24.jpg,four of spades,15,train
dataset/four of spades 25.jpg,four of spades,15,test
dataset/four of spades 26.jpg,four of spades,15,train
dataset/four of spades 27.jpg,four of spades,15,train
dataset/four of spades 28.jpg,four of spades,15,train
dataset/four of spades 29.jpg,four of spades,15,train
dataset/four of spades 30.jpg,four of spades,15,train
dataset/four of spades 31.jpg,four of spades,15,train
dataset/four of spades 32.jpg,four of spades,15,val
dataset/four of spades 33.jpg,four of spades,15,train
dataset/four of spades 34.jpg,four of spades,15,val
dataset/four of spades 35.jpg,four of spades,15,val
dataset/four of spades 36.jpg,four of spades,15,test
dataset/four of spades 37.jpg,four of spades,15,train
dataset/four of spades 38.jpg,four of spades,15,train
dataset/four of spades 39.jpg,four of spades,15,train
dataset/four of spades 40.jpg,four of spades,15,train
dataset/four of spades 41.jpg,four of spades,15,val
dataset/four of spades 42.jpg,four of spades,15,val
dataset/four of spades 43.jpg,four of spades,15,train
dataset/four of spades 44.jpg,four of spades,15,train
dataset/four of spades 45.jpg,four of spades,15,train
dataset/four of spades 46.jpg,four of spades,15,train
dataset/four of spades 47.jpg,four of spades,15,train
dataset/four of spades 48.jpg,four of spades,15,train
dataset/four of spades 49.jpg,four of spades,15,train
dataset/four of spades 50.jpg,four of spades,15,train
dataset/four of spades 51.jpg,four of spades,15,val
dataset/four of spades 52.jpg,four of spades,15,train
dataset/four of spades 53.jpg,four of spades,15,train
dataset/four of spades 54.jpg,four of spades,15,val
dataset/four of spades 55.jpg,four of spades,15,test
dataset/four of spades 56.jpg,four of spades,15,test
dataset/four of spades 57.jpg,four of spades,15,train
dataset/four of spades 58.jpg,four of spades,15,val
dataset/four of spades 59.jpg,four of spades,15,train
dataset/four of spades 60.jpg,four of spades,15,train
dataset/four of spades 61.jpg,four of spades,15,train
dataset/four of spades 62.jpg,four of spades,15,train
dataset/four of spades 63.jpg,four of spades,15,train
dataset/four of spades 64.jpg,four of spades,15,test
dataset/four of spades 65.jpg,four of spades,15,val
dataset/four of spades 66.jpg,four of spades,15,train
dataset/four of spades 67.jpg,four of spades,15,train
dataset/four of spades 68.jpg,four of spades,15,val
dataset/four of spades 69.jpg,four of spades,15,train
dataset/four of spades 70.jpg,four of spades,15,train
dataset/four of spades 71.jpg,four of spades,15,test
dataset/four of spades 72.jpg,four of spades,15,train
dataset/four of spades 73.jpg,four of spades,15,train
dataset/four of spades 74.jpg,four of spades,15,train
dataset/four of spades 75.jpg,four of spades,15,train
dataset/four of spades 76.jpg,four of spades,15,train
dataset/four of spades 77.jpg,four of spades,15,train
dataset/four of spades 78.jpg,four of spades,15,train
dataset/four of spades 79.jpg,four of spades,15,train
dataset/four of spades 80.jpg,four of spades,15,train
dataset/four of spades 81.jpg,four of spades,15,train
dataset/four of spades 82.jpg,four of spades,15,train
dataset/four of spades 83.jpg,four of spades,15,train
dataset/four of spades 84.jpg,four of spades,15,train
dataset/four of spades 85.jpg,four of spades,15,train
dataset/four of spades 86.jpg,four of spades,15,train
dataset/four of spades 87.jpg,four of spades,15,train
dataset/four of spades 88.jpg,four of spades,15,train
dataset/four of spades 89.jpg,four of spades,15,train
dataset/four of spades 90.jpg,four of spades,15,val
dataset/four of spades 91.jpg,four of spades,15,test
dataset/four of spades 92.jpg,four of spades,15,train
dataset/four of spades 93.jpg,four of spades,15,train
dataset/four of spades 94.jpg,four of spades,15,train
dataset/four of spades 95.jpg,four of spades,15,train
dataset/four of spades 96.jpg,four of spades,15,test
dataset/four of spades 97.jpg,four of spades,15,train
dataset/four of spades 98.jpg,four of spades,15,train
dataset/four of spades 99.jpg,four of spades,15,test
dataset/jack of clubs 01.jpg,jack of clubs,16,train
dataset/jack of clubs 02.jpg,jack of clubs,16,train
dataset/jack of clubs 03.jpg,jack of clubs,16,train
dataset/jack of clubs 04.jpg,jack of clubs,16,train
dataset/jack of clubs 05.jpg,jack of clubs,16,train
dataset/jack of clubs 06.jpg,jack of clubs,16,train
dataset/jack of clubs 07.jpg,jack of clubs,16,test
dataset/jack of clubs 08.jpg,jack of clubs,16,test
dataset/jack of clubs 09.jpg,jack of clubs,16,train
dataset/jack of clubs 10.jpg,jack of clubs,16,test
dataset/jack of clubs 100.jpg,jack of clubs,16,train
dataset/jack of clubs 101.jpg,jack of clubs,16,train
dataset/jack of clubs 102.jpg,jack of clubs,16,test
dataset/jack of clubs 103.jpg,jack of clubs,16,val
dataset/jack of clubs 104.jpg,jack of clubs,16,train
dataset/jack of clubs 105.jpg,jack of clubs,16,train
dataset/jack of clubs 106.jpg,jack of clubs,16,val
dataset/jack of clubs 107.jpg,jack of clubs,16,train
dataset/jack of clubs 108.jpg,jack of clubs,16,train
dataset/jack of clubs 109.jpg,jack of clubs,16,train
dataset/jack of clubs 11.jpg,jack of clubs,16,val
dataset/jack of clubs 110.jpg,jack of clubs,16,train
dataset/jack of clubs 111.jpg,jack of clubs,16,train
dataset/jack of clubs 112.jpg,jack of clubs,16,train
dataset/jack of clubs 113.jpg,jack of clubs,16,train
dataset/jack of clubs 114.jpg,jack of clubs,16,val
dataset/jack of clubs 115.jpg,jack of clubs,16,train
dataset/jack of clubs 116.jpg,jack of clubs,16,val
dataset/jack of clubs 117.jpg,jack of clubs,16,val
dataset/jack of clubs 118.jpg,jack of clubs,16,train
dataset/jack of clubs 119.jpg,jack of clubs,16,train
dataset/jack of clubs 12.jpg,jack of clubs,16,train
dataset/jack of clubs 120.jpg,jack of clubs,16,train
dataset/jack of clubs 121.jpg,jack of clubs,16,test
dataset/jack of clubs 122.jpg,jack of clubs,16,train
dataset/jack of clubs 123.jpg,jack of clubs,16,train
dataset/jack of clubs 124.jpg,jack of clubs,16,train
dataset/jack of clubs 125.jpg,jack of clubs,16,train
dataset/jack of clubs 126.jpg,jack of clubs,16,train
dataset/jack of clubs 127.jpg,jack of clubs,16,train
dataset/jack of clubs 128.jpg,jack of clubs,16,train
dataset/jack of clubs 129.jpg,jack of clubs,16,val
dataset/jack of clubs 13.jpg,jack of clubs,16,train
dataset/jack of clubs 130.jpg,jack of clubs,16,train
dataset/jack of clubs 131.jpg,jack of clubs,16,train
dataset/jack of clubs 132.jpg,jack of clubs,16,train
dataset/jack of clubs 133.jpg,jack of clubs,16,train
dataset/jack of clubs 134.jpg,jack of clubs,16,val
dataset/jack of clubs 135.jpg,jack of clubs,16,train
dataset/jack of clubs 136.jpg,jack of clubs,16,train
dataset/jack of clubs 137.jpg,jack of clubs,16,train
dataset/jack of clubs 138.jpg,jack of clubs,16,test
dataset/jack of clubs 139.jpg,jack of clubs,16,train
dataset/jack of clubs 14.jpg,jack of clubs,16,train
dataset/jack of clubs 140.jpg,jack of clubs,16,train
dataset/jack of clubs 141.jpg,jack of clubs,16,train
dataset/jack of clubs 142.jpg,jack of clubs,16,train
dataset/jack of clubs 143.jpg,jack of clubs,16,val
dataset/jack of clubs 144.jpg,jack of clubs,16,train
dataset/jack of clubs 145.jpg,jack of clubs,16,val
dataset/jack of clubs 146.jpg,jack of clubs,16,train
dataset/jack of clubs 147.jpg,jack of clubs,16,val
dataset/jack of clubs 148.jpg,jack of clubs,16,val
dataset/jack of clubs 149.jpg,jack of clubs,16,train
dataset/jack of clubs 15.jpg,jack of clubs,16,test
dataset/jack of clubs 150.jpg,jack of clubs,16,train
dataset/jack of clubs 151.jpg,jack of clubs,16,train
dataset/jack of clubs 152.jpg,jack of clubs,16,train
dataset/jack of clubs 153.jpg,jack of clubs,16,train
dataset/jack of clubs 154.jpg,jack of clubs,16,train
dataset/jack of clubs 155.jpg,jack of clubs,16,train
dataset/jack of clubs 156.jpg,jack of clubs,16,train
dataset/jack of clubs 157.jpg,jack of clubs,16,train
dataset/jack of clubs 158.jpg,jack of clubs,16,train
dataset/jack of clubs 159.jpg,jack of clubs,16,train
dataset/jack of clubs 16.jpg,jack of clubs,16,train
dataset/jack of clubs 160.jpg,jack of clubs,16,train
dataset/jack of clubs 161.jpg,jack of clubs,16,train
dataset/jack of clubs 162.jpg,jack of clubs,16,test
dataset/jack of clubs 163.jpg,jack of clubs,16,train
dataset/jack of clubs 164.jpg,jack of clubs,16,train
dataset/jack of clubs 165.jpg,jack of clubs,16,val
dataset/jack of clubs 166.jpg,jack of clubs,16,train
dataset/jack of clubs 167.jpg,jack of clubs,16,train
dataset/jack of clubs 168.jpg,jack of clubs,16,train
dataset/jack of clubs 169.jpg,jack of clubs,16,test
dataset/jack of clubs 17.jpg,jack of clubs,16,train
dataset/jack of clubs 170.jpg,jack of clubs,16,train
dataset/jack of clubs 171.jpg,jack of clubs,16,train
dataset/jack of clubs 172.jpg,jack of clubs,16,train
dataset/jack of clubs 173.jpg,jack of clubs,16,train
dataset/jack of clubs 174.jpg,jack of clubs,16,val
dataset/jack of clubs 175.jpg,jack of clubs,16,train
dataset/jack of clubs 176.jpg,jack of clubs,16,train
dataset/jack of clubs 177.jpg,jack of clubs,16,train
dataset/jack of clubs 178.jpg,jack of clubs,16,train
dataset/jack of clubs 179.jpg,jack of clubs,16,val
dataset/jack of clubs 18.jpg,jack of clubs,16,train
dataset/jack of clubs 180.jpg,jack of clubs,16,train
dataset/jack of clubs 181.jpg,jack of clubs,16,train
dataset/jack of clubs 19.jpg,jack of clubs,16,train
dataset/jack of clubs 20.jpg,jack of clubs,16,train
dataset/jack of clubs 21.jpg,jack of clubs,16,train
dataset/jack of clubs 22.jpg,jack of clubs,16,train
dataset/jack of clubs 23.jpg,jack of clubs,16,test
dataset/jack of clubs 24.jpg,jack of clubs,16,train
dataset/jack of clubs 25.jpg,jack of clubs,16,train
dataset/jack of clubs 26.jpg,jack of clubs,16,train
dataset/jack of clubs 27.jpg,jack of clubs,16,train
dataset/jack of clubs 28.jpg,jack of clubs,16,train
dataset/jack of clubs 29.jpg,jack of clubs,16,train
dataset/jack of clubs 30.jpg,jack of clubs,16,test
dataset/jack of clubs 31.jpg,jack of clubs,16,test
dataset/jack of clubs 32.jpg,jack of clubs,16,train
dataset/jack of clubs 33.jpg,jack of clubs,16,train
dataset/jack of clubs 34.jpg,jack of clubs,16,val
dataset/jack of clubs 35.jpg,jack of clubs,16,test
dataset/jack of clubs 36.jpg,jack of clubs,16,train
dataset/jack of clubs 37.jpg,jack of clubs,16,train
dataset/jack of clubs 38.jpg,jack of clubs,16,test
dataset/jack of clubs 39.jpg,jack of clubs,16,train
dataset/jack of clubs 40.jpg,jack of clubs,16,train
dataset/jack of clubs 41.jpg,jack of clubs,16,train
dataset/jack of clubs 42.jpg,jack of clubs,16,train
dataset/jack of clubs 43.jpg,jack of clubs,16,train
dataset/jack of clubs 44.jpg,jack of clubs,16,train
dataset/jack of clubs 45.jpg,jack of clubs,16,train
dataset/jack of clubs 46.jpg,jack of clubs,16,train
dataset/jack of clubs 47.jpg,jack of clubs,16,test
dataset/jack of clubs 48.jpg,jack of clubs,16,val
dataset/jack of clubs 49.jpg,jack of clubs,16,train
dataset/jack of clubs 50.jpg,jack of clubs,16,train
dataset/jack of clubs 51.jpg,jack of clubs,16,val
dataset/jack of clubs 52.jpg,jack of clubs,16,train
dataset/jack of clubs 53.jpg,jack of clubs,16,train
dataset/jack of clubs 54.jpg,jack of clubs,16,train
dataset/jack of clubs 55.jpg,jack of clubs,16,test
dataset/jack of clubs 56.jpg,jack of clubs,16,val
dataset/jack of clubs 57.jpg,jack of clubs,16,test
dataset/jack of clubs 58.jpg,jack of clubs,16,train
dataset/jack of clubs 59.jpg,jack of clubs,16,val
dataset/jack of clubs 60.jpg,jack of clubs,16,train
dataset/jack of clubs 61.jpg,jack of clubs,16,train
dataset/jack of clubs 62.jpg,jack of clubs,16,test
dataset/jack of clubs 63.jpg,jack of clubs,16,train
dataset/jack of clubs 64.jpg,jack of clubs,16,train
dataset/jack of clubs 65.jpg,jack of clubs,16,train
dataset/jack of clubs 66.jpg,jack of clubs,16,train
dataset/jack of clubs 67.jpg,jack of clubs,16,test
dataset/jack of clubs 68.jpg,jack of clubs,16,test
dataset/jack of clubs 69.jpg,jack of clubs,16,train
dataset/jack of clubs 70.jpg,jack of clubs,16,train
dataset/jack of clubs 71.jpg,jack of clubs,16,train
dataset/jack of clubs 72.jpg,jack of clubs,16,val
dataset/jack of clubs 73.jpg,jack of clubs,16,test
dataset/jack of clubs 74.jpg,jack of clubs,16,train
dataset/jack of clubs 75.jpg,jack of clubs,16,val
dataset/jack of clubs 76.jpg,jack of clubs,16,test
dataset/jack of clubs 77.jpg,jack of clubs,16,train
dataset/jack of clubs 78.jpg,jack of clubs,16,val
dataset/jack of clubs 79.jpg,jack of clubs,16,train
dataset/jack of clubs 80.jpg,jack of clubs,16,train
dataset/jack of clubs 81.jpg,jack of clubs,16,train
dataset/jack of clubs 82.jpg,jack of clubs,16,test
dataset/jack of clubs 83.jpg,jack of clubs,16,val
dataset/jack of clubs 84.jpg,jack of clubs,16,train
dataset/jack of clubs 85.jpg,jack of clubs,16,test
dataset/jack of clubs 86.jpg,jack of clubs,16,test
dataset/jack of clubs 87.jpg,jack of clubs,16,val
dataset/jack of clubs 88.jpg,jack of clubs,16,train
dataset/jack of clubs 89.jpg,jack of clubs,16,val
dataset/jack of clubs 90.jpg,jack of clubs,16,test
dataset/jack of clubs 91.jpg,jack of clubs,16,train
dataset/jack of clubs 92.jpg,jack of clubs,16,train
dataset/jack of clubs 93.jpg,jack of clubs,16,train
dataset/jack of clubs 94.jpg,jack of clubs,16,train
dataset/jack of clubs 95.jpg,jack of clubs,16,train
dataset/jack of clubs 96.jpg,jack of clubs,16,test
dataset/jack of clubs 97.jpg,jack of clubs,16,train
dataset/jack of clubs 98.jpg,jack of clubs,16,train
dataset/jack of clubs 99.jpg,jack of clubs,16,val
dataset/jack of diamonds 01.jpg,jack of diamonds,17,train
dataset/jack of diamonds 02.jpg,jack of diamonds,17,train
dataset/jack of diamonds 03.jpg,jack of diamonds,17,val
dataset/jack of diamonds 04.jpg,jack of diamonds,17,val
dataset/jack of diamonds 05.jpg,jack of diamonds,17,test
dataset/jack of diamonds 06.jpg,jack of diamonds,17,train
dataset/jack of diamonds 07.jpg,jack of diamonds,17,train
dataset/jack of diamonds 08.jpg,jack of diamonds,17,train
dataset/jack of diamonds 09.jpg,jack of diamonds,17,train
dataset/jack of diamonds 10.jpg,jack of diamonds,17,test
dataset/jack of diamonds 100.jpg,jack of diamonds,17,train
dataset/jack of diamonds 101.jpg,jack of diamonds,17,val
dataset/jack of diamonds 102.jpg,jack of diamonds,17,val
dataset/jack of diamonds 103.jpg,jack of diamonds,17,val
dataset/jack of diamonds 104.jpg,jack of diamonds,17,train
dataset/jack of diamonds 105.jpg,jack of diamonds,17,train
dataset/jack of diamonds 106.jpg,jack of diamonds,17,train
dataset/jack of diamonds 107.jpg,jack of diamonds,17,train
dataset/jack of diamonds 108.jpg,jack of diamonds,17,train
dataset/jack of diamonds 109.jpg,jack of diamonds,17,val
dataset/jack of diamonds 11.jpg,jack of diamonds,17,train
dataset/jack of diamonds 110.jpg,jack of diamonds,17,train
dataset/jack of diamonds 111.jpg,jack of diamonds,17,train
dataset/jack of diamonds 112.jpg,jack of diamonds,17,test
dataset/jack of diamonds 113.jpg,jack of diamonds,17,val
dataset/jack of diamonds 114.jpg,jack of diamonds,17,val
dataset/jack of diamonds 115.jpg,jack of diamonds,17,train
dataset/jack of diamonds 116.jpg,jack of diamonds,17,train
dataset/jack of diamonds 117.jpg,jack of diamonds,17,train
dataset/jack of diamonds 118.jpg,jack of diamonds,17,train
dataset/jack of diamonds 119.jpg,jack of diamonds,17,train
dataset/jack of diamonds 12.jpg,jack of diamonds,17,train
dataset/jack of diamonds 120.jpg,jack of diamonds,17,train
dataset/jack of diamonds 121.jpg,jack of diamonds,17,train
dataset/jack of diamonds 122.jpg,jack of diamonds,17,train
dataset/jack of diamonds 123.jpg,jack of diamonds,17,train
dataset/jack of diamonds 124.jpg,jack of diamonds,17,test
dataset/jack of diamonds 125.jpg,jack of diamonds,17,train
dataset/jack of diamonds 126.jpg,jack of diamonds,17,val
dataset/jack of diamonds 127.jpg,jack of diamonds,17,train
dataset/jack of diamonds 128.jpg,jack of diamonds,17,train
dataset/jack of diamonds 129.jpg,jack of diamonds,17,train
dataset/jack of diamonds 13.jpg,jack of diamonds,17,train
dataset/jack of diamonds 130.jpg,jack of diamonds,17,train
dataset/jack of diamonds 131.jpg,jack of diamonds,17,train
dataset/jack of diamonds 132.jpg,jack of diamonds,17,val
dataset/jack of diamonds 133.jpg,jack of diamonds,17,train
dataset/jack of diamonds 134.jpg,jack of diamonds,17,train
dataset/jack of diamonds 135.jpg,jack of diamonds,17,train
dataset/jack of diamonds 136.jpg,jack of diamonds,17,train
dataset/jack of diamonds 137.jpg,jack of diamonds,17,train
dataset/jack of diamonds 138.jpg,jack of diamonds,17,train
dataset/jack of diamonds 139.jpg,jack of diamonds,17,train
dataset/jack of diamonds 14.jpg,jack of diamonds,17,test
dataset/jack of diamonds 140.jpg,jack of diamonds,17,train
dataset/jack of diamonds 141.jpg,jack of diamonds,17,test
dataset/jack of diamonds 142.jpg,jack of diamonds,17,train
dataset/jack of diamonds 143.jpg,jack of diamonds,17,test
dataset/jack of diamonds 144.jpg,jack of diamonds,17,train
dataset/jack of diamonds 145.jpg,jack of diamonds,17,train
dataset/jack of diamonds 146.jpg,jack of diamonds,17,train
dataset/jack of diamonds 147.jpg,jack of diamonds,17,train
dataset/jack of diamonds 148.jpg,jack of diamonds,17,train
dataset/jack of diamonds 149.jpg,jack of diamonds,17,val
dataset/jack of diamonds 15.jpg,jack of diamonds,17,train
dataset/jack of diamonds 150.jpg,jack of diamonds,17,val
dataset/jack of diamonds 151.jpg,jack of diamonds,17,train
dataset/jack of diamonds 152.jpg,jack of diamonds,17,train
dataset/jack of diamonds 153.jpg,jack of diamonds,17,train
dataset/jack of diamonds 154.jpg,jack of diamonds,17,test
dataset/jack of diamonds 155.jpg,jack of diamonds,17,train
dataset/jack of diamonds 156.jpg,jack of diamonds,17,test
dataset/jack of diamonds 157.jpg,jack of diamonds,17,train
dataset/jack of diamonds 158.jpg,jack of diamonds,17,train
dataset/jack of diamonds 159.jpg,jack of diamonds,17,test
dataset/jack of diamonds 16.jpg,jack of diamonds,17,train
dataset/jack of diamonds 160.jpg,jack of diamonds,17,train
dataset/jack of diamonds 161.jpg,jack of diamonds,17,train
dataset/jack of diamonds 162.jpg,jack of diamonds,17,train
dataset/jack of diamonds 163.jpg,jack of diamonds,17,train
dataset/jack of diamonds 164.jpg,jack of diamonds,17,train
dataset/jack of diamonds 165.jpg,jack of diamonds,17,train
dataset/jack of diamonds 166.jpg,jack of diamonds,17,train
dataset/jack of diamonds 167.jpg,jack of diamonds,17,train
dataset/jack of diamonds 168.jpg,jack of diamonds,17,train
dataset/jack of diamonds 169.jpg,jack of diamonds,17,val
dataset/jack of diamonds 17.jpg,jack of diamonds,17,train
dataset/jack of diamonds 170.jpg,jack of diamonds,17,train
dataset/jack of diamonds 18.jpg,jack of diamonds,17,train
dataset/jack of diamonds 19.jpg,jack of diamonds,17,test
dataset/jack of diamonds 20.jpg,jack of diamonds,17,train
dataset/jack of diamonds 21.jpg,jack of diamonds,17,train
dataset/jack of diamonds 22.jpg,jack of diamonds,17,train
dataset/jack of diamonds 23.jpg,jack of diamonds,17,train
dataset/jack of diamonds 24.jpg,jack of diamonds,17,train
dataset/jack of diamonds 25.jpg,jack of diamonds,17,train
dataset/jack of diamonds 26.jpg,jack of diamonds,17,train
dataset/jack of diamonds 27.jpg,jack of diamonds,17,test
dataset/jack of diamonds 28.jpg,jack of diamonds,17,test
dataset/jack of diamonds 29.jpg,jack of diamonds,17,train
dataset/jack of diamonds 30.jpg,jack of diamonds,17,test
dataset/jack of diamonds 31.jpg,jack of diamonds,17,test
dataset/jack of diamonds 32.jpg,jack of diamonds,17,train
dataset/jack of diamonds 33.jpg,jack of diamonds,17,test
dataset/jack of diamonds 34.jpg,jack of diamonds,17,train
dataset/jack of diamonds 35.jpg,jack of diamonds,17,val
dataset/jack of diamonds 36.jpg,jack of diamonds,17,train
dataset/jack of diamonds 37.jpg,jack of diamonds,17,test
dataset/jack of diamonds 38.jpg,jack of diamonds,17,train
dataset/jack of diamonds 39.jpg,jack of diamonds,17,train
dataset/jack of diamonds 40.jpg,jack of diamonds,17,test
dataset/jack of diamonds 41.jpg,jack of diamonds,17,val
dataset/jack of diamonds 42.jpg,jack of diamonds,17,train
dataset/jack of diamonds 43.jpg,jack of diamonds,17,train
dataset/jack of diamonds 44.jpg,jack of diamonds,17,train
dataset/jack of diamonds 45.jpg,jack of diamonds,17,train
dataset/jack of diamonds 46.jpg,jack of diamonds,17,train
dataset/jack of diamonds 47.jpg,jack of diamonds,17,val
dataset/jack of diamonds 48.jpg,jack of diamonds,17,train
dataset/jack of diamonds 49.jpg,jack of diamonds,17,train
dataset/jack of diamonds 50.jpg,jack of diamonds,17,test
dataset/jack of diamonds 51.jpg,jack of diamonds,17,train
dataset/jack of diamonds 52.jpg,jack of diamonds,17,train
dataset/jack of diamonds 53.jpg,jack of diamonds,17,train
dataset/jack of diamonds 54.jpg,jack of diamonds,17,test
dataset/jack of diamonds 55.jpg,jack of diamonds,17,train
dataset/jack of diamonds 56.jpg,jack of diamonds,17,train
dataset/jack of diamonds 57.jpg,jack of diamonds,17,val
dataset/jack of diamonds 58.jpg,jack of diamonds,17,val
dataset/jack of diamonds 59.jpg,jack of diamonds,17,train
dataset/jack of diamonds 60.jpg,jack of diamonds,17,train
dataset/jack of diamonds 61.jpg,jack of diamonds,17,test
dataset/jack of diamonds 62.jpg,jack of diamonds,17,train
dataset/jack of diamonds 63.jpg,jack of diamonds,17,train
dataset/jack of diamonds 64.jpg,jack of diamonds,17,val
dataset/jack of diamonds 65.jpg,jack of diamonds,17,val
dataset/jack of diamonds 66.jpg,jack of diamonds,17,val
dataset/jack of diamonds 67.jpg,jack of diamonds,17,train
dataset/jack of diamonds 68.jpg,jack of diamonds,17,train
dataset/jack of diamonds 69.jpg,jack of diamonds,17,train
dataset/jack of diamonds 70.jpg,jack of diamonds,17,train
dataset/jack of diamonds 71.jpg,jack of diamonds,17,train
dataset/jack of diamonds 72.jpg,jack of diamonds,17,train
dataset/jack of diamonds 73.jpg,jack of diamonds,17,val
dataset/jack of diamonds 74.jpg,jack of diamonds,17,train
dataset/jack of diamonds 75.jpg,jack of diamonds,17,train
dataset/jack of diamonds 76.jpg,jack of diamonds,17,train
dataset/jack of diamonds 77.jpg,jack of diamonds,17,train
dataset/jack of diamonds 78.jpg,jack of diamonds,17,test
dataset/jack of diamonds 79.jpg,jack of diamonds,17,train
dataset/jack of diamonds 80.jpg,jack of diamonds,17,test
dataset/jack of diamonds 81.jpg,jack of diamonds,17,train
dataset/jack of diamonds 82.jpg,jack of diamonds,17,train
dataset/jack of diamonds 83.jpg,jack of diamonds,17,train
dataset/jack of diamonds 84.jpg,jack of diamonds,17,train
dataset/jack of diamonds 85.jpg,jack of diamonds,17,train
dataset/jack of diamonds 86.jpg,jack of diamonds,17,train
dataset/jack of diamonds 87.jpg,jack of diamonds,17,train
dataset/jack of diamonds 88.jpg,jack of diamonds,17,train
dataset/jack of diamonds 89.jpg,jack of diamonds,17,train
dataset/jack of diamonds 90.jpg,jack of diamonds,17,train
dataset/jack of diamonds 91.jpg,jack of diamonds,17,test
dataset/jack of diamonds 92.jpg,jack of diamonds,17,test
dataset/jack of diamonds 93.jpg,jack of diamonds,17,train
dataset/jack of diamonds 94.jpg,jack of diamonds,17,test
dataset/jack of diamonds 95.jpg,jack of diamonds,17,val
dataset/jack of diamonds 96.jpg,jack of diamonds,17,train
dataset/jack of diamonds 97.jpg,jack of diamonds,17,val
dataset/jack of diamonds 98.jpg,jack of diamonds,17,val
dataset/jack of diamonds 99.jpg,jack of diamonds,17,train
dataset/jack of hearts 01.jpg,jack of hearts,18,train
dataset/jack of hearts 02.jpg,jack of hearts,18,train
dataset/jack of hearts 03.jpg,jack of hearts,18,train
dataset/jack of hearts 04.jpg,jack of hearts,18,train
dataset/jack of hearts 05.jpg,jack of hearts,18,test
dataset/jack of hearts 06.jpg,jack of hearts,18,train
dataset/jack of hearts 07.jpg,jack of hearts,18,test
dataset/jack of hearts 08.jpg,jack of hearts,18,train
dataset/jack of hearts 09.jpg,jack of hearts,18,train
dataset/jack of hearts 10.jpg,jack of hearts,18,train
dataset/jack of hearts 100.jpg,jack of hearts,18,train
dataset/jack of hearts 101.jpg,jack of hearts,18,train
dataset/jack of hearts 102.jpg,jack of hearts,18,train
dataset/jack of hearts 103.jpg,jack of hearts,18,train
dataset/jack of hearts 104.jpg,jack of hearts,18,train
dataset/jack of hearts 105.jpg,jack of hearts,18,train
dataset/jack of hearts 106.jpg,jack of hearts,18,val
dataset/jack of hearts 107.jpg,jack of hearts,18,train
dataset/jack of hearts 108.jpg,jack of hearts,18,train
dataset/jack of hearts 109.jpg,jack of hearts,18,train
dataset/jack of hearts 11.jpg,jack of hearts,18,val
dataset/jack of hearts 110.jpg,jack of hearts,18,train
dataset/jack of hearts 111.jpg,jack of hearts,18,train
dataset/jack of hearts 112.jpg,jack of hearts,18,train
dataset/jack of hearts 113.jpg,jack of hearts,18,train
dataset/jack of hearts 114.jpg,jack of hearts,18,train
dataset/jack of hearts 115.jpg,jack of hearts,18,train
dataset/jack of hearts 116.jpg,jack of hearts,18,val
dataset/jack of hearts 117.jpg,jack of hearts,18,train
dataset/jack of hearts 118.jpg,jack of hearts,18,train
dataset/jack of hearts 119.jpg,jack of hearts,18,train
dataset/jack of hearts 12.jpg,jack of hearts,18,train
dataset/jack of hearts 120.jpg,jack of hearts,18,val
dataset/jack of hearts 121.jpg,jack of hearts,18,train
dataset/jack of hearts 122.jpg,jack of hearts,18,train
dataset/jack of hearts 123.jpg,jack of hearts,18,train
dataset/jack of hearts 124.jpg,jack of hearts,18,train
dataset/jack of hearts 125.jpg,jack of hearts,18,train
dataset/jack of hearts 126.jpg,jack of hearts,18,train
dataset/jack of hearts 127.jpg,jack of hearts,18,train
dataset/jack of hearts 128.jpg,jack of hearts,18,train
dataset/jack of hearts 129.jpg,jack of hearts,18,train
dataset/jack of hearts 13.jpg,jack of hearts,18,val
dataset/jack of hearts 130.jpg,jack of hearts,18,train
dataset/jack of hearts 131.jpg,jack of hearts,18,test
dataset/jack of hearts 132.jpg,jack of hearts,18,train
dataset/jack of hearts 133.jpg,jack of hearts,18,train
dataset/jack of hearts 134.jpg,jack of hearts,18,train
dataset/jack of hearts 135.jpg,jack of hearts,18,val
dataset/jack of hearts 136.jpg,jack of hearts,18,train
dataset/jack of hearts 137.jpg,jack of hearts,18,train
dataset/jack of hearts 138.jpg,jack of hearts,18,train
dataset/jack of hearts 139.jpg,jack of hearts,18,train
dataset/jack of hearts 14.jpg,jack of hearts,18,train
dataset/jack of hearts 140.jpg,jack of hearts,18,train
dataset/jack of hearts 141.jpg,jack of hearts,18,train
dataset/jack of hearts 142.jpg,jack of hearts,18,test
dataset/jack of hearts 143.jpg,jack of hearts,18,test
dataset/jack of hearts 144.jpg,jack of hearts,18,train
dataset/jack of hearts 145.jpg,jack of hearts,18,train
dataset/jack of hearts 146.jpg,jack of hearts,18,val
dataset/jack of hearts 147.jpg,jack of hearts,18,train
dataset/jack of hearts 148.jpg,jack of hearts,18,train
dataset/jack of hearts 149.jpg,jack of hearts,18,train
dataset/jack of hearts 15.jpg,jack of hearts,18,test
dataset/jack of hearts 150.jpg,jack of hearts,18,train
dataset/jack of hearts 151.jpg,jack of hearts,18,train
dataset/jack of hearts 152.jpg,jack of hearts,18,train
dataset/jack of hearts 153.jpg,jack of hearts,18,test
dataset/jack of hearts 154.jpg,jack of hearts,18,val
dataset/jack of hearts 155.jpg,jack of hearts,18,val
dataset/jack of hearts 156.jpg,jack of hearts,18,train
dataset/jack of hearts 157.jpg,jack of hearts,18,test
dataset/jack of hearts 158.jpg,jack of hearts,18,test
dataset/jack of hearts 159.jpg,jack of hearts,18,train
dataset/jack of hearts 16.jpg,jack of hearts,18,train
dataset/jack of hearts 160.jpg,jack of hearts,18,train
dataset/jack of hearts 161.jpg,jack of hearts,18,train
dataset/jack of hearts 162.jpg,jack of hearts,18,train
dataset/jack of hearts 163.jpg,jack of hearts,18,train
dataset/jack of hearts 164.jpg,jack of hearts,18,val
dataset/jack of hearts 165.jpg,jack of hearts,18,val
dataset/jack of hearts 166.jpg,jack of hearts,18,train
dataset/jack of hearts 167.jpg,jack of hearts,18,test
dataset/jack of hearts 168.jpg,jack of hearts,18,test
dataset/jack of hearts 169.jpg,jack of hearts,18,test
dataset/jack of hearts 17.jpg,jack of hearts,18,val
dataset/jack of hearts 170.jpg,jack of hearts,18,train
dataset/jack of hearts 171.jpg,jack of hearts,18,val
dataset/jack of hearts 172.jpg,jack of hearts,18,train
dataset/jack of hearts 173.jpg,jack of hearts,18,train
dataset/jack of hearts 174.jpg,jack of hearts,18,train
dataset/jack of hearts 175.jpg,jack of hearts,18,train
dataset/jack of hearts 176.jpg,jack of hearts,18,train
dataset/jack of hearts 177.jpg,jack of hearts,18,train
dataset/jack of hearts 178.jpg,jack of hearts,18,train
dataset/jack of hearts 18.jpg,jack of hearts,18,train
dataset/jack of hearts 19.jpg,jack of hearts,18,test
dataset/jack of hearts 20.jpg,jack of hearts,18,train
dataset/jack of hearts 21.jpg,jack of hearts,18,train
dataset/jack of hearts 22.jpg,jack of hearts,18,train
dataset/jack of hearts 23.jpg,jack of hearts,18,train
dataset/jack of hearts 24.jpg,jack of hearts,18,train
dataset/jack of hearts 25.jpg,jack of hearts,18,train
dataset/jack of hearts 26.jpg,jack of hearts,18,train
dataset/jack of hearts 27.jpg,jack of hearts,18,train
dataset/jack of hearts 28.jpg,jack of hearts,18,val
dataset/jack of hearts 29.jpg,jack of hearts,18,train
dataset/jack of hearts 30.jpg,jack of hearts,18,train
dataset/jack of hearts 31.jpg,jack of hearts,18,train
dataset/jack of hearts 32.jpg,jack of hearts,18,train
dataset/jack of hearts 33.jpg,jack of hearts,18,train
dataset/jack of hearts 34.jpg,jack of hearts,18,train
dataset/jack of hearts 35.jpg,jack of hearts,18,train
dataset/jack of hearts 36.jpg,jack of hearts,18,test
dataset/jack of hearts 37.jpg,jack of hearts,18,train
dataset/jack of hearts 38.jpg,jack of hearts,18,test
dataset/jack of hearts 39.jpg,jack of hearts,18,train
dataset/jack of hearts 40.jpg,jack of hearts,18,train
dataset/jack of hearts 41.jpg,jack of hearts,18,val
dataset/jack of hearts 42.jpg,jack of hearts,18,train
dataset/jack of hearts 43.jpg,jack of hearts,18,train
dataset/jack of hearts 44.jpg,jack of hearts,18,train
dataset/jack of hearts 45.jpg,jack of hearts,18,train
dataset/jack of hearts 46.jpg,jack of hearts,18,train
dataset/jack of hearts 47.jpg,jack of hearts,18,train
dataset/jack of hearts 48.jpg,jack of hearts,18,val
dataset/jack of hearts 49.jpg,jack of hearts,18,val
dataset/jack of hearts 50.jpg,jack of hearts,18,train
dataset/jack of hearts 51.jpg,jack of hearts,18,train
dataset/jack of hearts 52.jpg,jack of hearts,18,val
dataset/jack of hearts 53.jpg,jack of hearts,18,train
dataset/jack of hearts 54.jpg,jack of hearts,18,train
dataset/jack of hearts 55.jpg,jack of hearts,18,train
dataset/jack of hearts 56.jpg,jack of hearts,18,train
dataset/jack of hearts 57.jpg,jack of hearts,18,test
dataset/jack of hearts 58.jpg,jack of hearts,18,train
dataset/jack of hearts 59.jpg,jack of hearts,18,val
dataset/jack of hearts 60.jpg,jack of hearts,18,train
dataset/jack of hearts 61.jpg,jack of hearts,18,val
dataset/jack of hearts 62.jpg,jack of hearts,18,test
dataset/jack of hearts 63.jpg,jack of hearts,18,test
dataset/jack of hearts 64.jpg,jack of hearts,18,val
dataset/jack of hearts 65.jpg,jack of hearts,18,train
dataset/jack of hearts 66.jpg,jack of hearts,18,train
dataset/jack of hearts 67.jpg,jack of hearts,18,train
dataset/jack of hearts 68.jpg,jack of hearts,18,test
dataset/jack of hearts 69.jpg,jack of hearts,18,val
dataset/jack of hearts 70.jpg,jack of hearts,18,test
dataset/jack of hearts 71.jpg,jack of hearts,18,test
dataset/jack of hearts 72.jpg,jack of hearts,18,train
dataset/jack of hearts 73.jpg,jack of hearts,18,train
dataset/jack of hearts 74.jpg,jack of hearts,18,val
dataset/jack of hearts 75.jpg,jack of hearts,18,test
dataset/jack of hearts 76.jpg,jack of hearts,18,train
dataset/jack of hearts 77.jpg,jack of hearts,18,train
dataset/jack of hearts 78.jpg,jack of hearts,18,train
dataset/jack of hearts 79.jpg,jack of hearts,18,train
dataset/jack of hearts 80.jpg,jack of hearts,18,train
dataset/jack of hearts 81.jpg,jack of hearts,18,test
dataset/jack of hearts 82.jpg,jack of hearts,18,val
dataset/jack of hearts 83.jpg,jack of hearts,18,train
dataset/jack of hearts 84.jpg,jack of hearts,18,train
dataset/jack of hearts 85.jpg,jack of hearts,18,train
dataset/jack of hearts 86.jpg,jack of hearts,18,train
dataset/jack of hearts 87.jpg,jack of hearts,18,test
dataset/jack of hearts 88.jpg,jack of hearts,18,test
dataset/jack of hearts 89.jpg,jack of hearts,18,test
dataset/jack of hearts 90.jpg,jack of hearts,18,train
dataset/jack of hearts 91.jpg,jack of hearts,18,train
dataset/jack of hearts 92.jpg,jack of hearts,18,train
dataset/jack of hearts 93.jpg,jack of hearts,18,test
dataset/jack of hearts 94.jpg,jack of hearts,18,train
dataset/jack of hearts 95.jpg,jack of hearts,18,val
dataset/jack of hearts 96.jpg,jack of hearts,18,train
dataset/jack of hearts 97.jpg,jack of hearts,18,val
dataset/jack of hearts 98.jpg,jack of hearts,18,train
dataset/jack of hearts 99.jpg,jack of hearts,18,train
dataset/jack of spades 01.jpg,jack of spades,19,val
dataset/jack of spades 02.jpg,jack of spades,19,train
dataset/jack of spades 03.jpg,jack of spades,19,train
dataset/jack of spades 04.jpg,jack of spades,19,val
dataset/jack of spades 05.jpg,jack of spades,19,train
dataset/jack of spades 06.jpg,jack of spades,19,train
dataset/jack of spades 07.jpg,jack of spades,19,train
dataset/jack of spades 08.jpg,jack of spades,19,train
dataset/jack of spades 09.jpg,jack of spades,19,val
dataset/jack of spades 10.jpg,jack of spades,19,train
dataset/jack of spades 100.jpg,jack of spades,19,train
dataset/jack of spades 101.jpg,jack of spades,19,train
dataset/jack of spades 102.jpg,jack of spades,19,train
dataset/jack of spades 103.jpg,jack of spades,19,train
dataset/jack of spades 104.jpg,jack of spades,19,test
dataset/jack of spades 105.jpg,jack of spades,19,test
dataset/jack of spades 106.jpg,jack of spades,19,test
dataset/jack of spades 107.jpg,jack of spades,19,train
dataset/jack of spades 108.jpg,jack of spades,19,train
dataset/jack of spades 109.jpg,jack of spades,19,train
dataset/jack of spades 11.jpg,jack of spades,19,test
dataset/jack of spades 110.jpg,jack of spades,19,train
dataset/jack of spades 111.jpg,jack of spades,19,test
dataset/jack of spades 112.jpg,jack of spades,19,train
dataset/jack of spades 113.jpg,jack of spades,19,val
dataset/jack of spades 114.jpg,jack of spades,19,train
dataset/jack of spades 115.jpg,jack of spades,19,train
dataset/jack of spades 116.jpg,jack of spades,19,train
dataset/jack of spades 117.jpg,jack of spades,19,train
dataset/jack of spades 118.jpg,jack of spades,19,test
dataset/jack of spades 119.jpg,jack of spades,19,train
dataset/jack of spades 12.jpg,jack of spades,19,train
dataset/jack of spades 120.jpg,jack of spades,19,test
dataset/jack of spades 121.jpg,jack of spades,19,val
dataset/jack of spades 122.jpg,jack of spades,19,train
dataset/jack of spades 123.jpg,jack of spades,19,train
dataset/jack of spades 124.jpg,jack of spades,19,train
dataset/jack of spades 125.jpg,jack of spades,19,test
dataset/jack of spades 126.jpg,jack of spades,19,train
dataset/jack of spades 127.jpg,jack of spades,19,train
dataset/jack of spades 128.jpg,jack of spades,19,val
dataset/jack of spades 129.jpg,jack of spades,19,train
dataset/jack of spades 13.jpg,jack of spades,19,train
dataset/jack of spades 130.jpg,jack of spades,19,train
dataset/jack of spades 131.jpg,jack of spades,19,train
dataset/jack of spades 132.jpg,jack of spades,19,val
dataset/jack of spades 133.jpg,jack of spades,19,val
dataset/jack of spades 134.jpg,jack of spades,19,train
dataset/jack of spades 135.jpg,jack of spades,19,train
dataset/jack of spades 136.jpg,jack of spades,19,train
dataset/jack of spades 137.jpg,jack of spades,19,test
dataset/jack of spades 138.jpg,jack of spades,19,train
dataset/jack of spades 139.jpg,jack of spades,19,train
dataset/jack of spades 14.jpg,jack of spades,19,train
dataset/jack of spades 140.jpg,jack of spades,19,train
dataset/jack of spades 141.jpg,jack of spades,19,train
dataset/jack of spades 142.jpg,jack of spades,19,val
dataset/jack of spades 143.jpg,jack of spades,19,val
dataset/jack of spades 144.jpg,jack of spades,19,train
dataset/jack of spades 145.jpg,jack of spades,19,test
dataset/jack of spades 146.jpg,jack of spades,19,train
dataset/jack of spades 147.jpg,jack of spades,19,train
dataset/jack of spades 148.jpg,jack of spades,19,train
dataset/jack of spades 149.jpg,jack of spades,19,train
dataset/jack of spades 15.jpg,jack of spades,19,train
dataset/jack of spades 150.jpg,jack of spades,19,test
dataset/jack of spades 151.jpg,jack of spades,19,test
dataset/jack of spades 152.jpg,jack of spades,19,train
dataset/jack of spades 153.jpg,jack of spades,19,test
dataset/jack of spades 154.jpg,jack of spades,19,train
dataset/jack of spades 155.jpg,jack of spades,19,train
dataset/jack of spades 156.jpg,jack of spades,19,train
dataset/jack of spades 157.jpg,jack of spades,19,train
dataset/jack of spades 158.jpg,jack of spades,19,train
dataset/jack of spades 159.jpg,jack of spades,19,val
dataset/jack of spades 16.jpg,jack of spades,19,test
dataset/jack of spades 160.jpg,jack of spades,19,train
dataset/jack of spades 161.jpg,jack of spades,19,train
dataset/jack of spades 162.jpg,jack of spades,19,train
dataset/jack of spades 163.jpg,jack of spades,19,train
dataset/jack of spades 164.jpg,jack of spades,19,train
dataset/jack of spades 165.jpg,jack of spades,19,val
dataset/jack of spades 166.jpg,jack of spades,19,train
dataset/jack of spades 167.jpg,jack of spades,19,train
dataset/jack of spades 168.jpg,jack of spades,19,train
dataset/jack of spades 169.jpg,jack of spades,19,train
dataset/jack of spades 17.jpg,jack of spades,19,val
dataset/jack of spades 170.jpg,jack of spades,19,train
dataset/jack of spades 171.jpg,jack of spades,19,train
dataset/jack of spades 172.jpg,jack of spades,19,train
dataset/jack of spades 173.jpg,jack of spades,19,val
dataset/jack of spades 174.jpg,jack of spades,19,train
dataset/jack of spades 175.jpg,jack of spades,19,train
dataset/jack of spades 176.jpg,jack of spades,19,val
dataset/jack of spades 177.jpg,jack of spades,19,train
dataset/jack of spades 178.jpg,jack of spades,19,train
dataset/jack of spades 179.jpg,jack of spades,19,train
dataset/jack of spades 18.jpg,jack of spades,19,train
dataset/jack of spades 180.jpg,jack of spades,19,train
dataset/jack of spades 181.jpg,jack of spades,19,train
dataset/jack of spades 182.jpg,jack of spades,19,train
dataset/jack of spades 19.jpg,jack of spades,19,train
dataset/jack of spades 20.jpg,jack of spades,19,train
dataset/jack of spades 21.jpg,jack of spades,19,train
dataset/jack of spades 22.jpg,jack of spades,19,train
dataset/jack of spades 23.jpg,jack of spades,19,train
dataset/jack of spades 24.jpg,jack of spades,19,train
dataset/jack of spades 25.jpg,jack of spades,19,val
dataset/jack of spades 26.jpg,jack of spades,19,train
dataset/jack of spades 27.jpg,jack of spades,19,train
dataset/jack of spades 28.jpg,jack of spades,19,train
dataset/jack of spades 29.jpg,jack of spades,19,train
dataset/jack of spades 30.jpg,jack of spades,19,train
dataset/jack of spades 31.jpg,jack of spades,19,train
dataset/jack of spades 32.jpg,jack of spades,19,train
dataset/jack of spades 33.jpg,jack of spades,19,val
dataset/jack of spades 34.jpg,jack of spades,19,val
dataset/jack of spades 35.jpg,jack of spades,19,train
dataset/jack of spades 36.jpg,jack of spades,19,train
dataset/jack of spades 37.jpg,jack of spades,19,train
dataset/jack of spades 38.jpg,jack of spades,19,val
dataset/jack of spades 39.jpg,jack of spades,19,train
dataset/jack of spades 40.jpg,jack of spades,19,train
dataset/jack of spades 41.jpg,jack of spades,19,test
dataset/jack of spades 42.jpg,jack of spades,19,test
dataset/jack of spades 43.jpg,jack of spades,19,test
dataset/jack of spades 44.jpg,jack of spades,19,train
dataset/jack of spades 45.jpg,jack of spades,19,test
dataset/jack of spades 46.jpg,jack of spades,19,train
dataset/jack of spades 47.jpg,jack of spades,19,train
dataset/jack of spades 48.jpg,jack of spades,19,test
dataset/jack of spades 49.jpg,jack of spades,19,train
dataset/jack of spades 50.jpg,jack of spades,19,test
dataset/jack of spades 51.jpg,jack of spades,19,test
dataset/jack of spades 52.jpg,jack of spades,19,train
dataset/jack of spades 53.jpg,jack of spades,19,train
dataset/jack of spades 54.jpg,jack of spades,19,train
dataset/jack of spades 55.jpg,jack of spades,19,train
dataset/jack of spades 56.jpg,jack of spades,19,val
dataset/jack of spades 57.jpg,jack of spades,19,train
dataset/jack of spades 58.jpg,jack of spades,19,test
dataset/jack of spades 59.jpg,jack of spades,19,train
dataset/jack of spades 60.jpg,jack of spades,19,train
dataset/jack of spades 61.jpg,jack of spades,19,train
dataset/jack of spades 62.jpg,jack of spades,19,train
dataset/jack of spades 63.jpg,jack of spades,19,train
dataset/jack of spades 64.jpg,jack of spades,19,train
dataset/jack of spades 65.jpg,jack of spades,19,test
dataset/jack of spades 66.jpg,jack of spades,19,train
dataset/jack of spades 67.jpg,jack of spades,19,test
dataset/jack of spades 68.jpg,jack of spades,19,train
dataset/jack of spades 69.jpg,jack of spades,19,train
dataset/jack of spades 70.jpg,jack of spades,19,train
dataset/jack of spades 71.jpg,jack of spades,19,val
dataset/jack of spades 72.jpg,jack of spades,19,train
dataset/jack of spades 73.jpg,jack of spades,19,val
dataset/jack of spades 74.jpg,jack of spades,19,train
dataset/jack of spades 75.jpg,jack of spades,19,train
dataset/jack of spades 76.jpg,jack of spades,19,train
dataset/jack of spades 77.jpg,jack of spades,19,train
dataset/jack of spades 78.jpg,jack of spades,19,val
dataset/jack of spades 79.jpg,jack of spades,19,test
dataset/jack of spades 80.jpg,jack of spades,19,train
dataset/jack of spades 81.jpg,jack of spades,19,val
dataset/jack of spades 82.jpg,jack of spades,19,train
dataset/jack of spades 83.jpg,jack of spades,19,train
dataset/jack of spades 84.jpg,jack of spades,19,train
dataset/jack of spades 85.jpg,jack of spades,19,test
dataset/jack of spades 86.jpg,jack of spades,19,test
dataset/jack of spades 87.jpg,jack of spades,19,val
dataset/jack of spades 88.jpg,jack of spades,19,train
dataset/jack of spades 89.jpg,jack of spades,19,val
dataset/jack of spades 90.jpg,jack of spades,19,train
dataset/jack of spades 91.jpg,jack of spades,19,train
dataset/jack of spades 92.jpg,jack of spades,19,val
dataset/jack of spades 93.jpg,jack of spades,19,train
dataset/jack of spades 94.jpg,jack of spades,19,train
dataset/jack of spades 95.jpg,jack of spades,19,train
dataset/jack of spades 96.jpg,jack of spades,19,test
dataset/jack of spades 97.jpg,jack of spades,19,train
dataset/jack of spades 98.jpg,jack of spades,19,train
dataset/jack of spades 99.jpg,jack of spades,19,train
dataset/joker 01.jpg,joker,20,val
dataset/joker 02.jpg,joker,20,train
dataset/joker 03.jpg,joker,20,train
dataset/joker 04.jpg,joker,20,val
dataset/joker 05.jpg,joker,20,train
dataset/joker 06.jpg,joker,20,test
dataset/joker 07.jpg,joker,20,train
dataset/joker 08.jpg,joker,20,test
dataset/joker 09.jpg,joker,20,train
dataset/joker 10.jpg,joker,20,train
dataset/joker 100.jpg,joker,20,train
dataset/joker 101.jpg,joker,20,val
dataset/joker 102.jpg,joker,20,train
dataset/joker 103.jpg,joker,20,val
dataset/joker 104.jpg,joker,20,train
dataset/joker 105.jpg,joker,20,train
dataset/joker 106.jpg,joker,20,val
dataset/joker 107.jpg,joker,20,train
dataset/joker 108.jpg,joker,20,train
dataset/joker 109.jpg,joker,20,train
dataset/joker 11.jpg,joker,20,train
dataset/joker 110.jpg,joker,20,test
dataset/joker 111.jpg,joker,20,train
dataset/joker 112.jpg,joker,20,train
dataset/joker 113.jpg,joker,20,val
dataset/joker 114.jpg,joker,20,train
dataset/joker 115.jpg,joker,20,test
dataset/joker 116.jpg,joker,20,val
dataset/joker 117.jpg,joker,20,train
dataset/joker 118.jpg,joker,20,train
dataset/joker 119.jpg,joker,20,train
dataset/joker 12.jpg,joker,20,train
dataset/joker 120.jpg,joker,20,train
dataset/joker 121.jpg,joker,20,test
dataset/joker 122.jpg,joker,20,test
dataset/joker 123.jpg,joker,20,train
dataset/joker 124.jpg,joker,20,train
dataset/joker 125.jpg,joker,20,test
dataset/joker 13.jpg,joker,20,train
dataset/joker 14.jpg,joker,20,test
dataset/joker 15.jpg,joker,20,train
dataset/joker 16.jpg,joker,20,train
dataset/joker 17.jpg,joker,20,train
dataset/joker 18.jpg,joker,20,train
dataset/joker 19.jpg,joker,20,test
dataset/joker 20.jpg,joker,20,train
dataset/joker 21.jpg,joker,20,train
dataset/joker 22.jpg,joker,20,val
dataset/joker 23.jpg,joker,20,train
dataset/joker 24.jpg,joker,20,train
dataset/joker 25.jpg,joker,20,train
dataset/joker 26.jpg,joker,20,train
dataset/joker 27.jpg,joker,20,train
dataset/joker 28.jpg,joker,20,train
dataset/joker 29.jpg,joker,20,test
dataset/joker 30.jpg,joker,20,train
dataset/joker 31.jpg,joker,20,test
dataset/joker 32.jpg,joker,20,train
dataset/joker 33.jpg,joker,20,train
dataset/joker 34.jpg,joker,20,train
dataset/joker 35.jpg,joker,20,test
dataset/joker 36.jpg,joker,20,train
dataset/joker 37.jpg,joker,20,train
dataset/joker 38.jpg,joker,20,train
dataset/joker 39.jpg,joker,20,test
dataset/joker 40.jpg,joker,20,test
dataset/joker 41.jpg,joker,20,val
dataset/joker 42.jpg,joker,20,train
dataset/joker 43.jpg,joker,20,train
dataset/joker 44.jpg,joker,20,train
dataset/joker 45.jpg,joker,20,train
dataset/joker 46.jpg,joker,20,test
dataset/joker 47.jpg,joker,20,train
dataset/joker 48.jpg,joker,20,train
dataset/joker 49.jpg,joker,20,train
dataset/joker 50.jpg,joker,20,val
dataset/joker 51.jpg,joker,20,train
dataset/joker 52.jpg,joker,20,train
dataset/joker 53.jpg,joker,20,train
dataset/joker 54.jpg,joker,20,train
dataset/joker 55.jpg,joker,20,train
dataset/joker 56.jpg,joker,20,test
dataset/joker 57.jpg,joker,20,val
dataset/joker 58.jpg,joker,20,train
dataset/joker 59.jpg,joker,20,train
dataset/joker 60.jpg,joker,20,val
dataset/joker 61.jpg,joker,20,val
dataset/joker 62.jpg,joker,20,val
dataset/joker 63.jpg,joker,20,train
dataset/joker 64.jpg,joker,20,test
dataset/joker 65.jpg,joker,20,val
dataset/joker 66.jpg,joker,20,val
dataset/joker 67.jpg,joker,20,train
dataset/joker 68.jpg,joker,20,train
dataset/joker 69.jpg,joker,20,train
dataset/joker 70.jpg,joker,20,train
dataset/joker 71.jpg,joker,20,train
dataset/joker 72.jpg,joker,20,train
dataset/joker 73.jpg,joker,20,train
dataset/joker 74.jpg,joker,20,train
dataset/joker 75.jpg,joker,20,train
dataset/joker 76.jpg,joker,20,train
dataset/joker 77.jpg,joker,20,train
dataset/joker 78.jpg,joker,20,train
dataset/joker 79.jpg,joker,20,val
dataset/joker 80.jpg,joker,20,test
dataset/joker 81.jpg,joker,20,train
dataset/joker 82.jpg,joker,20,val
dataset/joker 83.jpg,joker,20,train
dataset/joker 84.jpg,joker,20,train
dataset/joker 85.jpg,joker,20,train
dataset/joker 86.jpg,joker,20,train
dataset/joker 87.jpg,joker,20,train
dataset/joker 88.jpg,joker,20,train
dataset/joker 89.jpg,joker,20,train
dataset/joker 90.jpg,joker,20,train
dataset/joker 91.jpg,joker,20,train
dataset/joker 92.jpg,joker,20,val
dataset/joker 93.jpg,joker,20,train
dataset/joker 94.jpg,joker,20,train
dataset/joker 95.jpg,joker,20,train
dataset/joker 96.jpg,joker,20,train
dataset/joker 97.jpg,joker,20,train
dataset/joker 98.jpg,joker,20,train
dataset/joker 99.jpg,joker,20,train
dataset/king of clubs 01.jpg,king of clubs,21,train
dataset/king of clubs 02.jpg,king of clubs,21,test
dataset/king of clubs 03.jpg,king of clubs,21,val
dataset/king of clubs 04.jpg,king of clubs,21,train
dataset/king of clubs 05.jpg,king of clubs,21,train
dataset/king of clubs 06.jpg,king of clubs,21,train
dataset/king of clubs 07.jpg,king of clubs,21,train
dataset/king of clubs 08.jpg,king of clubs,21,train
dataset/king of clubs 09.jpg,king of clubs,21,train
dataset/king of clubs 10.jpg,king of clubs,21,train
dataset/king of clubs 100.jpg,king of clubs,21,train
dataset/king of clubs 101.jpg,king of clubs,21,test
dataset/king of clubs 102.jpg,king of clubs,21,train
dataset/king of clubs 103.jpg,king of clubs,21,train
dataset/king of clubs 104.jpg,king of clubs,21,train
dataset/king of clubs 105.jpg,king of clubs,21,train
dataset/king of clubs 106.jpg,king of clubs,21,train
dataset/king of clubs 107.jpg,king of clubs,21,val
dataset/king of clubs 108.jpg,king of clubs,21,train
dataset/king of clubs 109.jpg,king of clubs,21,train
dataset/king of clubs 11.jpg,king of clubs,21,test
dataset/king of clubs 110.jpg,king of clubs,21,train
dataset/king of clubs 111.jpg,king of clubs,21,val
dataset/king of clubs 112.jpg,king of clubs,21,test
dataset/king of clubs 113.jpg,king of clubs,21,test
dataset/king of clubs 114.jpg,king of clubs,21,train
dataset/king of clubs 115.jpg,king of clubs,21,train
dataset/king of clubs 116.jpg,king of clubs,21,val
dataset/king of clubs 117.jpg,king of clubs,21,train
dataset/king of clubs 118.jpg,king of clubs,21,test
dataset/king of clubs 119.jpg,king of clubs,21,train
dataset/king of clubs 12.jpg,king of clubs,21,train
dataset/king of clubs 120.jpg,king of clubs,21,train
dataset/king of clubs 121.jpg,king of clubs,21,train
dataset/king of clubs 122.jpg,king of clubs,21,test
dataset/king of clubs 123.jpg,king of clubs,21,val
dataset/king of clubs 124.jpg,king of clubs,21,train
dataset/king of clubs 125.jpg,king of clubs,21,val
dataset/king of clubs 126.jpg,king of clubs,21,val
dataset/king of clubs 127.jpg,king of clubs,21,test
dataset/king of clubs 128.jpg,king of clubs,21,test
dataset/king of clubs 129.jpg,king of clubs,21,train
dataset/king of clubs 13.jpg,king of clubs,21,train
dataset/king of clubs 130.jpg,king of clubs,21,train
dataset/king of clubs 131.jpg,king of clubs,21,test
dataset/king of clubs 132.jpg,king of clubs,21,train
dataset/king of clubs 133.jpg,king of clubs,21,train
dataset/king of clubs 134.jpg,king of clubs,21,train
dataset/king of clubs 135.jpg,king of clubs,21,val
dataset/king of clubs 136.jpg,king of clubs,21,train
dataset/king of clubs 137.jpg,king of clubs,21,train
dataset/king of clubs 138.jpg,king of clubs,21,train
dataset/king of clubs 14.jpg,king of clubs,21,val
dataset/king of clubs 15.jpg,king of clubs,21,test
dataset/king of clubs 16.jpg,king of clubs,21,val
dataset/king of clubs 17.jpg,king of clubs,21,train
dataset/king of clubs 18.jpg,king of clubs,21,train
dataset/king of clubs 19.jpg,king of clubs,21,train
dataset/king of clubs 20.jpg,king of clubs,21,train
dataset/king of clubs 21.jpg,king of clubs,21,train
dataset/king of clubs 22.jpg,king of clubs,21,train
dataset/king of clubs 23.jpg,king of clubs,21,test
dataset/king of clubs 24.jpg,king of clubs,21,train
dataset/king of clubs 25.jpg,king of clubs,21,train
dataset/king of clubs 26.jpg,king of clubs,21,test
dataset/king of clubs 27.jpg,king of clubs,21,train
dataset/king of clubs 28.jpg,king of clubs,21,train
dataset/king of clubs 29.jpg,king of clubs,21,train
dataset/king of clubs 30.jpg,king of clubs,21,train
dataset/king of clubs 31.jpg,king of clubs,21,train
dataset/king of clubs 32.jpg,king of clubs,21,train
dataset/king of clubs 33.jpg,king of clubs,21,train
dataset/king of clubs 34.jpg,king of clubs,21,val
dataset/king of clubs 35.jpg,king of clubs,21,train
dataset/king of clubs 36.jpg,king of clubs,21,train
dataset/king of clubs 37.jpg,king of clubs,21,train
dataset/king of clubs 38.jpg,king of clubs,21,train
dataset/king of clubs 39.jpg,king of clubs,21,train
dataset/king of clubs 40.jpg,king of clubs,21,test
dataset/king of clubs 41.jpg,king of clubs,21,train
dataset/king of clubs 42.jpg,king of clubs,21,val
dataset/king of clubs 43.jpg,king of clubs,21,train
dataset/king of clubs 44.jpg,king of clubs,21,train
dataset/king of clubs 45.jpg,king of clubs,21,val
dataset/king of clubs 46.jpg,king of clubs,21,val
dataset/king of clubs 47.jpg,king of clubs,21,train
dataset/king of clubs 48.jpg,king of clubs,21,train
dataset/king of clubs 49.jpg,king of clubs,21,train
dataset/king of clubs 50.jpg,king of clubs,21,train
dataset/king of clubs 51.jpg,king of clubs,21,val
dataset/king of clubs 52.jpg,king of clubs,21,train
dataset/king of clubs 53.jpg,king of clubs,21,train
dataset/king of clubs 54.jpg,king of clubs,21,test
dataset/king of clubs 55.jpg,king of clubs,21,val
dataset/king of clubs 56.jpg,king of clubs,21,val
dataset/king of clubs 57.jpg,king of clubs,21,train
dataset/king of clubs 58.jpg,king of clubs,21,train
dataset/king of clubs 59.jpg,king of clubs,21,train
dataset/king of clubs 60.jpg,king of clubs,21,test
dataset/king of clubs 61.jpg,king of clubs,21,train
dataset/king of clubs 62.jpg,king of clubs,21,val
dataset/king of clubs 63.jpg,king of clubs,21,train
dataset/king of clubs 64.jpg,king of clubs,21,train
dataset/king of clubs 65.jpg,king of clubs,21,train
dataset/king of clubs 66.jpg,king of clubs,21,train
dataset/king of clubs 67.jpg,king of clubs,21,train
dataset/king of clubs 68.jpg,king of clubs,21,test
dataset/king of clubs 69.jpg,king of clubs,21,train
dataset/king of clubs 70.jpg,king of clubs,21,train
dataset/king of clubs 71.jpg,king of clubs,21,train
dataset/king of clubs 72.jpg,king of clubs,21,train
dataset/king of clubs 73.jpg,king of clubs,21,train
dataset/king of clubs 74.jpg,king of clubs,21,train
dataset/king of clubs 75.jpg,king of clubs,21,train
dataset/king of clubs 76.jpg,king of clubs,21,train
dataset/king of clubs 77.jpg,king of clubs,21,train
dataset/king of clubs 78.jpg,king of clubs,21,val
dataset/king of clubs 79.jpg,king of clubs,21,test
dataset/king of clubs 80.jpg,king of clubs,21,test
dataset/king of clubs 81.jpg,king of clubs,21,train
dataset/king of clubs 82.jpg,king of clubs,21,val
dataset/king of clubs 83.jpg,king of clubs,21,train
dataset/king of clubs 84.jpg,king of clubs,21,train
dataset/king of clubs 85.jpg,king of clubs,21,train
dataset/king of clubs 86.jpg,king of clubs,21,train
dataset/king of clubs 87.jpg,king of clubs,21,train
dataset/king of clubs 88.jpg,king of clubs,21,train
dataset/king of clubs 89.jpg,king of clubs,21,train
dataset/king of clubs 90.jpg,king of clubs,21,train
dataset/king of clubs 91.jpg,king of clubs,21,train
dataset/king of clubs 92.jpg,king of clubs,21,test
dataset/king of clubs 93.jpg,king of clubs,21,train
dataset/king of clubs 94.jpg,king of clubs,21,train
dataset/king of clubs 95.jpg,king of clubs,21,train
dataset/king of clubs 96.jpg,king of clubs,21,val
dataset/king of clubs 97.jpg,king of clubs,21,train
dataset/king of clubs 98.jpg,king of clubs,21,train
dataset/king of clubs 99.jpg,king of clubs,21,train
dataset/king of diamonds 01.jpg,king of diamonds,22,train
dataset/king of diamonds 02.jpg,king of diamonds,22,train
dataset/king of diamonds 03.jpg,king of diamonds,22,train
dataset/king of diamonds 04.jpg,king of diamonds,22,train
dataset/king of diamonds 05.jpg,king of diamonds,22,test
dataset/king of diamonds 06.jpg,king of diamonds,22,train
dataset/king of diamonds 07.jpg,king of diamonds,22,train
dataset/king of diamonds 08.jpg,king of diamonds,22,test
dataset/king of diamonds 09.jpg,king of diamonds,22,train
dataset/king of diamonds 10.jpg,king of diamonds,22,train
dataset/king of diamonds 100.jpg,king of diamonds,22,val
dataset/king of diamonds 101.jpg,king of diamonds,22,train
dataset/king of diamonds 102.jpg,king of diamonds,22,test
dataset/king of diamonds 103.jpg,king of diamonds,22,train
dataset/king of diamonds 104.jpg,king of diamonds,22,train
dataset/king of diamonds 105.jpg,king of diamonds,22,train
dataset/king of diamonds 106.jpg,king of diamonds,22,test
dataset/king of diamonds 107.jpg,king of diamonds,22,train
dataset/king of diamonds 108.jpg,king of diamonds,22,val
dataset/king of diamonds 109.jpg,king of diamonds,22,train
dataset/king of diamonds 11.jpg,king of diamonds,22,test
dataset/king of diamonds 110.jpg,king of diamonds,22,train
dataset/king of diamonds 111.jpg,king of diamonds,22,train
dataset/king of diamonds 112.jpg,king of diamonds,22,test
dataset/king of diamonds 113.jpg,king of diamonds,22,train
dataset/king of diamonds 114.jpg,king of diamonds,22,train
dataset/king of diamonds 115.jpg,king of diamonds,22,train
dataset/king of diamonds 116.jpg,king of diamonds,22,val
dataset/king of diamonds 117.jpg,king of diamonds,22,train
dataset/king of diamonds 118.jpg,king of diamonds,22,train
dataset/king of diamonds 119.jpg,king of diamonds,22,train
dataset/king of diamonds 12.jpg,king of diamonds,22,train
dataset/king of diamonds 120.jpg,king of diamonds,22,train
dataset/king of diamonds 121.jpg,king of diamonds,22,train
dataset/king of diamonds 122.jpg,king of diamonds,22,train
dataset/king of diamonds 123.jpg,king of diamonds,22,val
dataset/king of diamonds 124.jpg,king of diamonds,22,test
dataset/king of diamonds 125.jpg,king of diamonds,22,train
dataset/king of diamonds 126.jpg,king of diamonds,22,train
dataset/king of diamonds 127.jpg,king of diamonds,22,train
dataset/king of diamonds 128.jpg,king of diamonds,22,train
dataset/king of diamonds 129.jpg,king of diamonds,22,test
dataset/king of diamonds 13.jpg,king of diamonds,22,train
dataset/king of diamonds 130.jpg,king of diamonds,22,test
dataset/king of diamonds 131.jpg,king of diamonds,22,train
dataset/king of diamonds 132.jpg,king of diamonds,22,train
dataset/king of diamonds 133.jpg,king of diamonds,22,train
dataset/king of diamonds 134.jpg,king of diamonds,22,train
dataset/king of diamonds 135.jpg,king of diamonds,22,train
dataset/king of diamonds 136.jpg,king of diamonds,22,train
dataset/king of diamonds 137.jpg,king of diamonds,22,val
dataset/king of diamonds 138.jpg,king of diamonds,22,train
dataset/king of diamonds 139.jpg,king of diamonds,22,train
dataset/king of diamonds 14.jpg,king of diamonds,22,train
dataset/king of diamonds 140.jpg,king of diamonds,22,train
dataset/king of diamonds 141.jpg,king of diamonds,22,train
dataset/king of diamonds 142.jpg,king of diamonds,22,train
dataset/king of diamonds 143.jpg,king of diamonds,22,train
dataset/king of diamonds 144.jpg,king of diamonds,22,train
dataset/king of diamonds 145.jpg,king of diamonds,22,train
dataset/king of diamonds 15.jpg,king of diamonds,22,train
dataset/king of diamonds 16.jpg,king of diamonds,22,train
dataset/king of diamonds 17.jpg,king of diamonds,22,train
dataset/king of diamonds 18.jpg,king of diamonds,22,val
dataset/king of diamonds 19.jpg,king of diamonds,22,train
dataset/king of diamonds 20.jpg,king of diamonds,22,train
dataset/king of diamonds 21.jpg,king of diamonds,22,train
dataset/king of diamonds 22.jpg,king of diamonds,22,val
dataset/king of diamonds 23.jpg,king of diamonds,22,train
dataset/king of diamonds 24.jpg,king of diamonds,22,train
dataset/king of diamonds 25.jpg,king of diamonds,22,train
dataset/king of diamonds 26.jpg,king of diamonds,22,train
dataset/king of diamonds 27.jpg,king of diamonds,22,train
dataset/king of diamonds 28.jpg,king of diamonds,22,train
dataset/king of diamonds 29.jpg,king of diamonds,22,train
dataset/king of diamonds 30.jpg,king of diamonds,22,train
dataset/king of diamonds 31.jpg,king of diamonds,22,train
dataset/king of diamonds 32.jpg,king of diamonds,22,train
dataset/king of diamonds 33.jpg,king of diamonds,22,train
dataset/king of diamonds 34.jpg,king of diamonds,22,train
dataset/king of diamonds 35.jpg,king of diamonds,22,train
dataset/king of diamonds 36.jpg,king of diamonds,22,test
dataset/king of diamonds 37.jpg,king of diamonds,22,train
dataset/king of diamonds 38.jpg,king of diamonds,22,train
dataset/king of diamonds 39.jpg,king of diamonds,22,val
dataset/king of diamonds 40.jpg,king of diamonds,22,test
dataset/king of diamonds 41.jpg,king of diamonds,22,val
dataset/king of diamonds 42.jpg,king of diamonds,22,train
dataset/king of diamonds 43.jpg,king of diamonds,22,train
dataset/king of diamonds 44.jpg,king of diamonds,22,train
dataset/king of diamonds 45.jpg,king of diamonds,22,test
dataset/king of diamonds 46.jpg,king of diamonds,22,val
dataset/king of diamonds 47.jpg,king of diamonds,22,train
dataset/king of diamonds 48.jpg,king of diamonds,22,train
dataset/king of diamonds 49.jpg,king of diamonds,22,train
dataset/king of diamonds 50.jpg,king of diamonds,22,train
dataset/king of diamonds 51.jpg,king of diamonds,22,train
dataset/king of diamonds 52.jpg,king of diamonds,22,val
dataset/king of diamonds 53.jpg,king of diamonds,22,test
dataset/king of diamonds 54.jpg,king of diamonds,22,val
dataset/king of diamonds 55.jpg,king of diamonds,22,test
dataset/king of diamonds 56.jpg,king of diamonds,22,train
dataset/king of diamonds 57.jpg,king of diamonds,22,val
dataset/king of diamonds 58.jpg,king of diamonds,22,test
dataset/king of diamonds 59.jpg,king of diamonds,22,train
dataset/king of diamonds 60.jpg,king of diamonds,22,train
dataset/king of diamonds 61.jpg,king of diamonds,22,train
dataset/king of diamonds 62.jpg,king of diamonds,22,train
dataset/king of diamonds 63.jpg,king of diamonds,22,test
dataset/king of diamonds 64.jpg,king of diamonds,22,train
dataset/king of diamonds 65.jpg,king of diamonds,22,val
dataset/king of diamonds 66.jpg,king of diamonds,22,train
dataset/king of diamonds 67.jpg,king of diamonds,22,train
dataset/king of diamonds 68.jpg,king of diamonds,22,train
dataset/king of diamonds 69.jpg,king of diamonds,22,test
dataset/king of diamonds 70.jpg,king of diamonds,22,train
dataset/king of diamonds 71.jpg,king of diamonds,22,train
dataset/king of diamonds 72.jpg,king of diamonds,22,train
dataset/king of diamonds 73.jpg,king of diamonds,22,train
dataset/king of diamonds 74.jpg,king of diamonds,22,train
dataset/king of diamonds 75.jpg,king of diamonds,22,val
dataset/king of diamonds 76.jpg,king of diamonds,22,train
dataset/king of diamonds 77.jpg,king of diamonds,22,test
dataset/king of diamonds 78.jpg,king of diamonds,22,train
dataset/king of diamonds 79.jpg,king of diamonds,22,val
dataset/king of diamonds 80.jpg,king of diamonds,22,train
dataset/king of diamonds 81.jpg,king of diamonds,22,val
dataset/king of diamonds 82.jpg,king of diamonds,22,test
dataset/king of diamonds 83.jpg,king of diamonds,22,test
dataset/king of diamonds 84.jpg,king of diamonds,22,test
dataset/king of diamonds 85.jpg,king of diamonds,22,val
dataset/king of diamonds 86.jpg,king of diamonds,22,test
dataset/king of diamonds 87.jpg,king of diamonds,22,train
dataset/king of diamonds 88.jpg,king of diamonds,22,val
dataset/king of diamonds 89.jpg,king of diamonds,22,train
dataset/king of diamonds 90.jpg,king of diamonds,22,train
dataset/king of diamonds 91.jpg,king of diamonds,22,train
dataset/king of diamonds 92.jpg,king of diamonds,22,val
dataset/king of diamonds 93.jpg,king of diamonds,22,val
dataset/king of diamonds 94.jpg,king of diamonds,22,train
dataset/king of diamonds 95.jpg,king of diamonds,22,val
dataset/king of diamonds 96.jpg,king of diamonds,22,train
dataset/king of diamonds 97.jpg,king of diamonds,22,train
dataset/king of diamonds 98.jpg,king of diamonds,22,train
dataset/king of diamonds 99.jpg,king of diamonds,22,train
dataset/king of hearts 01.jpg,king of hearts,23,train
dataset/king of hearts 02.jpg,king of hearts,23,train
dataset/king of hearts 03.jpg,king of hearts,23,val
dataset/king of hearts 04.jpg,king of hearts,23,test
dataset/king of hearts 05.jpg,king of hearts,23,train
dataset/king of hearts 06.jpg,king of hearts,23,train
dataset/king of hearts 07.jpg,king of hearts,23,train
dataset/king of hearts 08.jpg,king of hearts,23,test
dataset/king of hearts 09.jpg,king of hearts,23,test
dataset/king of hearts 10.jpg,king of hearts,23,train
dataset/king of hearts 100.jpg,king of hearts,23,train
dataset/king of hearts 101.jpg,king of hearts,23,train
dataset/king of hearts 102.jpg,king of hearts,23,val
dataset/king of hearts 103.jpg,king of hearts,23,val
dataset/king of hearts 104.jpg,king of hearts,23,train
dataset/king of hearts 105.jpg,king of hearts,23,val
dataset/king of hearts 106.jpg,king of hearts,23,test
dataset/king of hearts 107.jpg,king of hearts,23,train
dataset/king of hearts 108.jpg,king of hearts,23,train
dataset/king of hearts 109.jpg,king of hearts,23,train
dataset/king of hearts 11.jpg,king of hearts,23,train
dataset/king of hearts 110.jpg,king of hearts,23,train
dataset/king of hearts 111.jpg,king of hearts,23,val
dataset/king of hearts 112.jpg,king of hearts,23,train
dataset/king of hearts 113.jpg,king of hearts,23,train
dataset/king of hearts 114.jpg,king of hearts,23,train
dataset/king of hearts 115.jpg,king of hearts,23,train
dataset/king of hearts 116.jpg,king of hearts,23,train
dataset/king of hearts 117.jpg,king of hearts,23,train
dataset/king of hearts 118.jpg,king of hearts,23,train
dataset/king of hearts 119.jpg,king of hearts,23,test
dataset/king of hearts 12.jpg,king of hearts,23,train
dataset/king of hearts 120.jpg,king of hearts,23,train
dataset/king of hearts 121.jpg,king of hearts,23,val
dataset/king of hearts 122.jpg,king of hearts,23,train
dataset/king of hearts 123.jpg,king of hearts,23,train
dataset/king of hearts 124.jpg,king of hearts,23,train
dataset/king of hearts 125.jpg,king of hearts,23,train
dataset/king of hearts 126.jpg,king of hearts,23,test
dataset/king of hearts 127.jpg,king of hearts,23,test
dataset/king of hearts 128.jpg,king of hearts,23,train
dataset/king of hearts 129.jpg,king of hearts,23,train
dataset/king of hearts 13.jpg,king of hearts,23,train
dataset/king of hearts 130.jpg,king of hearts,23,train
dataset/king of hearts 131.jpg,king of hearts,23,test
dataset/king of hearts 132.jpg,king of hearts,23,train
dataset/king of hearts 133.jpg,king of hearts,23,train
dataset/king of hearts 134.jpg,king of hearts,23,train
dataset/king of hearts 135.jpg,king of hearts,23,train
dataset/king of hearts 14.jpg,king of hearts,23,train
dataset/king of hearts 15.jpg,king of hearts,23,train
dataset/king of hearts 16.jpg,king of hearts,23,train
dataset/king of hearts 17.jpg,king of hearts,23,train
dataset/king of hearts 18.jpg,king of hearts,23,train
dataset/king of hearts 19.jpg,king of hearts,23,train
dataset/king of hearts 20.jpg,king of hearts,23,val
dataset/king of hearts 21.jpg,king of hearts,23,train
dataset/king of hearts 22.jpg,king of hearts,23,train
dataset/king of hearts 23.jpg,king of hearts,23,train
dataset/king of hearts 24.jpg,king of hearts,23,test
dataset/king of hearts 25.jpg,king of hearts,23,test
dataset/king of hearts 26.jpg,king of hearts,23,train
dataset/king of hearts 27.jpg,king of hearts,23,train
dataset/king of hearts 28.jpg,king of hearts,23,train
dataset/king of hearts 29.jpg,king of hearts,23,train
dataset/king of hearts 30.jpg,king of hearts,23,test
dataset/king of hearts 31.jpg,king of hearts,23,val
dataset/king of hearts 32.jpg,king of hearts,23,train
dataset/king of hearts 33.jpg,king of hearts,23,train
dataset/king of hearts 34.jpg,king of hearts,23,train
dataset/king of hearts 35.jpg,king of hearts,23,train
dataset/king of hearts 36.jpg,king of hearts,23,test
dataset/king of hearts 37.jpg,king of hearts,23,train
dataset/king of hearts 38.jpg,king of hearts,23,train
dataset/king of hearts 39.jpg,king of hearts,23,val
dataset/king of hearts 40.jpg,king of hearts,23,train
dataset/king of hearts 41.jpg,king of hearts,23,val
dataset/king of hearts 42.jpg,king of hearts,23,train
dataset/king of hearts 43.jpg,king of hearts,23,train
dataset/king of hearts 44.jpg,king of hearts,23,train
dataset/king of hearts 45.jpg,king of hearts,23,train
dataset/king of hearts 46.jpg,king of hearts,23,train
dataset/king of hearts 47.jpg,king of hearts,23,val
dataset/king of hearts 48.jpg,king of hearts,23,train
dataset/king of hearts 49.jpg,king of hearts,23,train
dataset/king of hearts 50.jpg,king of hearts,23,train
dataset/king of hearts 51.jpg,king of hearts,23,val
dataset/king of hearts 52.jpg,king of hearts,23,train
dataset/king of hearts 53.jpg,king of hearts,23,train
dataset/king of hearts 54.jpg,king of hearts,23,test
dataset/king of hearts 55.jpg,king of hearts,23,train
dataset/king of hearts 56.jpg,king of hearts,23,train
dataset/king of hearts 57.jpg,king of hearts,23,train
dataset/king of hearts 58.jpg,king of hearts,23,train
dataset/king of hearts 59.jpg,king of hearts,23,train
dataset/king of hearts 60.jpg,king of hearts,23,test
dataset/king of hearts 61.jpg,king of hearts,23,train
dataset/king of hearts 62.jpg,king of hearts,23,train
dataset/king of hearts 63.jpg,king of hearts,23,val
dataset/king of hearts 64.jpg,king of hearts,23,train
dataset/king of hearts 65.jpg,king of hearts,23,train
dataset/king of hearts 66.jpg,king of hearts,23,test
dataset/king of hearts 67.jpg,king of hearts,23,train
dataset/king of hearts 68.jpg,king of hearts,23,train
dataset/king of hearts 69.jpg,king of hearts,23,train
dataset/king of hearts 70.jpg,king of hearts,23,test
dataset/king of hearts 71.jpg,king of hearts,23,train
dataset/king of hearts 72.jpg,king of hearts,23,train
dataset/king of hearts 73.jpg,king of hearts,23,train
dataset/king of hearts 74.jpg,king of hearts,23,test
dataset/king of hearts 75.jpg,king of hearts,23,test
dataset/king of hearts 76.jpg,king of hearts,23,train
dataset/king of hearts 77.jpg,king of hearts,23,train
dataset/king of hearts 78.jpg,king of hearts,23,val
dataset/king of hearts 79.jpg,king of hearts,23,val
dataset/king of hearts 80.jpg,king of hearts,23,test
dataset/king of hearts 81.jpg,king of hearts,23,train
dataset/king of hearts 82.jpg,king of hearts,23,train
dataset/king of hearts 83.jpg,king of hearts,23,train
dataset/king of hearts 84.jpg,king of hearts,23,val
dataset/king of hearts 85.jpg,king of hearts,23,train
dataset/king of hearts 86.jpg,king of hearts,23,val
dataset/king of hearts 87.jpg,king of hearts,23,train
dataset/king of hearts 88.jpg,king of hearts,23,test
dataset/king of hearts 89.jpg,king of hearts,23,train
dataset/king of hearts 90.jpg,king of hearts,23,train
dataset/king of hearts 91.jpg,king of hearts,23,train
dataset/king of hearts 92.jpg,king of hearts,23,val
dataset/king of hearts 93.jpg,king of hearts,23,train
dataset/king of hearts 94.jpg,king of hearts,23,val
dataset/king of hearts 95.jpg,king of hearts,23,train
dataset/king of hearts 96.jpg,king of hearts,23,train
dataset/king of hearts 97.jpg,king of hearts,23,val
dataset/king of hearts 98.jpg,king of hearts,23,train
dataset/king of hearts 99.jpg,king of hearts,23,train
dataset/king of spades 01.jpg,king of spades,24,train
dataset/king of spades 02.jpg,king of spades,24,train
dataset/king of spades 03.jpg,king of spades,24,train
dataset/king of spades 04.jpg,king of spades,24,train
dataset/king of spades 05.jpg,king of spades,24,train
dataset/king of spades 06.jpg,king of spades,24,train
dataset/king of spades 07.jpg,king of spades,24,val
dataset/king of spades 08.jpg,king of spades,24,test
dataset/king of spades 09.jpg,king of spades,24,val
dataset/king of spades 10.jpg,king of spades,24,train
dataset/king of spades 100.jpg,king of spades,24,test
dataset/king of spades 101.jpg,king of spades,24,train
dataset/king of spades 102.jpg,king of spades,24,test
dataset/king of spades 103.jpg,king of spades,24,train
dataset/king of spades 104.jpg,king of spades,24,train
dataset/king of spades 105.jpg,king of spades,24,test
dataset/king of spades 106.jpg,king of spades,24,val
dataset/king of spades 107.jpg,king of spades,24,test
dataset/king of spades 108.jpg,king of spades,24,train
dataset/king of spades 109.jpg,king of spades,24,train
dataset/king of spades 11.jpg,king of spades,24,test
dataset/king of spades 110.jpg,king of spades,24,train
dataset/king of spades 111.jpg,king of spades,24,test
dataset/king of spades 112.jpg,king of spades,24,val
dataset/king of spades 113.jpg,king of spades,24,val
dataset/king of spades 114.jpg,king of spades,24,train
dataset/king of spades 115.jpg,king of spades,24,train
dataset/king of spades 116.jpg,king of spades,24,val
dataset/king of spades 117.jpg,king of spades,24,train
dataset/king of spades 118.jpg,king of spades,24,train
dataset/king of spades 119.jpg,king of spades,24,val
dataset/king of spades 12.jpg,king of spades,24,train
dataset/king of spades 120.jpg,king of spades,24,train
dataset/king of spades 121.jpg,king of spades,24,val
dataset/king of spades 122.jpg,king of spades,24,train
dataset/king of spades 123.jpg,king of spades,24,test
dataset/king of spades 124.jpg,king of spades,24,test
dataset/king of spades 125.jpg,king of spades,24,train
dataset/king of spades 126.jpg,king of spades,24,train
dataset/king of spades 127.jpg,king of spades,24,train
dataset/king of spades 128.jpg,king of spades,24,val
dataset/king of spades 129.jpg,king of spades,24,test
dataset/king of spades 13.jpg,king of spades,24,train
dataset/king of spades 130.jpg,king of spades,24,train
dataset/king of spades 131.jpg,king of spades,24,test
dataset/king of spades 132.jpg,king of spades,24,train
dataset/king of spades 133.jpg,king of spades,24,val
dataset/king of spades 134.jpg,king of spades,24,val
dataset/king of spades 135.jpg,king of spades,24,train
dataset/king of spades 136.jpg,king of spades,24,train
dataset/king of spades 137.jpg,king of spades,24,train
dataset/king of spades 138.jpg,king of spades,24,train
dataset/king of spades 139.jpg,king of spades,24,train
dataset/king of spades 14.jpg,king of spades,24,test
dataset/king of spades 140.jpg,king of spades,24,train
dataset/king of spades 141.jpg,king of spades,24,test
dataset/king of spades 142.jpg,king of spades,24,train
dataset/king of spades 143.jpg,king of spades,24,train
dataset/king of spades 144.jpg,king of spades,24,train
dataset/king of spades 145.jpg,king of spades,24,train
dataset/king of spades 146.jpg,king of spades,24,train
dataset/king of spades 147.jpg,king of spades,24,train
dataset/king of spades 148.jpg,king of spades,24,train
dataset/king of spades 149.jpg,king of spades,24,train
dataset/king of spades 15.jpg,king of spades,24,train
dataset/king of spades 150.jpg,king of spades,24,train
dataset/king of spades 151.jpg,king of spades,24,train
dataset/king of spades 152.jpg,king of spades,24,train
dataset/king of spades 153.jpg,king of spades,24,train
dataset/king of spades 154.jpg,king of spades,24,train
dataset/king of spades 155.jpg,king of spades,24,train
dataset/king of spades 156.jpg,king of spades,24,train
dataset/king of spades 157.jpg,king of spades,24,val
dataset/king of spades 158.jpg,king of spades,24,train
dataset/king of spades 159.jpg,king of spades,24,train
dataset/king of spades 16.jpg,king of spades,24,train
dataset/king of spades 160.jpg,king of spades,24,train
dataset/king of spades 161.jpg,king of spades,24,train
dataset/king of spades 17.jpg,king of spades,24,train
dataset/king of spades 18.jpg,king of spades,24,train
dataset/king of spades 19.jpg,king of spades,24,train
dataset/king of spades 20.jpg,king of spades,24,train
dataset/king of spades 21.jpg,king of spades,24,train
dataset/king of spades 22.jpg,king of spades,24,test
dataset/king of spades 23.jpg,king of spades,24,train
dataset/king of spades 24.jpg,king of spades,24,test
dataset/king of spades 25.jpg,king of spades,24,val
dataset/king of spades 26.jpg,king of spades,24,val
dataset/king of spades 27.jpg,king of spades,24,train
dataset/king of spades 28.jpg,king of spades,24,train
dataset/king of spades 29.jpg,king of spades,24,train
dataset/king of spades 30.jpg,king of spades,24,train
dataset/king of spades 31.jpg,king of spades,24,train
dataset/king of spades 32.jpg,king of spades,24,test
dataset/king of spades 33.jpg,king of spades,24,train
dataset/king of spades 34.jpg,king of spades,24,train
dataset/king of spades 35.jpg,king of spades,24,val
dataset/king of spades 36.jpg,king of spades,24,train
dataset/king of spades 37.jpg,king of spades,24,test
dataset/king of spades 38.jpg,king of spades,24,val
dataset/king of spades 39.jpg,king of spades,24,val
dataset/king of spades 40.jpg,king of spades,24,train
dataset/king of spades 41.jpg,king of spades,24,val
dataset/king of spades 42.jpg,king of spades,24,train
dataset/king of spades 43.jpg,king of spades,24,test
dataset/king of spades 44.jpg,king of spades,24,train
dataset/king of spades 45.jpg,king of spades,24,train
dataset/king of spades 46.jpg,king of spades,24,val
dataset/king of spades 47.jpg,king of spades,24,test
dataset/king of spades 48.jpg,king of spades,24,train
dataset/king of spades 49.jpg,king of spades,24,train
dataset/king of spades 50.jpg,king of spades,24,train
dataset/king of spades 51.jpg,king of spades,24,train
dataset/king of spades 52.jpg,king of spades,24,train
dataset/king of spades 53.jpg,king of spades,24,train
dataset/king of spades 54.jpg,king of spades,24,train
dataset/king of spades 55.jpg,king of spades,24,train
dataset/king of spades 56.jpg,king of spades,24,train
dataset/king of spades 57.jpg,king of spades,24,train
dataset/king of spades 58.jpg,king of spades,24,test
dataset/king of spades 59.jpg,king of spades,24,train
dataset/king of spades 60.jpg,king of spades,24,train
dataset/king of spades 61.jpg,king of spades,24,train
dataset/king of spades 62.jpg,king of spades,24,val
dataset/king of spades 63.jpg,king of spades,24,train
dataset/king of spades 64.jpg,king of spades,24,train
dataset/king of spades 65.jpg,king of spades,24,train
dataset/king of spades 66.jpg,king of spades,24,train
dataset/king of spades 67.jpg,king of spades,24,train
dataset/king of spades 68.jpg,king of spades,24,test
dataset/king of spades 69.jpg,king of spades,24,train
dataset/king of spades 70.jpg,king of spades,24,train
dataset/king of spades 71.jpg,king of spades,24,train
dataset/king of spades 72.jpg,king of spades,24,test
dataset/king of spades 73.jpg,king of spades,24,train
dataset/king of spades 74.jpg,king of spades,24,val
dataset/king of spades 75.jpg,king of spades,24,train
dataset/king of spades 76.jpg,king of spades,24,val
dataset/king of spades 77.jpg,king of spades,24,train
dataset/king of spades 78.jpg,king of spades,24,test
dataset/king of spades 79.jpg,king of spades,24,train
dataset/king of spades 80.jpg,king of spades,24,train
dataset/king of spades 81.jpg,king of spades,24,train
dataset/king of spades 82.jpg,king of spades,24,train
dataset/king of spades 83.jpg,king of spades,24,train
dataset/king of spades 84.jpg,king of spades,24,train
dataset/king of spades 85.jpg,king of spades,24,train
dataset/king of spades 86.jpg,king of spades,24,train
dataset/king of spades 87.jpg,king of spades,24,val
dataset/king of spades 88.jpg,king of spades,24,train
dataset/king of spades 89.jpg,king of spades,24,train
dataset/king of spades 90.jpg,king of spades,24,train
dataset/king of spades 91.jpg,king of spades,24,train
dataset/king of spades 92.jpg,king of spades,24,train
dataset/king of spades 93.jpg,king of spades,24,train
dataset/king of spades 94.jpg,king of spades,24,test
dataset/king of spades 95.jpg,king of spades,24,val
dataset/king of spades 96.jpg,king of spades,24,train
dataset/king of spades 97.jpg,king of spades,24,train
dataset/king of spades 98.jpg,king of spades,24,train
dataset/king of spades 99.jpg,king of spades,24,train
dataset/nine of clubs 01.jpg,nine of clubs,25,train
dataset/nine of clubs 02.jpg,nine of clubs,25,train
dataset/nine of clubs 03.jpg,nine of clubs,25,train
dataset/nine of clubs 04.jpg,nine of clubs,25,train
dataset/nine of clubs 05.jpg,nine of clubs,25,test
dataset/nine of clubs 06.jpg,nine of clubs,25,train
dataset/nine of clubs 07.jpg,nine of clubs,25,train
dataset/nine of clubs 08.jpg,nine of clubs,25,train
dataset/nine of clubs 09.jpg,nine of clubs,25,train
dataset/nine of clubs 10.jpg,nine of clubs,25,train
dataset/nine of clubs 100.jpg,nine of clubs,25,test
dataset/nine of clubs 101.jpg,nine of clubs,25,train
dataset/nine of clubs 102.jpg,nine of clubs,25,train
dataset/nine of clubs 103.jpg,nine of clubs,25,train
dataset/nine of clubs 104.jpg,nine of clubs,25,test
dataset/nine of clubs 105.jpg,nine of clubs,25,train
dataset/nine of clubs 106.jpg,nine of clubs,25,train
dataset/nine of clubs 107.jpg,nine of clubs,25,train
dataset/nine of clubs 108.jpg,nine of clubs,25,train
dataset/nine of clubs 109.jpg,nine of clubs,25,train
dataset/nine of clubs 11.jpg,nine of clubs,25,test
dataset/nine of clubs 110.jpg,nine of clubs,25,train
dataset/nine of clubs 111.jpg,nine of clubs,25,train
dataset/nine of clubs 112.jpg,nine of clubs,25,train
dataset/nine of clubs 113.jpg,nine of clubs,25,train
dataset/nine of clubs 114.jpg,nine of clubs,25,test
dataset/nine of clubs 115.jpg,nine of clubs,25,val
dataset/nine of clubs 116.jpg,nine of clubs,25,val
dataset/nine of clubs 117.jpg,nine of clubs,25,train
dataset/nine of clubs 118.jpg,nine of clubs,25,train
dataset/nine of clubs 119.jpg,nine of clubs,25,val
dataset/nine of clubs 12.jpg,nine of clubs,25,train
dataset/nine of clubs 120.jpg,nine of clubs,25,val
dataset/nine of clubs 121.jpg,nine of clubs,25,train
dataset/nine of clubs 122.jpg,nine of clubs,25,train
dataset/nine of clubs 123.jpg,nine of clubs,25,train
dataset/nine of clubs 124.jpg,nine of clubs,25,train
dataset/nine of clubs 125.jpg,nine of clubs,25,val
dataset/nine of clubs 126.jpg,nine of clubs,25,train
dataset/nine of clubs 127.jpg,nine of clubs,25,train
dataset/nine of clubs 128.jpg,nine of clubs,25,train
dataset/nine of clubs 129.jpg,nine of clubs,25,train
dataset/nine of clubs 13.jpg,nine of clubs,25,train
dataset/nine of clubs 130.jpg,nine of clubs,25,train
dataset/nine of clubs 131.jpg,nine of clubs,25,test
dataset/nine of clubs 132.jpg,nine of clubs,25,test
dataset/nine of clubs 133.jpg,nine of clubs,25,test
dataset/nine of clubs 134.jpg,nine of clubs,25,train
dataset/nine of clubs 14.jpg,nine of clubs,25,test
dataset/nine of clubs 15.jpg,nine of clubs,25,val
dataset/nine of clubs 16.jpg,nine of clubs,25,train
dataset/nine of clubs 17.jpg,nine of clubs,25,test
dataset/nine of clubs 18.jpg,nine of clubs,25,train
dataset/nine of clubs 19.jpg,nine of clubs,25,val
dataset/nine of clubs 20.jpg,nine of clubs,25,train
dataset/nine of clubs 21.jpg,nine of clubs,25,train
dataset/nine of clubs 22.jpg,nine of clubs,25,val
dataset/nine of clubs 23.jpg,nine of clubs,25,train
dataset/nine of clubs 24.jpg,nine of clubs,25,train
dataset/nine of clubs 25.jpg,nine of clubs,25,val
dataset/nine of clubs 26.jpg,nine of clubs,25,val
dataset/nine of clubs 27.jpg,nine of clubs,25,train
dataset/nine of clubs 28.jpg,nine of clubs,25,train
dataset/nine of clubs 29.jpg,nine of clubs,25,train
dataset/nine of clubs 30.jpg,nine of clubs,25,val
dataset/nine of clubs 31.jpg,nine of clubs,25,train
dataset/nine of clubs 32.jpg,nine of clubs,25,train
dataset/nine of clubs 33.jpg,nine of clubs,25,val
dataset/nine of clubs 34.jpg,nine of clubs,25,test
dataset/nine of clubs 35.jpg,nine of clubs,25,train
dataset/nine of clubs 36.jpg,nine of clubs,25,train
dataset/nine of clubs 37.jpg,nine of clubs,25,train
dataset/nine of clubs 38.jpg,nine of clubs,25,train
dataset/nine of clubs 39.jpg,nine of clubs,25,train
dataset/nine of clubs 40.jpg,nine of clubs,25,val
dataset/nine of clubs 41.jpg,nine of clubs,25,train
dataset/nine of clubs 42.jpg,nine of clubs,25,train
dataset/nine of clubs 43.jpg,nine of clubs,25,train
dataset/nine of clubs 44.jpg,nine of clubs,25,train
dataset/nine of clubs 45.jpg,nine of clubs,25,train
dataset/nine of clubs 46.jpg,nine of clubs,25,train
dataset/nine of clubs 47.jpg,nine of clubs,25,train
dataset/nine of clubs 48.jpg,nine of clubs,25,test
dataset/nine of clubs 49.jpg,nine of clubs,25,val
dataset/nine of clubs 50.jpg,nine of clubs,25,train
dataset/nine of clubs 51.jpg,nine of clubs,25,train
dataset/nine of clubs 52.jpg,nine of clubs,25,train
dataset/nine of clubs 53.jpg,nine of clubs,25,test
dataset/nine of clubs 54.jpg,nine of clubs,25,train
dataset/nine of clubs 55.jpg,nine of clubs,25,train
dataset/nine of clubs 56.jpg,nine of clubs,25,train
dataset/nine of clubs 57.jpg,nine of clubs,25,train
dataset/nine of clubs 58.jpg,nine of clubs,25,train
dataset/nine of clubs 59.jpg,nine of clubs,25,train
dataset/nine of clubs 60.jpg,nine of clubs,25,val
dataset/nine of clubs 61.jpg,nine of clubs,25,test
dataset/nine of clubs 62.jpg,nine of clubs,25,train
dataset/nine of clubs 63.jpg,nine of clubs,25,test
dataset/nine of clubs 64.jpg,nine of clubs,25,train
dataset/nine of clubs 65.jpg,nine of clubs,25,train
dataset/nine of clubs 66.jpg,nine of clubs,25,train
dataset/nine of clubs 67.jpg,nine of clubs,25,val
dataset/nine of clubs 68.jpg,nine of clubs,25,train
dataset/nine of clubs 69.jpg,nine of clubs,25,val
dataset/nine of clubs 70.jpg,nine of clubs,25,test
dataset/nine of clubs 71.jpg,nine of clubs,25,train
dataset/nine of clubs 72.jpg,nine of clubs,25,test
dataset/nine of clubs 73.jpg,nine of clubs,25,train
dataset/nine of clubs 74.jpg,nine of clubs,25,train
dataset/nine of clubs 75.jpg,nine of clubs,25,train
dataset/nine of clubs 76.jpg,nine of clubs,25,train
dataset/nine of clubs 77.jpg,nine of clubs,25,train
dataset/nine of clubs 78.jpg,nine of clubs,25,test
dataset/nine of clubs 79.jpg,nine of clubs,25,val
dataset/nine of clubs 80.jpg,nine of clubs,25,train
dataset/nine of clubs 81.jpg,nine of clubs,25,train
dataset/nine of clubs 82.jpg,nine of clubs,25,train
dataset/nine of clubs 83.jpg,nine of clubs,25,train
dataset/nine of clubs 84.jpg,nine of clubs,25,val
dataset/nine of clubs 85.jpg,nine of clubs,25,train
dataset/nine of clubs 86.jpg,nine of clubs,25,train
dataset/nine of clubs 87.jpg,nine of clubs,25,val
dataset/nine of clubs 88.jpg,nine of clubs,25,test
dataset/nine of clubs 89.jpg,nine of clubs,25,train
dataset/nine of clubs 90.jpg,nine of clubs,25,train
dataset/nine of clubs 91.jpg,nine of clubs,25,train
dataset/nine of clubs 92.jpg,nine of clubs,25,test
dataset/nine of clubs 93.jpg,nine of clubs,25,train
dataset/nine of clubs 94.jpg,nine of clubs,25,train
dataset/nine of clubs 95.jpg,nine of clubs,25,train
dataset/nine of clubs 96.jpg,nine of clubs,25,train
dataset/nine of clubs 97.jpg,nine of clubs,25,train
dataset/nine of clubs 98.jpg,nine of clubs,25,train
dataset/nine of clubs 99.jpg,nine of clubs,25,train
dataset/nine of diamonds 01.jpg,nine of diamonds,26,val
dataset/nine of diamonds 02.jpg,nine of diamonds,26,train
dataset/nine of diamonds 03.jpg,nine of diamonds,26,train
dataset/nine of diamonds 04.jpg,nine of diamonds,26,train
dataset/nine of diamonds 05.jpg,nine of diamonds,26,val
dataset/nine of diamonds 06.jpg,nine of diamonds,26,train
dataset/nine of diamonds 07.jpg,nine of diamonds,26,train
dataset/nine of diamonds 08.jpg,nine of diamonds,26,train
dataset/nine of diamonds 09.jpg,nine of diamonds,26,train
dataset/nine of diamonds 10.jpg,nine of diamonds,26,test
dataset/nine of diamonds 100.jpg,nine of diamonds,26,train
dataset/nine of diamonds 101.jpg,nine of diamonds,26,train
dataset/nine of diamonds 102.jpg,nine of diamonds,26,train
dataset/nine of diamonds 103.jpg,nine of diamonds,26,train
dataset/nine of diamonds 104.jpg,nine of diamonds,26,train
dataset/nine of diamonds 105.jpg,nine of diamonds,26,train
dataset/nine of diamonds 106.jpg,nine of diamonds,26,test
dataset/nine of diamonds 107.jpg,nine of diamonds,26,test
dataset/nine of diamonds 108.jpg,nine of diamonds,26,train
dataset/nine of diamonds 109.jpg,nine of diamonds,26,val
dataset/nine of diamonds 11.jpg,nine of diamonds,26,train
dataset/nine of diamonds 110.jpg,nine of diamonds,26,val
dataset/nine of diamonds 111.jpg,nine of diamonds,26,train
dataset/nine of diamonds 112.jpg,nine of diamonds,26,train
dataset/nine of diamonds 113.jpg,nine of diamonds,26,train
dataset/nine of diamonds 114.jpg,nine of diamonds,26,val
dataset/nine of diamonds 115.jpg,nine of diamonds,26,train
dataset/nine of diamonds 116.jpg,nine of diamonds,26,train
dataset/nine of diamonds 117.jpg,nine of diamonds,26,train
dataset/nine of diamonds 118.jpg,nine of diamonds,26,train
dataset/nine of diamonds 119.jpg,nine of diamonds,26,train
dataset/nine of diamonds 12.jpg,nine of diamonds,26,train
dataset/nine of diamonds 120.jpg,nine of diamonds,26,train
dataset/nine of diamonds 121.jpg,nine of diamonds,26,val
dataset/nine of diamonds 122.jpg,nine of diamonds,26,train
dataset/nine of diamonds 123.jpg,nine of diamonds,26,train
dataset/nine of diamonds 124.jpg,nine of diamonds,26,train
dataset/nine of diamonds 125.jpg,nine of diamonds,26,train
dataset/nine of diamonds 126.jpg,nine of diamonds,26,train
dataset/nine of diamonds 127.jpg,nine of diamonds,26,train
dataset/nine of diamonds 128.jpg,nine of diamonds,26,test
dataset/nine of diamonds 129.jpg,nine of diamonds,26,train
dataset/nine of diamonds 13.jpg,nine of diamonds,26,train
dataset/nine of diamonds 130.jpg,nine of diamonds,26,train
dataset/nine of diamonds 131.jpg,nine of diamonds,26,test
dataset/nine of diamonds 132.jpg,nine of diamonds,26,train
dataset/nine of diamonds 133.jpg,nine of diamonds,26,train
dataset/nine of diamonds 134.jpg,nine of diamonds,26,train
dataset/nine of diamonds 135.jpg,nine of diamonds,26,train
dataset/nine of diamonds 136.jpg,nine of diamonds,26,train
dataset/nine of diamonds 137.jpg,nine of diamonds,26,train
dataset/nine of diamonds 138.jpg,nine of diamonds,26,train
dataset/nine of diamonds 139.jpg,nine of diamonds,26,test
dataset/nine of diamonds 14.jpg,nine of diamonds,26,train
dataset/nine of diamonds 15.jpg,nine of diamonds,26,train
dataset/nine of diamonds 16.jpg,nine of diamonds,26,train
dataset/nine of diamonds 17.jpg,nine of diamonds,26,train
dataset/nine of diamonds 18.jpg,nine of diamonds,26,test
dataset/nine of diamonds 19.jpg,nine of diamonds,26,test
dataset/nine of diamonds 20.jpg,nine of diamonds,26,train
dataset/nine of diamonds 21.jpg,nine of diamonds,26,train
dataset/nine of diamonds 22.jpg,nine of diamonds,26,train
dataset/nine of diamonds 23.jpg,nine of diamonds,26,train
dataset/nine of diamonds 24.jpg,nine of diamonds,26,train
dataset/nine of diamonds 25.jpg,nine of diamonds,26,val
dataset/nine of diamonds 26.jpg,nine of diamonds,26,train
dataset/nine of diamonds 27.jpg,nine of diamonds,26,val
dataset/nine of diamonds 28.jpg,nine of diamonds,26,val
dataset/nine of diamonds 29.jpg,nine of diamonds,26,train
dataset/nine of diamonds 30.jpg,nine of diamonds,26,train
dataset/nine of diamonds 31.jpg,nine of diamonds,26,test
dataset/nine of diamonds 32.jpg,nine of diamonds,26,train
dataset/nine of diamonds 33.jpg,nine of diamonds,26,train
dataset/nine of diamonds 34.jpg,nine of diamonds,26,train
dataset/nine of diamonds 35.jpg,nine of diamonds,26,val
dataset/nine of diamonds 36.jpg,nine of diamonds,26,train
dataset/nine of diamonds 37.jpg,nine of diamonds,26,train
dataset/nine of diamonds 38.jpg,nine of diamonds,26,val
dataset/nine of diamonds 39.jpg,nine of diamonds,26,train
dataset/nine of diamonds 40.jpg,nine of diamonds,26,train
dataset/nine of diamonds 41.jpg,nine of diamonds,26,train
dataset/nine of diamonds 42.jpg,nine of diamonds,26,val
dataset/nine of diamonds 43.jpg,nine of diamonds,26,train
dataset/nine of diamonds 44.jpg,nine of diamonds,26,test
dataset/nine of diamonds 45.jpg,nine of diamonds,26,train
dataset/nine of diamonds 46.jpg,nine of diamonds,26,train
dataset/nine of diamonds 47.jpg,nine of diamonds,26,val
dataset/nine of diamonds 48.jpg,nine of diamonds,26,train
dataset/nine of diamonds 49.jpg,nine of diamonds,26,test
dataset/nine of diamonds 50.jpg,nine of diamonds,26,val
dataset/nine of diamonds 51.jpg,nine of diamonds,26,test
dataset/nine of diamonds 52.jpg,nine of diamonds,26,train
dataset/nine of diamonds 53.jpg,nine of diamonds,26,test
dataset/nine of diamonds 54.jpg,nine of diamonds,26,val
dataset/nine of diamonds 55.jpg,nine of diamonds,26,train
dataset/nine of diamonds 56.jpg,nine of diamonds,26,train
dataset/nine of diamonds 57.jpg,nine of diamonds,26,train
dataset/nine of diamonds 58.jpg,nine of diamonds,26,val
dataset/nine of diamonds 59.jpg,nine of diamonds,26,test
dataset/nine of diamonds 60.jpg,nine of diamonds,26,train
dataset/nine of diamonds 61.jpg,nine of diamonds,26,train
dataset/nine of diamonds 62.jpg,nine of diamonds,26,train
dataset/nine of diamonds 63.jpg,nine of diamonds,26,test
dataset/nine of diamonds 64.jpg,nine of diamonds,26,test
dataset/nine of diamonds 65.jpg,nine of diamonds,26,train
dataset/nine of diamonds 66.jpg,nine of diamonds,26,train
dataset/nine of diamonds 67.jpg,nine of diamonds,26,train
dataset/nine of diamonds 68.jpg,nine of diamonds,26,train
dataset/nine of diamonds 69.jpg,nine of diamonds,26,val
dataset/nine of diamonds 70.jpg,nine of diamonds,26,train
dataset/nine of diamonds 71.jpg,nine of diamonds,26,train
dataset/nine of diamonds 72.jpg,nine of diamonds,26,train
dataset/nine of diamonds 73.jpg,nine of diamonds,26,test
dataset/nine of diamonds 74.jpg,nine of diamonds,26,val
dataset/nine of diamonds 75.jpg,nine of diamonds,26,test
dataset/nine of diamonds 76.jpg,nine of diamonds,26,test
dataset/nine of diamonds 77.jpg,nine of diamonds,26,test
dataset/nine of diamonds 78.jpg,nine of diamonds,26,train
dataset/nine of diamonds 79.jpg,nine of diamonds,26,train
dataset/nine of diamonds 80.jpg,nine of diamonds,26,train
dataset/nine of diamonds 81.jpg,nine of diamonds,26,train
dataset/nine of diamonds 82.jpg,nine of diamonds,26,train
dataset/nine of diamonds 83.jpg,nine of diamonds,26,train
dataset/nine of diamonds 84.jpg,nine of diamonds,26,train
dataset/nine of diamonds 85.jpg,nine of diamonds,26,test
dataset/nine of diamonds 86.jpg,nine of diamonds,26,train
dataset/nine of diamonds 87.jpg,nine of diamonds,26,train
dataset/nine of diamonds 88.jpg,nine of diamonds,26,val
dataset/nine of diamonds 89.jpg,nine of diamonds,26,val
dataset/nine of diamonds 90.jpg,nine of diamonds,26,train
dataset/nine of diamonds 91.jpg,nine of diamonds,26,train
dataset/nine of diamonds 92.jpg,nine of diamonds,26,train
dataset/nine of diamonds 93.jpg,nine of diamonds,26,train
dataset/nine of diamonds 94.jpg,nine of diamonds,26,train
dataset/nine of diamonds 95.jpg,nine of diamonds,26,train
dataset/nine of diamonds 96.jpg,nine of diamonds,26,val
dataset/nine of diamonds 97.jpg,nine of diamonds,26,train
dataset/nine of diamonds 98.jpg,nine of diamonds,26,train
dataset/nine of diamonds 99.jpg,nine of diamonds,26,train
dataset/nine of hearts 01.jpg,nine of hearts,27,test
dataset/nine of hearts 02.jpg,nine of hearts,27,train
dataset/nine of hearts 03.jpg,nine of hearts,27,test
dataset/nine of hearts 04.jpg,nine of hearts,27,train
dataset/nine of hearts 05.jpg,nine of hearts,27,train
dataset/nine of hearts 06.jpg,nine of hearts,27,test
dataset/nine of hearts 07.jpg,nine of hearts,27,train
dataset/nine of hearts 08.jpg,nine of hearts,27,train
dataset/nine of hearts 09.jpg,nine of hearts,27,val
dataset/nine of hearts 10.jpg,nine of hearts,27,test
dataset/nine of hearts 100.jpg,nine of hearts,27,train
dataset/nine of hearts 101.jpg,nine of hearts,27,train
dataset/nine of hearts 102.jpg,nine of hearts,27,val
dataset/nine of hearts 103.jpg,nine of hearts,27,train
dataset/nine of hearts 104.jpg,nine of hearts,27,val
dataset/nine of hearts 105.jpg,nine of hearts,27,train
dataset/nine of hearts 106.jpg,nine of hearts,27,test
dataset/nine of hearts 107.jpg,nine of hearts,27,train
dataset/nine of hearts 108.jpg,nine of hearts,27,train
dataset/nine of hearts 109.jpg,nine of hearts,27,train
dataset/nine of hearts 11.jpg,nine of hearts,27,train
dataset/nine of hearts 110.jpg,nine of hearts,27,train
dataset/nine of hearts 111.jpg,nine of hearts,27,val
dataset/nine of hearts 112.jpg,nine of hearts,27,train
dataset/nine of hearts 113.jpg,nine of hearts,27,train
dataset/nine of hearts 114.jpg,nine of hearts,27,train
dataset/nine of hearts 115.jpg,nine of hearts,27,train
dataset/nine of hearts 116.jpg,nine of hearts,27,train
dataset/nine of hearts 117.jpg,nine of hearts,27,train
dataset/nine of hearts 118.jpg,nine of hearts,27,train
dataset/nine of hearts 119.jpg,nine of hearts,27,train
dataset/nine of hearts 12.jpg,nine of hearts,27,train
dataset/nine of hearts 120.jpg,nine of hearts,27,train
dataset/nine of hearts 121.jpg,nine of hearts,27,test
dataset/nine of hearts 122.jpg,nine of hearts,27,train
dataset/nine of hearts 123.jpg,nine of hearts,27,val
dataset/nine of hearts 124.jpg,nine of hearts,27,train
dataset/nine of hearts 125.jpg,nine of hearts,27,train
dataset/nine of hearts 126.jpg,nine of hearts,27,val
dataset/nine of hearts 127.jpg,nine of hearts,27,train
dataset/nine of hearts 128.jpg,nine of hearts,27,test
dataset/nine of hearts 129.jpg,nine of hearts,27,train
dataset/nine of hearts 13.jpg,nine of hearts,27,train
dataset/nine of hearts 130.jpg,nine of hearts,27,train
dataset/nine of hearts 131.jpg,nine of hearts,27,train
dataset/nine of hearts 132.jpg,nine of hearts,27,train
dataset/nine of hearts 133.jpg,nine of hearts,27,test
dataset/nine of hearts 134.jpg,nine of hearts,27,test
dataset/nine of hearts 135.jpg,nine of hearts,27,test
dataset/nine of hearts 136.jpg,nine of hearts,27,train
dataset/nine of hearts 137.jpg,nine of hearts,27,test
dataset/nine of hearts 138.jpg,nine of hearts,27,test
dataset/nine of hearts 139.jpg,nine of hearts,27,train
dataset/nine of hearts 14.jpg,nine of hearts,27,train
dataset/nine of hearts 140.jpg,nine of hearts,27,train
dataset/nine of hearts 141.jpg,nine of hearts,27,train
dataset/nine of hearts 142.jpg,nine of hearts,27,test
dataset/nine of hearts 143.jpg,nine of hearts,27,train
dataset/nine of hearts 15.jpg,nine of hearts,27,train
dataset/nine of hearts 16.jpg,nine of hearts,27,train
dataset/nine of hearts 17.jpg,nine of hearts,27,train
dataset/nine of hearts 18.jpg,nine of hearts,27,train
dataset/nine of hearts 19.jpg,nine of hearts,27,val
dataset/nine of hearts 20.jpg,nine of hearts,27,train
dataset/nine of hearts 21.jpg,nine of hearts,27,val
dataset/nine of hearts 22.jpg,nine of hearts,27,test
dataset/nine of hearts 23.jpg,nine of hearts,27,train
dataset/nine of hearts 24.jpg,nine of hearts,27,val
dataset/nine of hearts 25.jpg,nine of hearts,27,train
dataset/nine of hearts 26.jpg,nine of hearts,27,val
dataset/nine of hearts 27.jpg,nine of hearts,27,train
dataset/nine of hearts 28.jpg,nine of hearts,27,train
dataset/nine of hearts 29.jpg,nine of hearts,27,test
dataset/nine of hearts 30.jpg,nine of hearts,27,train
dataset/nine of hearts 31.jpg,nine of hearts,27,train
dataset/nine of hearts 32.jpg,nine of hearts,27,val
dataset/nine of hearts 33.jpg,nine of hearts,27,train
dataset/nine of hearts 34.jpg,nine of hearts,27,train
dataset/nine of hearts 35.jpg,nine of hearts,27,train
dataset/nine of hearts 36.jpg,nine of hearts,27,train
dataset/nine of hearts 37.jpg,nine of hearts,27,test
dataset/nine of hearts 38.jpg,nine of hearts,27,train
dataset/nine of hearts 39.jpg,nine of hearts,27,train
dataset/nine of hearts 40.jpg,nine of hearts,27,test
dataset/nine of hearts 41.jpg,nine of hearts,27,train
dataset/nine of hearts 42.jpg,nine of hearts,27,train
dataset/nine of hearts 43.jpg,nine of hearts,27,train
dataset/nine of hearts 44.jpg,nine of hearts,27,test
dataset/nine of hearts 45.jpg,nine of hearts,27,train
dataset/nine of hearts 46.jpg,nine of hearts,27,train
dataset/nine of hearts 47.jpg,nine of hearts,27,train
dataset/nine of hearts 48.jpg,nine of hearts,27,train
dataset/nine of hearts 49.jpg,nine of hearts,27,val
dataset/nine of hearts 50.jpg,nine of hearts,27,train
dataset/nine of hearts 51.jpg,nine of hearts,27,train
dataset/nine of hearts 52.jpg,nine of hearts,27,val
dataset/nine of hearts 53.jpg,nine of hearts,27,train
dataset/nine of hearts 54.jpg,nine of hearts,27,train
dataset/nine of hearts 55.jpg,nine of hearts,27,train
dataset/nine of hearts 56.jpg,nine of hearts,27,train
dataset/nine of hearts 57.jpg,nine of hearts,27,val
dataset/nine of hearts 58.jpg,nine of hearts,27,val
dataset/nine of hearts 59.jpg,nine of hearts,27,train
dataset/nine of hearts 60.jpg,nine of hearts,27,test
dataset/nine of hearts 61.jpg,nine of hearts,27,train
dataset/nine of hearts 62.jpg,nine of hearts,27,train
dataset/nine of hearts 63.jpg,nine of hearts,27,train
dataset/nine of hearts 64.jpg,nine of hearts,27,train
dataset/nine of hearts 65.jpg,nine of hearts,27,train
dataset/nine of hearts 66.jpg,nine of hearts,27,train
dataset/nine of hearts 67.jpg,nine of hearts,27,val
dataset/nine of hearts 68.jpg,nine of hearts,27,train
dataset/nine of hearts 69.jpg,nine of hearts,27,train
dataset/nine of hearts 70.jpg,nine of hearts,27,train
dataset/nine of hearts 71.jpg,nine of hearts,27,train
dataset/nine of hearts 72.jpg,nine of hearts,27,val
dataset/nine of hearts 73.jpg,nine of hearts,27,train
dataset/nine of hearts 74.jpg,nine of hearts,27,train
dataset/nine of hearts 75.jpg,nine of hearts,27,train
dataset/nine of hearts 76.jpg,nine of hearts,27,train
dataset/nine of hearts 77.jpg,nine of hearts,27,train
dataset/nine of hearts 78.jpg,nine of hearts,27,val
dataset/nine of hearts 79.jpg,nine of hearts,27,val
dataset/nine of hearts 80.jpg,nine of hearts,27,train
dataset/nine of hearts 81.jpg,nine of hearts,27,train
dataset/nine of hearts 82.jpg,nine of hearts,27,train
dataset/nine of hearts 83.jpg,nine of hearts,27,val
dataset/nine of hearts 84.jpg,nine of hearts,27,train
dataset/nine of hearts 85.jpg,nine of hearts,27,train
dataset/nine of hearts 86.jpg,nine of hearts,27,test
dataset/nine of hearts 87.jpg,nine of hearts,27,train
dataset/nine of hearts 88.jpg,nine of hearts,27,train
dataset/nine of hearts 89.jpg,nine of hearts,27,train
dataset/nine of hearts 90.jpg,nine of hearts,27,train
dataset/nine of hearts 91.jpg,nine of hearts,27,train
dataset/nine of hearts 92.jpg,nine of hearts,27,test
dataset/nine of hearts 93.jpg,nine of hearts,27,val
dataset/nine of hearts 94.jpg,nine of hearts,27,train
dataset/nine of hearts 95.jpg,nine of hearts,27,test
dataset/nine of hearts 96.jpg,nine of hearts,27,train
dataset/nine of hearts 97.jpg,nine of hearts,27,train
dataset/nine of hearts 98.jpg,nine of hearts,27,train
dataset/nine of hearts 99.jpg,nine of hearts,27,train
dataset/nine of spades 01.jpg,nine of spades,28,train
dataset/nine of spades 02.jpg,nine of spades,28,test
dataset/nine of spades 03.jpg,nine of spades,28,train
dataset/nine of spades 04.jpg,nine of spades,28,train
dataset/nine of spades 05.jpg,nine of spades,28,train
dataset/nine of spades 06.jpg,nine of spades,28,train
dataset/nine of spades 07.jpg,nine of spades,28,train
dataset/nine of spades 08.jpg,nine of spades,28,train
dataset/nine of spades 09.jpg,nine of spades,28,train
dataset/nine of spades 10.jpg,nine of spades,28,val
dataset/nine of spades 100.jpg,nine of spades,28,train
dataset/nine of spades 101.jpg,nine of spades,28,train
dataset/nine of spades 102.jpg,nine of spades,28,train
dataset/nine of spades 103.jpg,nine of spades,28,train
dataset/nine of spades 104.jpg,nine of spades,28,train
dataset/nine of spades 105.jpg,nine of spades,28,train
dataset/nine of spades 106.jpg,nine of spades,28,train
dataset/nine of spades 107.jpg,nine of spades,28,train
dataset/nine of spades 108.jpg,nine of spades,28,train
dataset/nine of spades 109.jpg,nine of spades,28,test
dataset/nine of spades 11.jpg,nine of spades,28,test
dataset/nine of spades 110.jpg,nine of spades,28,val
dataset/nine of spades 111.jpg,nine of spades,28,train
dataset/nine of spades 112.jpg,nine of spades,28,test
dataset/nine of spades 113.jpg,nine of spades,28,val
dataset/nine of spades 114.jpg,nine of spades,28,train
dataset/nine of spades 115.jpg,nine of spades,28,test
dataset/nine of spades 116.jpg,nine of spades,28,train
dataset/nine of spades 117.jpg,nine of spades,28,train
dataset/nine of spades 118.jpg,nine of spades,28,test
dataset/nine of spades 119.jpg,nine of spades,28,train
dataset/nine of spades 12.jpg,nine of spades,28,train
dataset/nine of spades 120.jpg,nine of spades,28,train
dataset/nine of spades 121.jpg,nine of spades,28,test
dataset/nine of spades 122.jpg,nine of spades,28,val
dataset/nine of spades 123.jpg,nine of spades,28,train
dataset/nine of spades 124.jpg,nine of spades,28,train
dataset/nine of spades 125.jpg,nine of spades,28,train
dataset/nine of spades 126.jpg,nine of spades,28,test
dataset/nine of spades 127.jpg,nine of spades,28,train
dataset/nine of spades 128.jpg,nine of spades,28,val
dataset/nine of spades 129.jpg,nine of spades,28,train
dataset/nine of spades 13.jpg,nine of spades,28,train
dataset/nine of spades 130.jpg,nine of spades,28,train
dataset/nine of spades 131.jpg,nine of spades,28,train
dataset/nine of spades 132.jpg,nine of spades,28,train
dataset/nine of spades 133.jpg,nine of spades,28,train
dataset/nine of spades 134.jpg,nine of spades,28,val
dataset/nine of spades 135.jpg,nine of spades,28,train
dataset/nine of spades 136.jpg,nine of spades,28,train
dataset/nine of spades 137.jpg,nine of spades,28,val
dataset/nine of spades 138.jpg,nine of spades,28,train
dataset/nine of spades 139.jpg,nine of spades,28,val
dataset/nine of spades 14.jpg,nine of spades,28,train
dataset/nine of spades 140.jpg,nine of spades,28,train
dataset/nine of spades 141.jpg,nine of spades,28,train
dataset/nine of spades 142.jpg,nine of spades,28,train
dataset/nine of spades 143.jpg,nine of spades,28,train
dataset/nine of spades 144.jpg,nine of spades,28,val
dataset/nine of spades 145.jpg,nine of spades,28,train
dataset/nine of spades 146.jpg,nine of spades,28,train
dataset/nine of spades 147.jpg,nine of spades,28,train
dataset/nine of spades 148.jpg,nine of spades,28,train
dataset/nine of spades 149.jpg,nine of spades,28,train
dataset/nine of spades 15.jpg,nine of spades,28,val
dataset/nine of spades 150.jpg,nine of spades,28,test
dataset/nine of spades 151.jpg,nine of spades,28,val
dataset/nine of spades 152.jpg,nine of spades,28,train
dataset/nine of spades 153.jpg,nine of spades,28,train
dataset/nine of spades 154.jpg,nine of spades,28,test
dataset/nine of spades 155.jpg,nine of spades,28,test
dataset/nine of spades 156.jpg,nine of spades,28,train
dataset/nine of spades 157.jpg,nine of spades,28,test
dataset/nine of spades 158.jpg,nine of spades,28,test
dataset/nine of spades 159.jpg,nine of spades,28,train
dataset/nine of spades 16.jpg,nine of spades,28,train
dataset/nine of spades 160.jpg,nine of spades,28,train
dataset/nine of spades 161.jpg,nine of spades,28,train
dataset/nine of spades 162.jpg,nine of spades,28,val
dataset/nine of spades 163.jpg,nine of spades,28,train
dataset/nine of spades 164.jpg,nine of spades,28,train
dataset/nine of spades 17.jpg,nine of spades,28,train
dataset/nine of spades 18.jpg,nine of spades,28,val
dataset/nine of spades 19.jpg,nine of spades,28,val
dataset/nine of spades 20.jpg,nine of spades,28,train
dataset/nine of spades 21.jpg,nine of spades,28,train
dataset/nine of spades 22.jpg,nine of spades,28,train
dataset/nine of spades 23.jpg,nine of spades,28,train
dataset/nine of spades 24.jpg,nine of spades,28,test
dataset/nine of spades 25.jpg,nine of spades,28,train
dataset/nine of spades 26.jpg,nine of spades,28,train
dataset/nine of spades 27.jpg,nine of spades,28,train
dataset/nine of spades 28.jpg,nine of spades,28,train
dataset/nine of spades 29.jpg,nine of spades,28,train
dataset/nine of spades 30.jpg,nine of spades,28,train
dataset/nine of spades 31.jpg,nine of spades,28,test
dataset/nine of spades 32.jpg,nine of spades,28,train
dataset/nine of spades 33.jpg,nine of spades,28,val
dataset/nine of spades 34.jpg,nine of spades,28,train
dataset/nine of spades 35.jpg,nine of spades,28,val
dataset/nine of spades 36.jpg,nine of spades,28,train
dataset/nine of spades 37.jpg,nine of spades,28,train
dataset/nine of spades 38.jpg,nine of spades,28,train
dataset/nine of spades 39.jpg,nine of spades,28,train
dataset/nine of spades 40.jpg,nine of spades,28,train
dataset/nine of spades 41.jpg,nine of spades,28,train
dataset/nine of spades 42.jpg,nine of spades,28,train
dataset/nine of spades 43.jpg,nine of spades,28,test
dataset/nine of spades 44.jpg,nine of spades,28,train
dataset/nine of spades 45.jpg,nine of spades,28,train
dataset/nine of spades 46.jpg,nine of spades,28,val
dataset/nine of spades 47.jpg,nine of spades,28,train
dataset/nine of spades 48.jpg,nine of spades,28,train
dataset/nine of spades 49.jpg,nine of spades,28,train
dataset/nine of spades 50.jpg,nine of spades,28,train
dataset/nine of spades 51.jpg,nine of spades,28,train
dataset/nine of spades 52.jpg,nine of spades,28,train
dataset/nine of spades 53.jpg,nine of spades,28,train
dataset/nine of spades 54.jpg,nine of spades,28,train
dataset/nine of spades 55.jpg,nine of spades,28,val
dataset/nine of spades 56.jpg,nine of spades,28,train
dataset/nine of spades 57.jpg,nine of spades,28,train
dataset/nine of spades 58.jpg,nine of spades,28,train
dataset/nine of spades 59.jpg,nine of spades,28,test
dataset/nine of spades 60.jpg,nine of spades,28,val
dataset/nine of spades 61.jpg,nine of spades,28,train
dataset/nine of spades 62.jpg,nine of spades,28,train
dataset/nine of spades 63.jpg,nine of spades,28,train
dataset/nine of spades 64.jpg,nine of spades,28,train
dataset/nine of spades 65.jpg,nine of spades,28,train
dataset/nine of spades 66.jpg,nine of spades,28,test
dataset/nine of spades 67.jpg,nine of spades,28,train
dataset/nine of spades 68.jpg,nine of spades,28,val
dataset/nine of spades 69.jpg,nine of spades,28,val
dataset/nine of spades 70.jpg,nine of spades,28,train
dataset/nine of spades 71.jpg,nine of spades,28,val
dataset/nine of spades 72.jpg,nine of spades,28,train
dataset/nine of spades 73.jpg,nine of spades,28,train
dataset/nine of spades 74.jpg,nine of spades,28,test
dataset/nine of spades 75.jpg,nine of spades,28,train
dataset/nine of spades 76.jpg,nine of spades,28,test
dataset/nine of spades 77.jpg,nine of spades,28,train
dataset/nine of spades 78.jpg,nine of spades,28,train
dataset/nine of spades 79.jpg,nine of spades,28,test
dataset/nine of spades 80.jpg,nine of spades,28,train
dataset/nine of spades 81.jpg,nine of spades,28,train
dataset/nine of spades 82.jpg,nine of spades,28,val
dataset/nine of spades 83.jpg,nine of spades,28,val
dataset/nine of spades 84.jpg,nine of spades,28,train
dataset/nine of spades 85.jpg,nine of spades,28,train
dataset/nine of spades 86.jpg,nine of spades,28,train
dataset/nine of spades 87.jpg,nine of spades,28,train
dataset/nine of spades 88.jpg,nine of spades,28,train
dataset/nine of spades 89.jpg,nine of spades,28,test
dataset/nine of spades 90.jpg,nine of spades,28,train
dataset/nine of spades 91.jpg,nine of spades,28,train
dataset/nine of spades 92.jpg,nine of spades,28,train
dataset/nine of spades 93.jpg,nine of spades,28,test
dataset/nine of spades 94.jpg,nine of spades,28,train
dataset/nine of spades 95.jpg,nine of spades,28,train
dataset/nine of spades 96.jpg,nine of spades,28,val
dataset/nine of spades 97.jpg,nine of spades,28,test
dataset/nine of spades 98.jpg,nine of spades,28,train
dataset/nine of spades 99.jpg,nine of spades,28,train
dataset/queen of clubs 01.jpg,queen of clubs,29,train
dataset/queen of clubs 02.jpg,queen of clubs,29,train
dataset/queen of clubs 03.jpg,queen of clubs,29,train
dataset/queen of clubs 04.jpg,queen of clubs,29,train
dataset/queen of clubs 05.jpg,queen of clubs,29,val
dataset/queen of clubs 06.jpg,queen of clubs,29,val
dataset/queen of clubs 07.jpg,queen of clubs,29,train
dataset/queen of clubs 08.jpg,queen of clubs,29,train
dataset/queen of clubs 09.jpg,queen of clubs,29,train
dataset/queen of clubs 10.jpg,queen of clubs,29,train
dataset/queen of clubs 100.jpg,queen of clubs,29,train
dataset/queen of clubs 101.jpg,queen of clubs,29,train
dataset/queen of clubs 102.jpg,queen of clubs,29,train
dataset/queen of clubs 103.jpg,queen of clubs,29,train
dataset/queen of clubs 104.jpg,queen of clubs,29,train
dataset/queen of clubs 105.jpg,queen of clubs,29,train
dataset/queen of clubs 106.jpg,queen of clubs,29,train
dataset/queen of clubs 107.jpg,queen of clubs,29,train
dataset/queen of clubs 108.jpg,queen of clubs,29,train
dataset/queen of clubs 109.jpg,queen of clubs,29,train
dataset/queen of clubs 11.jpg,queen of clubs,29,val
dataset/queen of clubs 110.jpg,queen of clubs,29,test
dataset/queen of clubs 111.jpg,queen of clubs,29,val
dataset/queen of clubs 112.jpg,queen of clubs,29,train
dataset/queen of clubs 113.jpg,queen of clubs,29,train
dataset/queen of clubs 114.jpg,queen of clubs,29,train
dataset/queen of clubs 115.jpg,queen of clubs,29,val
dataset/queen of clubs 116.jpg,queen of clubs,29,train
dataset/queen of clubs 117.jpg,queen of clubs,29,train
dataset/queen of clubs 118.jpg,queen of clubs,29,train
dataset/queen of clubs 119.jpg,queen of clubs,29,train
dataset/queen of clubs 12.jpg,queen of clubs,29,test
dataset/queen of clubs 120.jpg,queen of clubs,29,train
dataset/queen of clubs 121.jpg,queen of clubs,29,train
dataset/queen of clubs 122.jpg,queen of clubs,29,test
dataset/queen of clubs 123.jpg,queen of clubs,29,test
dataset/queen of clubs 124.jpg,queen of clubs,29,train
dataset/queen of clubs 125.jpg,queen of clubs,29,test
dataset/queen of clubs 126.jpg,queen of clubs,29,test
dataset/queen of clubs 127.jpg,queen of clubs,29,train
dataset/queen of clubs 128.jpg,queen of clubs,29,test
dataset/queen of clubs 129.jpg,queen of clubs,29,test
dataset/queen of clubs 13.jpg,queen of clubs,29,train
dataset/queen of clubs 130.jpg,queen of clubs,29,train
dataset/queen of clubs 131.jpg,queen of clubs,29,train
dataset/queen of clubs 132.jpg,queen of clubs,29,val
dataset/queen of clubs 133.jpg,queen of clubs,29,val
dataset/queen of clubs 134.jpg,queen of clubs,29,train
dataset/queen of clubs 135.jpg,queen of clubs,29,train
dataset/queen of clubs 136.jpg,queen of clubs,29,train
dataset/queen of clubs 137.jpg,queen of clubs,29,train
dataset/queen of clubs 138.jpg,queen of clubs,29,test
dataset/queen of clubs 139.jpg,queen of clubs,29,train
dataset/queen of clubs 14.jpg,queen of clubs,29,train
dataset/queen of clubs 140.jpg,queen of clubs,29,test
dataset/queen of clubs 141.jpg,queen of clubs,29,test
dataset/queen of clubs 142.jpg,queen of clubs,29,train
dataset/queen of clubs 143.jpg,queen of clubs,29,val
dataset/queen of clubs 144.jpg,queen of clubs,29,train
dataset/queen of clubs 145.jpg,queen of clubs,29,train
dataset/queen of clubs 146.jpg,queen of clubs,29,test
dataset/queen of clubs 147.jpg,queen of clubs,29,train
dataset/queen of clubs 148.jpg,queen of clubs,29,test
dataset/queen of clubs 149.jpg,queen of clubs,29,train
dataset/queen of clubs 15.jpg,queen of clubs,29,train
dataset/queen of clubs 150.jpg,queen of clubs,29,train
dataset/queen of clubs 151.jpg,queen of clubs,29,train
dataset/queen of clubs 152.jpg,queen of clubs,29,train
dataset/queen of clubs 153.jpg,queen of clubs,29,val
dataset/queen of clubs 154.jpg,queen of clubs,29,train
dataset/queen of clubs 155.jpg,queen of clubs,29,train
dataset/queen of clubs 156.jpg,queen of clubs,29,train
dataset/queen of clubs 157.jpg,queen of clubs,29,train
dataset/queen of clubs 158.jpg,queen of clubs,29,train
dataset/queen of clubs 159.jpg,queen of clubs,29,train
dataset/queen of clubs 16.jpg,queen of clubs,29,train
dataset/queen of clubs 160.jpg,queen of clubs,29,train
dataset/queen of clubs 161.jpg,queen of clubs,29,train
dataset/queen of clubs 162.jpg,queen of clubs,29,train
dataset/queen of clubs 163.jpg,queen of clubs,29,test
dataset/queen of clubs 164.jpg,queen of clubs,29,train
dataset/queen of clubs 165.jpg,queen of clubs,29,train
dataset/queen of clubs 166.jpg,queen of clubs,29,test
dataset/queen of clubs 167.jpg,queen of clubs,29,val
dataset/queen of clubs 168.jpg,queen of clubs,29,val
dataset/queen of clubs 169.jpg,queen of clubs,29,train
dataset/queen of clubs 17.jpg,queen of clubs,29,val
dataset/queen of clubs 170.jpg,queen of clubs,29,val
dataset/queen of clubs 171.jpg,queen of clubs,29,train
dataset/queen of clubs 18.jpg,queen of clubs,29,train
dataset/queen of clubs 19.jpg,queen of clubs,29,train
dataset/queen of clubs 20.jpg,queen of clubs,29,test
dataset/queen of clubs 21.jpg,queen of clubs,29,train
dataset/queen of clubs 22.jpg,queen of clubs,29,train
dataset/queen of clubs 23.jpg,queen of clubs,29,train
dataset/queen of clubs 24.jpg,queen of clubs,29,test
dataset/queen of clubs 25.jpg,queen of clubs,29,val
dataset/queen of clubs 26.jpg,queen of clubs,29,train
dataset/queen of clubs 27.jpg,queen of clubs,29,train
dataset/queen of clubs 28.jpg,queen of clubs,29,train
dataset/queen of clubs 29.jpg,queen of clubs,29,train
dataset/queen of clubs 30.jpg,queen of clubs,29,val
dataset/queen of clubs 31.jpg,queen of clubs,29,train
dataset/queen of clubs 32.jpg,queen of clubs,29,train
dataset/queen of clubs 33.jpg,queen of clubs,29,train
dataset/queen of clubs 34.jpg,queen of clubs,29,test
dataset/queen of clubs 35.jpg,queen of clubs,29,train
dataset/queen of clubs 36.jpg,queen of clubs,29,train
dataset/queen of clubs 37.jpg,queen of clubs,29,test
dataset/queen of clubs 38.jpg,queen of clubs,29,val
dataset/queen of clubs 39.jpg,queen of clubs,29,train
dataset/queen of clubs 40.jpg,queen of clubs,29,train
dataset/queen of clubs 41.jpg,queen of clubs,29,test
dataset/queen of clubs 42.jpg,queen of clubs,29,train
dataset/queen of clubs 43.jpg,queen of clubs,29,train
dataset/queen of clubs 44.jpg,queen of clubs,29,train
dataset/queen of clubs 45.jpg,queen of clubs,29,train
dataset/queen of clubs 46.jpg,queen of clubs,29,test
dataset/queen of clubs 47.jpg,queen of clubs,29,train
dataset/queen of clubs 48.jpg,queen of clubs,29,train
dataset/queen of clubs 49.jpg,queen of clubs,29,val
dataset/queen of clubs 50.jpg,queen of clubs,29,val
dataset/queen of clubs 51.jpg,queen of clubs,29,train
dataset/queen of clubs 52.jpg,queen of clubs,29,train
dataset/queen of clubs 53.jpg,queen of clubs,29,train
dataset/queen of clubs 54.jpg,queen of clubs,29,train
dataset/queen of clubs 55.jpg,queen of clubs,29,train
dataset/queen of clubs 56.jpg,queen of clubs,29,train
dataset/queen of clubs 57.jpg,queen of clubs,29,val
dataset/queen of clubs 58.jpg,queen of clubs,29,train
dataset/queen of clubs 59.jpg,queen of clubs,29,train
dataset/queen of clubs 60.jpg,queen of clubs,29,train
dataset/queen of clubs 61.jpg,queen of clubs,29,test
dataset/queen of clubs 62.jpg,queen of clubs,29,train
dataset/queen of clubs 63.jpg,queen of clubs,29,test
dataset/queen of clubs 64.jpg,queen of clubs,29,train
dataset/queen of clubs 65.jpg,queen of clubs,29,train
dataset/queen of clubs 66.jpg,queen of clubs,29,train
dataset/queen of clubs 67.jpg,queen of clubs,29,train
dataset/queen of clubs 68.jpg,queen of clubs,29,val
dataset/queen of clubs 69.jpg,queen of clubs,29,train
dataset/queen of clubs 70.jpg,queen of clubs,29,train
dataset/queen of clubs 71.jpg,queen of clubs,29,train
dataset/queen of clubs 72.jpg,queen of clubs,29,train
dataset/queen of clubs 73.jpg,queen of clubs,29,test
dataset/queen of clubs 74.jpg,queen of clubs,29,train
dataset/queen of clubs 75.jpg,queen of clubs,29,train
dataset/queen of clubs 76.jpg,queen of clubs,29,train
dataset/queen of clubs 77.jpg,queen of clubs,29,train
dataset/queen of clubs 78.jpg,queen of clubs,29,val
dataset/queen of clubs 79.jpg,queen of clubs,29,train
dataset/queen of clubs 80.jpg,queen of clubs,29,train
dataset/queen of clubs 81.jpg,queen of clubs,29,train
dataset/queen of clubs 82.jpg,queen of clubs,29,train
dataset/queen of clubs 83.jpg,queen of clubs,29,train
dataset/queen of clubs 84.jpg,queen of clubs,29,train
dataset/queen of clubs 85.jpg,queen of clubs,29,test
dataset/queen of clubs 86.jpg,queen of clubs,29,test
dataset/queen of clubs 87.jpg,queen of clubs,29,train
dataset/queen of clubs 88.jpg,queen of clubs,29,train
dataset/queen of clubs 89.jpg,queen of clubs,29,train
dataset/queen of clubs 90.jpg,queen of clubs,29,val
dataset/queen of clubs 91.jpg,queen of clubs,29,val
dataset/queen of clubs 92.jpg,queen of clubs,29,train
dataset/queen of clubs 93.jpg,queen of clubs,29,val
dataset/queen of clubs 94.jpg,queen of clubs,29,train
dataset/queen of clubs 95.jpg,queen of clubs,29,train
dataset/queen of clubs 96.jpg,queen of clubs,29,train
dataset/queen of clubs 97.jpg,queen of clubs,29,train
dataset/queen of clubs 98.jpg,queen of clubs,29,val
dataset/queen of clubs 99.jpg,queen of clubs,29,train
dataset/queen of diamonds 01.jpg,queen of diamonds,30,train
dataset/queen of diamonds 02.jpg,queen of diamonds,30,train
dataset/queen of diamonds 03.jpg,queen of diamonds,30,test
dataset/queen of diamonds 04.jpg,queen of diamonds,30,train
dataset/queen of diamonds 05.jpg,queen of diamonds,30,train
dataset/queen of diamonds 06.jpg,queen of diamonds,30,val
dataset/queen of diamonds 07.jpg,queen of diamonds,30,train
dataset/queen of diamonds 08.jpg,queen of diamonds,30,train
dataset/queen of diamonds 09.jpg,queen of diamonds,30,test
dataset/queen of diamonds 10.jpg,queen of diamonds,30,train
dataset/queen of diamonds 100.jpg,queen of diamonds,30,train
dataset/queen of diamonds 101.jpg,queen of diamonds,30,train
dataset/queen of diamonds 102.jpg,queen of diamonds,30,train
dataset/queen of diamonds 103.jpg,queen of diamonds,30,train
dataset/queen of diamonds 104.jpg,queen of diamonds,30,train
dataset/queen of diamonds 105.jpg,queen of diamonds,30,train
dataset/queen of diamonds 106.jpg,queen of diamonds,30,train
dataset/queen of diamonds 107.jpg,queen of diamonds,30,train
dataset/queen of diamonds 108.jpg,queen of diamonds,30,train
dataset/queen of diamonds 109.jpg,queen of diamonds,30,val
dataset/queen of diamonds 11.jpg,queen of diamonds,30,train
dataset/queen of diamonds 110.jpg,queen of diamonds,30,train
dataset/queen of diamonds 111.jpg,queen of diamonds,30,train
dataset/queen of diamonds 112.jpg,queen of diamonds,30,train
dataset/queen of diamonds 113.jpg,queen of diamonds,30,train
dataset/queen of diamonds 114.jpg,queen of diamonds,30,train
dataset/queen of diamonds 115.jpg,queen of diamonds,30,train
dataset/queen of diamonds 116.jpg,queen of diamonds,30,train
dataset/queen of diamonds 117.jpg,queen of diamonds,30,val
dataset/queen of diamonds 118.jpg,queen of diamonds,30,train
dataset/queen of diamonds 119.jpg,queen of diamonds,30,train
dataset/queen of diamonds 12.jpg,queen of diamonds,30,train
dataset/queen of diamonds 120.jpg,queen of diamonds,30,train
dataset/queen of diamonds 121.jpg,queen of diamonds,30,train
dataset/queen of diamonds 122.jpg,queen of diamonds,30,train
dataset/queen of diamonds 123.jpg,queen of diamonds,30,val
dataset/queen of diamonds 124.jpg,queen of diamonds,30,train
dataset/queen of diamonds 125.jpg,queen of diamonds,30,train
dataset/queen of diamonds 126.jpg,queen of diamonds,30,val
dataset/queen of diamonds 127.jpg,queen of diamonds,30,val
dataset/queen of diamonds 128.jpg,queen of diamonds,30,train
dataset/queen of diamonds 129.jpg,queen of diamonds,30,train
dataset/queen of diamonds 13.jpg,queen of diamonds,30,train
dataset/queen of diamonds 130.jpg,queen of diamonds,30,val
dataset/queen of diamonds 131.jpg,queen of diamonds,30,test
dataset/queen of diamonds 132.jpg,queen of diamonds,30,train
dataset/queen of diamonds 133.jpg,queen of diamonds,30,train
dataset/queen of diamonds 134.jpg,queen of diamonds,30,val
dataset/queen of diamonds 135.jpg,queen of diamonds,30,test
dataset/queen of diamonds 136.jpg,queen of diamonds,30,train
dataset/queen of diamonds 137.jpg,queen of diamonds,30,train
dataset/queen of diamonds 138.jpg,queen of diamonds,30,train
dataset/queen of diamonds 139.jpg,queen of diamonds,30,train
dataset/queen of diamonds 14.jpg,queen of diamonds,30,train
dataset/queen of diamonds 140.jpg,queen of diamonds,30,train
dataset/queen of diamonds 141.jpg,queen of diamonds,30,train
dataset/queen of diamonds 142.jpg,queen of diamonds,30,val
dataset/queen of diamonds 143.jpg,queen of diamonds,30,test
dataset/queen of diamonds 144.jpg,queen of diamonds,30,test
dataset/queen of diamonds 145.jpg,queen of diamonds,30,val
dataset/queen of diamonds 146.jpg,queen of diamonds,30,test
dataset/queen of diamonds 147.jpg,queen of diamonds,30,test
dataset/queen of diamonds 148.jpg,queen of diamonds,30,train
dataset/queen of diamonds 149.jpg,queen of diamonds,30,test
dataset/queen of diamonds 15.jpg,queen of diamonds,30,train
dataset/queen of diamonds 150.jpg,queen of diamonds,30,test
dataset/queen of diamonds 151.jpg,queen of diamonds,30,val
dataset/queen of diamonds 152.jpg,queen of diamonds,30,train
dataset/queen of diamonds 153.jpg,queen of diamonds,30,train
dataset/queen of diamonds 154.jpg,queen of diamonds,30,train
dataset/queen of diamonds 155.jpg,queen of diamonds,30,test
dataset/queen of diamonds 156.jpg,queen of diamonds,30,train
dataset/queen of diamonds 157.jpg,queen of diamonds,30,train
dataset/queen of diamonds 158.jpg,queen of diamonds,30,train
dataset/queen of diamonds 159.jpg,queen of diamonds,30,test
dataset/queen of diamonds 16.jpg,queen of diamonds,30,train
dataset/queen of diamonds 160.jpg,queen of diamonds,30,val
dataset/queen of diamonds 161.jpg,queen of diamonds,30,train
dataset/queen of diamonds 162.jpg,queen of diamonds,30,val
dataset/queen of diamonds 163.jpg,queen of diamonds,30,train
dataset/queen of diamonds 164.jpg,queen of diamonds,30,train
dataset/queen of diamonds 165.jpg,queen of diamonds,30,val
dataset/queen of diamonds 166.jpg,queen of diamonds,30,val
dataset/queen of diamonds 167.jpg,queen of diamonds,30,train
dataset/queen of diamonds 168.jpg,queen of diamonds,30,train
dataset/queen of diamonds 169.jpg,queen of diamonds,30,train
dataset/queen of diamonds 17.jpg,queen of diamonds,30,train
dataset/queen of diamonds 170.jpg,queen of diamonds,30,train
dataset/queen of diamonds 171.jpg,queen of diamonds,30,train
dataset/queen of diamonds 172.jpg,queen of diamonds,30,train
dataset/queen of diamonds 173.jpg,queen of diamonds,30,val
dataset/queen of diamonds 18.jpg,queen of diamonds,30,test
dataset/queen of diamonds 19.jpg,queen of diamonds,30,train
dataset/queen of diamonds 20.jpg,queen of diamonds,30,train
dataset/queen of diamonds 21.jpg,queen of diamonds,30,train
dataset/queen of diamonds 22.jpg,queen of diamonds,30,val
dataset/queen of diamonds 23.jpg,queen of diamonds,30,train
dataset/queen of diamonds 24.jpg,queen of diamonds,30,train
dataset/queen of diamonds 25.jpg,queen of diamonds,30,val
dataset/queen of diamonds 26.jpg,queen of diamonds,30,train
dataset/queen of diamonds 27.jpg,queen of diamonds,30,val
dataset/queen of diamonds 28.jpg,queen of diamonds,30,train
dataset/queen of diamonds 29.jpg,queen of diamonds,30,train
dataset/queen of diamonds 30.jpg,queen of diamonds,30,test
dataset/queen of diamonds 31.jpg,queen of diamonds,30,train
dataset/queen of diamonds 32.jpg,queen of diamonds,30,train
dataset/queen of diamonds 33.jpg,queen of diamonds,30,test
dataset/queen of diamonds 34.jpg,queen of diamonds,30,train
dataset/queen of diamonds 35.jpg,queen of diamonds,30,train
dataset/queen of diamonds 36.jpg,queen of diamonds,30,train
dataset/queen of diamonds 37.jpg,queen of diamonds,30,train
dataset/queen of diamonds 38.jpg,queen of diamonds,30,val
dataset/queen of diamonds 39.jpg,queen of diamonds,30,train
dataset/queen of diamonds 40.jpg,queen of diamonds,30,train
dataset/queen of diamonds 41.jpg,queen of diamonds,30,train
dataset/queen of diamonds 42.jpg,queen of diamonds,30,val
dataset/queen of diamonds 43.jpg,queen of diamonds,30,train
dataset/queen of diamonds 44.jpg,queen of diamonds,30,train
dataset/queen of diamonds 45.jpg,queen of diamonds,30,train
dataset/queen of diamonds 46.jpg,queen of diamonds,30,train
dataset/queen of diamonds 47.jpg,queen of diamonds,30,train
dataset/queen of diamonds 48.jpg,queen of diamonds,30,test
dataset/queen of diamonds 49.jpg,queen of diamonds,30,test
dataset/queen of diamonds 50.jpg,queen of diamonds,30,val
dataset/queen of diamonds 51.jpg,queen of diamonds,30,test
dataset/queen of diamonds 52.jpg,queen of diamonds,30,train
dataset/queen of diamonds 53.jpg,queen of diamonds,30,train
dataset/queen of diamonds 54.jpg,queen of diamonds,30,train
dataset/queen of diamonds 55.jpg,queen of diamonds,30,train
dataset/queen of diamonds 56.jpg,queen of diamonds,30,test
dataset/queen of diamonds 57.jpg,queen of diamonds,30,train
dataset/queen of diamonds 58.jpg,queen of diamonds,30,val
dataset/queen of diamonds 59.jpg,queen of diamonds,30,train
dataset/queen of diamonds 60.jpg,queen of diamonds,30,train
dataset/queen of diamonds 61.jpg,queen of diamonds,30,train
dataset/queen of diamonds 62.jpg,queen of diamonds,30,test
dataset/queen of diamonds 63.jpg,queen of diamonds,30,test
dataset/queen of diamonds 64.jpg,queen of diamonds,30,train
dataset/queen of diamonds 65.jpg,queen of diamonds,30,train
dataset/queen of diamonds 66.jpg,queen of diamonds,30,train
dataset/queen of diamonds 67.jpg,queen of diamonds,30,test
dataset/queen of diamonds 68.jpg,queen of diamonds,30,test
dataset/queen of diamonds 69.jpg,queen of diamonds,30,train
dataset/queen of diamonds 70.jpg,queen of diamonds,30,val
dataset/queen of diamonds 71.jpg,queen of diamonds,30,train
dataset/queen of diamonds 72.jpg,queen of diamonds,30,train
dataset/queen of diamonds 73.jpg,queen of diamonds,30,train
dataset/queen of diamonds 74.jpg,queen of diamonds,30,train
dataset/queen of diamonds 75.jpg,queen of diamonds,30,train
dataset/queen of diamonds 76.jpg,queen of diamonds,30,train
dataset/queen of diamonds 77.jpg,queen of diamonds,30,train
dataset/queen of diamonds 78.jpg,queen of diamonds,30,train
dataset/queen of diamonds 79.jpg,queen of diamonds,30,train
dataset/queen of diamonds 80.jpg,queen of diamonds,30,test
dataset/queen of diamonds 81.jpg,queen of diamonds,30,test
dataset/queen of diamonds 82.jpg,queen of diamonds,30,train
dataset/queen of diamonds 83.jpg,queen of diamonds,30,train
dataset/queen of diamonds 84.jpg,queen of diamonds,30,train
dataset/queen of diamonds 85.jpg,queen of diamonds,30,train
dataset/queen of diamonds 86.jpg,queen of diamonds,30,train
dataset/queen of diamonds 87.jpg,queen of diamonds,30,train
dataset/queen of diamonds 88.jpg,queen of diamonds,30,train
dataset/queen of diamonds 89.jpg,queen of diamonds,30,train
dataset/queen of diamonds 90.jpg,queen of diamonds,30,train
dataset/queen of diamonds 91.jpg,queen of diamonds,30,train
dataset/queen of diamonds 92.jpg,queen of diamonds,30,train
dataset/queen of diamonds 93.jpg,queen of diamonds,30,train
dataset/queen of diamonds 94.jpg,queen of diamonds,30,val
dataset/queen of diamonds 95.jpg,queen of diamonds,30,train
dataset/queen of diamonds 96.jpg,queen of diamonds,30,test
dataset/queen of diamonds 97.jpg,queen of diamonds,30,val
dataset/queen of diamonds 98.jpg,queen of diamonds,30,train
dataset/queen of diamonds 99.jpg,queen of diamonds,30,train
dataset/queen of hearts 01.jpg,queen of hearts,31,train
dataset/queen of hearts 02.jpg,queen of hearts,31,train
dataset/queen of hearts 03.jpg,queen of hearts,31,test
dataset/queen of hearts 04.jpg,queen of hearts,31,test
dataset/queen of hearts 05.jpg,queen of hearts,31,test
dataset/queen of hearts 06.jpg,queen of hearts,31,train
dataset/queen of hearts 07.jpg,queen of hearts,31,train
dataset/queen of hearts 08.jpg,queen of hearts,31,train
dataset/queen of hearts 09.jpg,queen of hearts,31,train
dataset/queen of hearts 10.jpg,queen of hearts,31,train
dataset/queen of hearts 100.jpg,queen of hearts,31,val
dataset/queen of hearts 101.jpg,queen of hearts,31,test
dataset/queen of hearts 102.jpg,queen of hearts,31,train
dataset/queen of hearts 103.jpg,queen of hearts,31,val
dataset/queen of hearts 104.jpg,queen of hearts,31,train
dataset/queen of hearts 105.jpg,queen of hearts,31,train
dataset/queen of hearts 106.jpg,queen of hearts,31,train
dataset/queen of hearts 107.jpg,queen of hearts,31,val
dataset/queen of hearts 108.jpg,queen of hearts,31,val
dataset/queen of hearts 109.jpg,queen of hearts,31,val
dataset/queen of hearts 11.jpg,queen of hearts,31,test
dataset/queen of hearts 110.jpg,queen of hearts,31,train
dataset/queen of hearts 111.jpg,queen of hearts,31,train
dataset/queen of hearts 112.jpg,queen of hearts,31,train
dataset/queen of hearts 113.jpg,queen of hearts,31,test
dataset/queen of hearts 114.jpg,queen of hearts,31,train
dataset/queen of hearts 115.jpg,queen of hearts,31,test
dataset/queen of hearts 116.jpg,queen of hearts,31,test
dataset/queen of hearts 117.jpg,queen of hearts,31,val
dataset/queen of hearts 118.jpg,queen of hearts,31,train
dataset/queen of hearts 119.jpg,queen of hearts,31,train
dataset/queen of hearts 12.jpg,queen of hearts,31,test
dataset/queen of hearts 120.jpg,queen of hearts,31,train
dataset/queen of hearts 121.jpg,queen of hearts,31,train
dataset/queen of hearts 122.jpg,queen of hearts,31,train
dataset/queen of hearts 123.jpg,queen of hearts,31,train
dataset/queen of hearts 124.jpg,queen of hearts,31,train
dataset/queen of hearts 125.jpg,queen of hearts,31,val
dataset/queen of hearts 126.jpg,queen of hearts,31,train
dataset/queen of hearts 127.jpg,queen of hearts,31,train
dataset/queen of hearts 128.jpg,queen of hearts,31,train
dataset/queen of hearts 129.jpg,queen of hearts,31,val
dataset/queen of hearts 13.jpg,queen of hearts,31,train
dataset/queen of hearts 130.jpg,queen of hearts,31,train
dataset/queen of hearts 131.jpg,queen of hearts,31,train
dataset/queen of hearts 132.jpg,queen of hearts,31,train
dataset/queen of hearts 133.jpg,queen of hearts,31,train
dataset/queen of hearts 134.jpg,queen of hearts,31,test
dataset/queen of hearts 135.jpg,queen of hearts,31,train
dataset/queen of hearts 136.jpg,queen of hearts,31,test
dataset/queen of hearts 137.jpg,queen of hearts,31,test
dataset/queen of hearts 138.jpg,queen of hearts,31,train
dataset/queen of hearts 139.jpg,queen of hearts,31,train
dataset/queen of hearts 14.jpg,queen of hearts,31,val
dataset/queen of hearts 140.jpg,queen of hearts,31,test
dataset/queen of hearts 141.jpg,queen of hearts,31,train
dataset/queen of hearts 142.jpg,queen of hearts,31,train
dataset/queen of hearts 143.jpg,queen of hearts,31,train
dataset/queen of hearts 144.jpg,queen of hearts,31,val
dataset/queen of hearts 145.jpg,queen of hearts,31,train
dataset/queen of hearts 146.jpg,queen of hearts,31,test
dataset/queen of hearts 147.jpg,queen of hearts,31,train
dataset/queen of hearts 148.jpg,queen of hearts,31,val
dataset/queen of hearts 149.jpg,queen of hearts,31,train
dataset/queen of hearts 15.jpg,queen of hearts,31,train
dataset/queen of hearts 16.jpg,queen of hearts,31,train
dataset/queen of hearts 17.jpg,queen of hearts,31,train
dataset/queen of hearts 18.jpg,queen of hearts,31,test
dataset/queen of hearts 19.jpg,queen of hearts,31,test
dataset/queen of hearts 20.jpg,queen of hearts,31,train
dataset/queen of hearts 21.jpg,queen of hearts,31,train
dataset/queen of hearts 22.jpg,queen of hearts,31,train
dataset/queen of hearts 23.jpg,queen of hearts,31,train
dataset/queen of hearts 24.jpg,queen of hearts,31,val
dataset/queen of hearts 25.jpg,queen of hearts,31,val
dataset/queen of hearts 26.jpg,queen of hearts,31,train
dataset/queen of hearts 27.jpg,queen of hearts,31,train
dataset/queen of hearts 28.jpg,queen of hearts,31,train
dataset/queen of hearts 29.jpg,queen of hearts,31,train
dataset/queen of hearts 30.jpg,queen of hearts,31,train
dataset/queen of hearts 31.jpg,queen of hearts,31,train
dataset/queen of hearts 32.jpg,queen of hearts,31,train
dataset/queen of hearts 33.jpg,queen of hearts,31,test
dataset/queen of hearts 34.jpg,queen of hearts,31,test
dataset/queen of hearts 35.jpg,queen of hearts,31,val
dataset/queen of hearts 36.jpg,queen of hearts,31,train
dataset/queen of hearts 37.jpg,queen of hearts,31,val
dataset/queen of hearts 38.jpg,queen of hearts,31,train
dataset/queen of hearts 39.jpg,queen of hearts,31,train
dataset/queen of hearts 40.jpg,queen of hearts,31,train
dataset/queen of hearts 41.jpg,queen of hearts,31,train
dataset/queen of hearts 42.jpg,queen of hearts,31,train
dataset/queen of hearts 43.jpg,queen of hearts,31,train
dataset/queen of hearts 44.jpg,queen of hearts,31,train
dataset/queen of hearts 45.jpg,queen of hearts,31,train
dataset/queen of hearts 46.jpg,queen of hearts,31,train
dataset/queen of hearts 47.jpg,queen of hearts,31,train
dataset/queen of hearts 48.jpg,queen of hearts,31,train
dataset/queen of hearts 49.jpg,queen of hearts,31,val
dataset/queen of hearts 50.jpg,queen of hearts,31,test
dataset/queen of hearts 51.jpg,queen of hearts,31,train
dataset/queen of hearts 52.jpg,queen of hearts,31,train
dataset/queen of hearts 53.jpg,queen of hearts,31,train
dataset/queen of hearts 54.jpg,queen of hearts,31,train
dataset/queen of hearts 55.jpg,queen of hearts,31,train
dataset/queen of hearts 56.jpg,queen of hearts,31,train
dataset/queen of hearts 57.jpg,queen of hearts,31,train
dataset/queen of hearts 58.jpg,queen of hearts,31,train
dataset/queen of hearts 59.jpg,queen of hearts,31,train
dataset/queen of hearts 60.jpg,queen of hearts,31,val
dataset/queen of hearts 61.jpg,queen of hearts,31,train
dataset/queen of hearts 62.jpg,queen of hearts,31,train
dataset/queen of hearts 63.jpg,queen of hearts,31,val
dataset/queen of hearts 64.jpg,queen of hearts,31,test
dataset/queen of hearts 65.jpg,queen of hearts,31,train
dataset/queen of hearts 66.jpg,queen of hearts,31,train
dataset/queen of hearts 67.jpg,queen of hearts,31,train
dataset/queen of hearts 68.jpg,queen of hearts,31,test
dataset/queen of hearts 69.jpg,queen of hearts,31,train
dataset/queen of hearts 70.jpg,queen of hearts,31,train
dataset/queen of hearts 71.jpg,queen of hearts,31,train
dataset/queen of hearts 72.jpg,queen of hearts,31,train
dataset/queen of hearts 73.jpg,queen of hearts,31,train
dataset/queen of hearts 74.jpg,queen of hearts,31,train
dataset/queen of hearts 75.jpg,queen of hearts,31,val
dataset/queen of hearts 76.jpg,queen of hearts,31,train
dataset/queen of hearts 77.jpg,queen of hearts,31,val
dataset/queen of hearts 78.jpg,queen of hearts,31,train
dataset/queen of hearts 79.jpg,queen of hearts,31,train
dataset/queen of hearts 80.jpg,queen of hearts,31,train
dataset/queen of hearts 81.jpg,queen of hearts,31,train
dataset/queen of hearts 82.jpg,queen of hearts,31,train
dataset/queen of hearts 83.jpg,queen of hearts,31,train
dataset/queen of hearts 84.jpg,queen of hearts,31,test
dataset/queen of hearts 85.jpg,queen of hearts,31,train
dataset/queen of hearts 86.jpg,queen of hearts,31,train
dataset/queen of hearts 87.jpg,queen of hearts,31,train
dataset/queen of hearts 88.jpg,queen of hearts,31,val
dataset/queen of hearts 89.jpg,queen of hearts,31,val
dataset/queen of hearts 90.jpg,queen of hearts,31,train
dataset/queen of hearts 91.jpg,queen of hearts,31,val
dataset/queen of hearts 92.jpg,queen of hearts,31,train
dataset/queen of hearts 93.jpg,queen of hearts,31,train
dataset/queen of hearts 94.jpg,queen of hearts,31,train
dataset/queen of hearts 95.jpg,queen of hearts,31,train
dataset/queen of hearts 96.jpg,queen of hearts,31,train
dataset/queen of hearts 97.jpg,queen of hearts,31,train
dataset/queen of hearts 98.jpg,queen of hearts,31,train
dataset/queen of hearts 99.jpg,queen of hearts,31,train
dataset/queen of spades 01.jpg,queen of spades,32,train
dataset/queen of spades 02.jpg,queen of spades,32,train
dataset/queen of spades 03.jpg,queen of spades,32,train
dataset/queen of spades 04.jpg,queen of spades,32,test
dataset/queen of spades 05.jpg,queen of spades,32,train
dataset/queen of spades 06.jpg,queen of spades,32,train
dataset/queen of spades 07.jpg,queen of spades,32,train
dataset/queen of spades 08.jpg,queen of spades,32,train
dataset/queen of spades 09.jpg,queen of spades,32,train
dataset/queen of spades 10.jpg,queen of spades,32,test
dataset/queen of spades 100.jpg,queen of spades,32,val
dataset/queen of spades 101.jpg,queen of spades,32,train
dataset/queen of spades 102.jpg,queen of spades,32,val
dataset/queen of spades 103.jpg,queen of spades,32,train
dataset/queen of spades 104.jpg,queen of spades,32,train
dataset/queen of spades 105.jpg,queen of spades,32,train
dataset/queen of spades 106.jpg,queen of spades,32,val
dataset/queen of spades 107.jpg,queen of spades,32,train
dataset/queen of spades 108.jpg,queen of spades,32,train
dataset/queen of spades 109.jpg,queen of spades,32,train
dataset/queen of spades 11.jpg,queen of spades,32,train
dataset/queen of spades 110.jpg,queen of spades,32,val
dataset/queen of spades 111.jpg,queen of spades,32,train
dataset/queen of spades 112.jpg,queen of spades,32,train
dataset/queen of spades 113.jpg,queen of spades,32,train
dataset/queen of spades 114.jpg,queen of spades,32,test
dataset/queen of spades 115.jpg,queen of spades,32,train
dataset/queen of spades 116.jpg,queen of spades,32,val
dataset/queen of spades 117.jpg,queen of spades,32,train
dataset/queen of spades 118.jpg,queen of spades,32,train
dataset/queen of spades 119.jpg,queen of spades,32,val
dataset/queen of spades 12.jpg,queen of spades,32,train
dataset/queen of spades 120.jpg,queen of spades,32,train
dataset/queen of spades 121.jpg,queen of spades,32,train
dataset/queen of spades 122.jpg,queen of spades,32,train
dataset/queen of spades 123.jpg,queen of spades,32,val
dataset/queen of spades 124.jpg,queen of spades,32,test
dataset/queen of spades 125.jpg,queen of spades,32,train
dataset/queen of spades 126.jpg,queen of spades,32,test
dataset/queen of spades 127.jpg,queen of spades,32,val
dataset/queen of spades 128.jpg,queen of spades,32,train
dataset/queen of spades 129.jpg,queen of spades,32,train
dataset/queen of spades 13.jpg,queen of spades,32,train
dataset/queen of spades 130.jpg,queen of spades,32,train
dataset/queen of spades 131.jpg,queen of spades,32,train
dataset/queen of spades 132.jpg,queen of spades,32,test
dataset/queen of spades 133.jpg,queen of spades,32,train
dataset/queen of spades 134.jpg,queen of spades,32,train
dataset/queen of spades 135.jpg,queen of spades,32,test
dataset/queen of spades 136.jpg,queen of spades,32,train
dataset/queen of spades 137.jpg,queen of spades,32,train
dataset/queen of spades 138.jpg,queen of spades,32,train
dataset/queen of spades 139.jpg,queen of spades,32,train
dataset/queen of spades 14.jpg,queen of spades,32,train
dataset/queen of spades 140.jpg,queen of spades,32,train
dataset/queen of spades 141.jpg,queen of spades,32,val
dataset/queen of spades 142.jpg,queen of spades,32,train
dataset/queen of spades 143.jpg,queen of spades,32,train
dataset/queen of spades 144.jpg,queen of spades,32,train
dataset/queen of spades 145.jpg,queen of spades,32,test
dataset/queen of spades 146.jpg,queen of spades,32,train
dataset/queen of spades 147.jpg,queen of spades,32,val
dataset/queen of spades 148.jpg,queen of spades,32,train
dataset/queen of spades 149.jpg,queen of spades,32,train
dataset/queen of spades 15.jpg,queen of spades,32,val
dataset/queen of spades 150.jpg,queen of spades,32,train
dataset/queen of spades 151.jpg,queen of spades,32,train
dataset/queen of spades 152.jpg,queen of spades,32,train
dataset/queen of spades 153.jpg,queen of spades,32,train
dataset/queen of spades 154.jpg,queen of spades,32,train
dataset/queen of spades 155.jpg,queen of spades,32,train
dataset/queen of spades 156.jpg,queen of spades,32,test
dataset/queen of spades 157.jpg,queen of spades,32,train
dataset/queen of spades 158.jpg,queen of spades,32,train
dataset/queen of spades 159.jpg,queen of spades,32,train
dataset/queen of spades 16.jpg,queen of spades,32,train
dataset/queen of spades 160.jpg,queen of spades,32,train
dataset/queen of spades 161.jpg,queen of spades,32,train
dataset/queen of spades 162.jpg,queen of spades,32,train
dataset/queen of spades 163.jpg,queen of spades,32,train
dataset/queen of spades 164.jpg,queen of spades,32,train
dataset/queen of spades 165.jpg,queen of spades,32,val
dataset/queen of spades 166.jpg,queen of spades,32,train
dataset/queen of spades 167.jpg,queen of spades,32,train
dataset/queen of spades 168.jpg,queen of spades,32,train
dataset/queen of spades 169.jpg,queen of spades,32,test
dataset/queen of spades 17.jpg,queen of spades,32,val
dataset/queen of spades 170.jpg,queen of spades,32,val
dataset/queen of spades 171.jpg,queen of spades,32,train
dataset/queen of spades 172.jpg,queen of spades,32,train
dataset/queen of spades 18.jpg,queen of spades,32,train
dataset/queen of spades 19.jpg,queen of spades,32,train
dataset/queen of spades 20.jpg,queen of spades,32,val
dataset/queen of spades 21.jpg,queen of spades,32,val
dataset/queen of spades 22.jpg,queen of spades,32,val
dataset/queen of spades 23.jpg,queen of spades,32,test
dataset/queen of spades 24.jpg,queen of spades,32,train
dataset/queen of spades 25.jpg,queen of spades,32,train
dataset/queen of spades 26.jpg,queen of spades,32,val
dataset/queen of spades 27.jpg,queen of spades,32,train
dataset/queen of spades 28.jpg,queen of spades,32,test
dataset/queen of spades 29.jpg,queen of spades,32,train
dataset/queen of spades 30.jpg,queen of spades,32,train
dataset/queen of spades 31.jpg,queen of spades,32,test
dataset/queen of spades 32.jpg,queen of spades,32,train
dataset/queen of spades 33.jpg,queen of spades,32,test
dataset/queen of spades 34.jpg,queen of spades,32,train
dataset/queen of spades 35.jpg,queen of spades,32,train
dataset/queen of spades 36.jpg,queen of spades,32,train
dataset/queen of spades 37.jpg,queen of spades,32,val
dataset/queen of spades 38.jpg,queen of spades,32,train
dataset/queen of spades 39.jpg,queen of spades,32,val
dataset/queen of spades 40.jpg,queen of spades,32,train
dataset/queen of spades 41.jpg,queen of spades,32,train
dataset/queen of spades 42.jpg,queen of spades,32,train
dataset/queen of spades 43.jpg,queen of spades,32,train
dataset/queen of spades 44.jpg,queen of spades,32,train
dataset/queen of spades 45.jpg,queen of spades,32,train
dataset/queen of spades 46.jpg,queen of spades,32,test
dataset/queen of spades 47.jpg,queen of spades,32,test
dataset/queen of spades 48.jpg,queen of spades,32,train
dataset/queen of spades 49.jpg,queen of spades,32,train
dataset/queen of spades 50.jpg,queen of spades,32,test
dataset/queen of spades 51.jpg,queen of spades,32,train
dataset/queen of spades 52.jpg,queen of spades,32,val
dataset/queen of spades 53.jpg,queen of spades,32,test
dataset/queen of spades 54.jpg,queen of spades,32,test
dataset/queen of spades 55.jpg,queen of spades,32,test
dataset/queen of spades 56.jpg,queen of spades,32,train
dataset/queen of spades 57.jpg,queen of spades,32,val
dataset/queen of spades 58.jpg,queen of spades,32,test
dataset/queen of spades 59.jpg,queen of spades,32,train
dataset/queen of spades 60.jpg,queen of spades,32,train
dataset/queen of spades 61.jpg,queen of spades,32,train
dataset/queen of spades 62.jpg,queen of spades,32,train
dataset/queen of spades 63.jpg,queen of spades,32,test
dataset/queen of spades 64.jpg,queen of spades,32,test
dataset/queen of spades 65.jpg,queen of spades,32,test
dataset/queen of spades 66.jpg,queen of spades,32,test
dataset/queen of spades 67.jpg,queen of spades,32,train
dataset/queen of spades 68.jpg,queen of spades,32,train
dataset/queen of spades 69.jpg,queen of spades,32,train
dataset/queen of spades 70.jpg,queen of spades,32,train
dataset/queen of spades 71.jpg,queen of spades,32,val
dataset/queen of spades 72.jpg,queen of spades,32,train
dataset/queen of spades 73.jpg,queen of spades,32,train
dataset/queen of spades 74.jpg,queen of spades,32,train
dataset/queen of spades 75.jpg,queen of spades,32,train
dataset/queen of spades 76.jpg,queen of spades,32,train
dataset/queen of spades 77.jpg,queen of spades,32,train
dataset/queen of spades 78.jpg,queen of spades,32,val
dataset/queen of spades 79.jpg,queen of spades,32,train
dataset/queen of spades 80.jpg,queen of spades,32,train
dataset/queen of spades 81.jpg,queen of spades,32,train
dataset/queen of spades 82.jpg,queen of spades,32,train
dataset/queen of spades 83.jpg,queen of spades,32,train
dataset/queen of spades 84.jpg,queen of spades,32,test
dataset/queen of spades 85.jpg,queen of spades,32,train
dataset/queen of spades 86.jpg,queen of spades,32,train
dataset/queen of spades 87.jpg,queen of spades,32,train
dataset/queen of spades 88.jpg,queen of spades,32,train
dataset/queen of spades 89.jpg,queen of spades,32,train
dataset/queen of spades 90.jpg,queen of spades,32,train
dataset/queen of spades 91.jpg,queen of spades,32,train
dataset/queen of spades 92.jpg,queen of spades,32,train
dataset/queen of spades 93.jpg,queen of spades,32,val
dataset/queen of spades 94.jpg,queen of spades,32,train
dataset/queen of spades 95.jpg,queen of spades,32,train
dataset/queen of spades 96.jpg,queen of spades,32,val
dataset/queen of spades 97.jpg,queen of spades,32,train
dataset/queen of spades 98.jpg,queen of spades,32,train
dataset/queen of spades 99.jpg,queen of spades,32,train
dataset/seven of clubs 01.jpg,seven of clubs,33,train
dataset/seven of clubs 02.jpg,seven of clubs,33,test
dataset/seven of clubs 03.jpg,seven of clubs,33,train
dataset/seven of clubs 04.jpg,seven of clubs,33,train
dataset/seven of clubs 05.jpg,seven of clubs,33,train
dataset/seven of clubs 06.jpg,seven of clubs,33,train
dataset/seven of clubs 07.jpg,seven of clubs,33,train
dataset/seven of clubs 08.jpg,seven of clubs,33,train
dataset/seven of clubs 09.jpg,seven of clubs,33,train
dataset/seven of clubs 10.jpg,seven of clubs,33,train
dataset/seven of clubs 100.jpg,seven of clubs,33,train
dataset/seven of clubs 101.jpg,seven of clubs,33,train
dataset/seven of clubs 102.jpg,seven of clubs,33,test
dataset/seven of clubs 103.jpg,seven of clubs,33,train
dataset/seven of clubs 104.jpg,seven of clubs,33,val
dataset/seven of clubs 105.jpg,seven of clubs,33,val
dataset/seven of clubs 106.jpg,seven of clubs,33,val
dataset/seven of clubs 107.jpg,seven of clubs,33,train
dataset/seven of clubs 108.jpg,seven of clubs,33,train
dataset/seven of clubs 109.jpg,seven of clubs,33,train
dataset/seven of clubs 11.jpg,seven of clubs,33,test
dataset/seven of clubs 110.jpg,seven of clubs,33,train
dataset/seven of clubs 111.jpg,seven of clubs,33,train
dataset/seven of clubs 112.jpg,seven of clubs,33,train
dataset/seven of clubs 113.jpg,seven of clubs,33,train
dataset/seven of clubs 114.jpg,seven of clubs,33,train
dataset/seven of clubs 115.jpg,seven of clubs,33,train
dataset/seven of clubs 116.jpg,seven of clubs,33,val
dataset/seven of clubs 117.jpg,seven of clubs,33,train
dataset/seven of clubs 118.jpg,seven of clubs,33,test
dataset/seven of clubs 12.jpg,seven of clubs,33,train
dataset/seven of clubs 13.jpg,seven of clubs,33,train
dataset/seven of clubs 14.jpg,seven of clubs,33,test
dataset/seven of clubs 15.jpg,seven of clubs,33,train
dataset/seven of clubs 16.jpg,seven of clubs,33,train
dataset/seven of clubs 17.jpg,seven of clubs,33,train
dataset/seven of clubs 18.jpg,seven of clubs,33,train
dataset/seven of clubs 19.jpg,seven of clubs,33,train
dataset/seven of clubs 20.jpg,seven of clubs,33,val
dataset/seven of clubs 21.jpg,seven of clubs,33,val
dataset/seven of clubs 22.jpg,seven of clubs,33,train
dataset/seven of clubs 23.jpg,seven of clubs,33,train
dataset/seven of clubs 24.jpg,seven of clubs,33,val
dataset/seven of clubs 25.jpg,seven of clubs,33,train
dataset/seven of clubs 26.jpg,seven of clubs,33,train
dataset/seven of clubs 27.jpg,seven of clubs,33,train
dataset/seven of clubs 28.jpg,seven of clubs,33,train
dataset/seven of clubs 29.jpg,seven of clubs,33,train
dataset/seven of clubs 30.jpg,seven of clubs,33,train
dataset/seven of clubs 31.jpg,seven of clubs,33,train
dataset/seven of clubs 32.jpg,seven of clubs,33,train
dataset/seven of clubs 33.jpg,seven of clubs,33,test
dataset/seven of clubs 34.jpg,seven of clubs,33,val
dataset/seven of clubs 35.jpg,seven of clubs,33,train
dataset/seven of clubs 36.jpg,seven of clubs,33,test
dataset/seven of clubs 37.jpg,seven of clubs,33,train
dataset/seven of clubs 38.jpg,seven of clubs,33,train
dataset/seven of clubs 39.jpg,seven of clubs,33,train
dataset/seven of clubs 40.jpg,seven of clubs,33,train
dataset/seven of clubs 41.jpg,seven of clubs,33,train
dataset/seven of clubs 42.jpg,seven of clubs,33,val
dataset/seven of clubs 43.jpg,seven of clubs,33,train
dataset/seven of clubs 44.jpg,seven of clubs,33,train
dataset/seven of clubs 45.jpg,seven of clubs,33,train
dataset/seven of clubs 46.jpg,seven of clubs,33,train
dataset/seven of clubs 47.jpg,seven of clubs,33,train
dataset/seven of clubs 48.jpg,seven of clubs,33,train
dataset/seven of clubs 49.jpg,seven of clubs,33,train
dataset/seven of clubs 50.jpg,seven of clubs,33,train
dataset/seven of clubs 51.jpg,seven of clubs,33,train
dataset/seven of clubs 52.jpg,seven of clubs,33,train
dataset/seven of clubs 53.jpg,seven of clubs,33,train
dataset/seven of clubs 54.jpg,seven of clubs,33,test
dataset/seven of clubs 55.jpg,seven of clubs,33,val
dataset/seven of clubs 56.jpg,seven of clubs,33,train
dataset/seven of clubs 57.jpg,seven of clubs,33,train
dataset/seven of clubs 58.jpg,seven of clubs,33,train
dataset/seven of clubs 59.jpg,seven of clubs,33,train
dataset/seven of clubs 60.jpg,seven of clubs,33,train
dataset/seven of clubs 61.jpg,seven of clubs,33,train
dataset/seven of clubs 62.jpg,seven of clubs,33,test
dataset/seven of clubs 63.jpg,seven of clubs,33,val
dataset/seven of clubs 64.jpg,seven of clubs,33,test
dataset/seven of clubs 65.jpg,seven of clubs,33,train
dataset/seven of clubs 66.jpg,seven of clubs,33,val
dataset/seven of clubs 67.jpg,seven of clubs,33,train
dataset/seven of clubs 68.jpg,seven of clubs,33,train
dataset/seven of clubs 69.jpg,seven of clubs,33,train
dataset/seven of clubs 70.jpg,seven of clubs,33,val
dataset/seven of clubs 71.jpg,seven of clubs,33,train
dataset/seven of clubs 72.jpg,seven of clubs,33,train
dataset/seven of clubs 73.jpg,seven of clubs,33,train
dataset/seven of clubs 74.jpg,seven of clubs,33,val
dataset/seven of clubs 75.jpg,seven of clubs,33,test
dataset/seven of clubs 76.jpg,seven of clubs,33,train
dataset/seven of clubs 77.jpg,seven of clubs,33,test
dataset/seven of clubs 78.jpg,seven of clubs,33,train
dataset/seven of clubs 79.jpg,seven of clubs,33,train
dataset/seven of clubs 80.jpg,seven of clubs,33,train
dataset/seven of clubs 81.jpg,seven of clubs,33,train
dataset/seven of clubs 82.jpg,seven of clubs,33,val
dataset/seven of clubs 83.jpg,seven of clubs,33,val
dataset/seven of clubs 84.jpg,seven of clubs,33,test
dataset/seven of clubs 85.jpg,seven of clubs,33,train
dataset/seven of clubs 86.jpg,seven of clubs,33,test
dataset/seven of clubs 87.jpg,seven of clubs,33,train
dataset/seven of clubs 88.jpg,seven of clubs,33,test
dataset/seven of clubs 89.jpg,seven of clubs,33,train
dataset/seven of clubs 90.jpg,seven of clubs,33,test
dataset/seven of clubs 91.jpg,seven of clubs,33,train
dataset/seven of clubs 92.jpg,seven of clubs,33,train
dataset/seven of clubs 93.jpg,seven of clubs,33,train
dataset/seven of clubs 94.jpg,seven of clubs,33,val
dataset/seven of clubs 95.jpg,seven of clubs,33,train
dataset/seven of clubs 96.jpg,seven of clubs,33,val
dataset/seven of clubs 97.jpg,seven of clubs,33,train
dataset/seven of clubs 98.jpg,seven of clubs,33,train
dataset/seven of clubs 99.jpg,seven of clubs,33,test
dataset/seven of diamonds 01.jpg,seven of diamonds,34,train
dataset/seven of diamonds 02.jpg,seven of diamonds,34,train
dataset/seven of diamonds 03.jpg,seven of diamonds,34,train
dataset/seven of diamonds 04.jpg,seven of diamonds,34,train
dataset/seven of diamonds 05.jpg,seven of diamonds,34,val
dataset/seven of diamonds 06.jpg,seven of diamonds,34,train
dataset/seven of diamonds 07.jpg,seven of diamonds,34,train
dataset/seven of diamonds 08.jpg,seven of diamonds,34,train
dataset/seven of diamonds 09.jpg,seven of diamonds,34,train
dataset/seven of diamonds 10.jpg,seven of diamonds,34,val
dataset/seven of diamonds 100.jpg,seven of diamonds,34,train
dataset/seven of diamonds 101.jpg,seven of diamonds,34,val
dataset/seven of diamonds 102.jpg,seven of diamonds,34,train
dataset/seven of diamonds 103.jpg,seven of diamonds,34,train
dataset/seven of diamonds 104.jpg,seven of diamonds,34,test
dataset/seven of diamonds 105.jpg,seven of diamonds,34,train
dataset/seven of diamonds 106.jpg,seven of diamonds,34,train
dataset/seven of diamonds 107.jpg,seven of diamonds,34,train
dataset/seven of diamonds 108.jpg,seven of diamonds,34,train
dataset/seven of diamonds 109.jpg,seven of diamonds,34,test
dataset/seven of diamonds 11.jpg,seven of diamonds,34,train
dataset/seven of diamonds 110.jpg,seven of diamonds,34,train
dataset/seven of diamonds 111.jpg,seven of diamonds,34,train
dataset/seven of diamonds 112.jpg,seven of diamonds,34,val
dataset/seven of diamonds 113.jpg,seven of diamonds,34,test
dataset/seven of diamonds 114.jpg,seven of diamonds,34,val
dataset/seven of diamonds 115.jpg,seven of diamonds,34,val
dataset/seven of diamonds 116.jpg,seven of diamonds,34,train
dataset/seven of diamonds 117.jpg,seven of diamonds,34,train
dataset/seven of diamonds 118.jpg,seven of diamonds,34,train
dataset/seven of diamonds 119.jpg,seven of diamonds,34,test
dataset/seven of diamonds 12.jpg,seven of diamonds,34,train
dataset/seven of diamonds 120.jpg,seven of diamonds,34,train
dataset/seven of diamonds 121.jpg,seven of diamonds,34,val
dataset/seven of diamonds 122.jpg,seven of diamonds,34,test
dataset/seven of diamonds 123.jpg,seven of diamonds,34,train
dataset/seven of diamonds 124.jpg,seven of diamonds,34,train
dataset/seven of diamonds 125.jpg,seven of diamonds,34,train
dataset/seven of diamonds 126.jpg,seven of diamonds,34,train
dataset/seven of diamonds 127.jpg,seven of diamonds,34,train
dataset/seven of diamonds 128.jpg,seven of diamonds,34,train
dataset/seven of diamonds 129.jpg,seven of diamonds,34,train
dataset/seven of diamonds 13.jpg,seven of diamonds,34,train
dataset/seven of diamonds 130.jpg,seven of diamonds,34,test
dataset/seven of diamonds 131.jpg,seven of diamonds,34,train
dataset/seven of diamonds 132.jpg,seven of diamonds,34,train
dataset/seven of diamonds 133.jpg,seven of diamonds,34,val
dataset/seven of diamonds 134.jpg,seven of diamonds,34,train
dataset/seven of diamonds 14.jpg,seven of diamonds,34,train
dataset/seven of diamonds 15.jpg,seven of diamonds,34,val
dataset/seven of diamonds 16.jpg,seven of diamonds,34,train
dataset/seven of diamonds 17.jpg,seven of diamonds,34,train
dataset/seven of diamonds 18.jpg,seven of diamonds,34,test
dataset/seven of diamonds 19.jpg,seven of diamonds,34,train
dataset/seven of diamonds 20.jpg,seven of diamonds,34,train
dataset/seven of diamonds 21.jpg,seven of diamonds,34,train
dataset/seven of diamonds 22.jpg,seven of diamonds,34,train
dataset/seven of diamonds 23.jpg,seven of diamonds,34,test
dataset/seven of diamonds 24.jpg,seven of diamonds,34,train
dataset/seven of diamonds 25.jpg,seven of diamonds,34,train
dataset/seven of diamonds 26.jpg,seven of diamonds,34,train
dataset/seven of diamonds 27.jpg,seven of diamonds,34,train
dataset/seven of diamonds 28.jpg,seven of diamonds,34,train
dataset/seven of diamonds 29.jpg,seven of diamonds,34,val
dataset/seven of diamonds 30.jpg,seven of diamonds,34,train
dataset/seven of diamonds 31.jpg,seven of diamonds,34,train
dataset/seven of diamonds 32.jpg,seven of diamonds,34,test
dataset/seven of diamonds 33.jpg,seven of diamonds,34,train
dataset/seven of diamonds 34.jpg,seven of diamonds,34,train
dataset/seven of diamonds 35.jpg,seven of diamonds,34,train
dataset/seven of diamonds 36.jpg,seven of diamonds,34,train
dataset/seven of diamonds 37.jpg,seven of diamonds,34,train
dataset/seven of diamonds 38.jpg,seven of diamonds,34,val
dataset/seven of diamonds 39.jpg,seven of diamonds,34,train
dataset/seven of diamonds 40.jpg,seven of diamonds,34,train
dataset/seven of diamonds 41.jpg,seven of diamonds,34,test
dataset/seven of diamonds 42.jpg,seven of diamonds,34,train
dataset/seven of diamonds 43.jpg,seven of diamonds,34,train
dataset/seven of diamonds 44.jpg,seven of diamonds,34,train
dataset/seven of diamonds 45.jpg,seven of diamonds,34,test
dataset/seven of diamonds 46.jpg,seven of diamonds,34,train
dataset/seven of diamonds 47.jpg,seven of diamonds,34,train
dataset/seven of diamonds 48.jpg,seven of diamonds,34,val
dataset/seven of diamonds 49.jpg,seven of diamonds,34,test
dataset/seven of diamonds 50.jpg,seven of diamonds,34,train
dataset/seven of diamonds 51.jpg,seven of diamonds,34,train
dataset/seven of diamonds 52.jpg,seven of diamonds,34,val
dataset/seven of diamonds 53.jpg,seven of diamonds,34,train
dataset/seven of diamonds 54.jpg,seven of diamonds,34,train
dataset/seven of diamonds 55.jpg,seven of diamonds,34,train
dataset/seven of diamonds 56.jpg,seven of diamonds,34,train
dataset/seven of diamonds 57.jpg,seven of diamonds,34,train
dataset/seven of diamonds 58.jpg,seven of diamonds,34,train
dataset/seven of diamonds 59.jpg,seven of diamonds,34,train
dataset/seven of diamonds 60.jpg,seven of diamonds,34,val
dataset/seven of diamonds 61.jpg,seven of diamonds,34,train
dataset/seven of diamonds 62.jpg,seven of diamonds,34,train
dataset/seven of diamonds 63.jpg,seven of diamonds,34,train
dataset/seven of diamonds 64.jpg,seven of diamonds,34,train
dataset/seven of diamonds 65.jpg,seven of diamonds,34,val
dataset/seven of diamonds 66.jpg,seven of diamonds,34,train
dataset/seven of diamonds 67.jpg,seven of diamonds,34,train
dataset/seven of diamonds 68.jpg,seven of diamonds,34,train
dataset/seven of diamonds 69.jpg,seven of diamonds,34,test
dataset/seven of diamonds 70.jpg,seven of diamonds,34,test
dataset/seven of diamonds 71.jpg,seven of diamonds,34,test
dataset/seven of diamonds 72.jpg,seven of diamonds,34,train
dataset/seven of diamonds 73.jpg,seven of diamonds,34,train
dataset/seven of diamonds 74.jpg,seven of diamonds,34,train
dataset/seven of diamonds 75.jpg,seven of diamonds,34,train
dataset/seven of diamonds 76.jpg,seven of diamonds,34,val
dataset/seven of diamonds 77.jpg,seven of diamonds,34,train
dataset/seven of diamonds 78.jpg,seven of diamonds,34,train
dataset/seven of diamonds 79.jpg,seven of diamonds,34,train
dataset/seven of diamonds 80.jpg,seven of diamonds,34,train
dataset/seven of diamonds 81.jpg,seven of diamonds,34,test
dataset/seven of diamonds 82.jpg,seven of diamonds,34,train
dataset/seven of diamonds 83.jpg,seven of diamonds,34,test
dataset/seven of diamonds 84.jpg,seven of diamonds,34,test
dataset/seven of diamonds 85.jpg,seven of diamonds,34,train
dataset/seven of diamonds 86.jpg,seven of diamonds,34,train
dataset/seven of diamonds 87.jpg,seven of diamonds,34,val
dataset/seven of diamonds 88.jpg,seven of diamonds,34,train
dataset/seven of diamonds 89.jpg,seven of diamonds,34,train
dataset/seven of diamonds 90.jpg,seven of diamonds,34,train
dataset/seven of diamonds 91.jpg,seven of diamonds,34,test
dataset/seven of diamonds 92.jpg,seven of diamonds,34,val
dataset/seven of diamonds 93.jpg,seven of diamonds,34,val
dataset/seven of diamonds 94.jpg,seven of diamonds,34,val
dataset/seven of diamonds 95.jpg,seven of diamonds,34,train
dataset/seven of diamonds 96.jpg,seven of diamonds,34,train
dataset/seven of diamonds 97.jpg,seven of diamonds,34,train
dataset/seven of diamonds 98.jpg,seven of diamonds,34,test
dataset/seven of diamonds 99.jpg,seven of diamonds,34,train
dataset/seven of hearts 01.jpg,seven of hearts,35,train
dataset/seven of hearts 02.jpg,seven of hearts,35,train
dataset/seven of hearts 03.jpg,seven of hearts,35,train
dataset/seven of hearts 04.jpg,seven of hearts,35,train
dataset/seven of hearts 05.jpg,seven of hearts,35,test
dataset/seven of hearts 06.jpg,seven of hearts,35,val
dataset/seven of hearts 07.jpg,seven of hearts,35,test
dataset/seven of hearts 08.jpg,seven of hearts,35,train
dataset/seven of hearts 09.jpg,seven of hearts,35,train
dataset/seven of hearts 10.jpg,seven of hearts,35,train
dataset/seven of hearts 100.jpg,seven of hearts,35,train
dataset/seven of hearts 101.jpg,seven of hearts,35,train
dataset/seven of hearts 102.jpg,seven of hearts,35,val
dataset/seven of hearts 103.jpg,seven of hearts,35,val
dataset/seven of hearts 104.jpg,seven of hearts,35,test
dataset/seven of hearts 105.jpg,seven of hearts,35,train
dataset/seven of hearts 106.jpg,seven of hearts,35,val
dataset/seven of hearts 107.jpg,seven of hearts,35,train
dataset/seven of hearts 108.jpg,seven of hearts,35,test
dataset/seven of hearts 109.jpg,seven of hearts,35,test
dataset/seven of hearts 11.jpg,seven of hearts,35,train
dataset/seven of hearts 110.jpg,seven of hearts,35,train
dataset/seven of hearts 111.jpg,seven of hearts,35,train
dataset/seven of hearts 112.jpg,seven of hearts,35,val
dataset/seven of hearts 113.jpg,seven of hearts,35,train
dataset/seven of hearts 114.jpg,seven of hearts,35,val
dataset/seven of hearts 115.jpg,seven of hearts,35,val
dataset/seven of hearts 116.jpg,seven of hearts,35,train
dataset/seven of hearts 117.jpg,seven of hearts,35,train
dataset/seven of hearts 118.jpg,seven of hearts,35,train
dataset/seven of hearts 119.jpg,seven of hearts,35,train
dataset/seven of hearts 12.jpg,seven of hearts,35,val
dataset/seven of hearts 120.jpg,seven of hearts,35,train
dataset/seven of hearts 121.jpg,seven of hearts,35,train
dataset/seven of hearts 122.jpg,seven of hearts,35,test
dataset/seven of hearts 123.jpg,seven of hearts,35,train
dataset/seven of hearts 124.jpg,seven of hearts,35,train
dataset/seven of hearts 125.jpg,seven of hearts,35,train
dataset/seven of hearts 126.jpg,seven of hearts,35,train
dataset/seven of hearts 127.jpg,seven of hearts,35,train
dataset/seven of hearts 128.jpg,seven of hearts,35,train
dataset/seven of hearts 129.jpg,seven of hearts,35,train
dataset/seven of hearts 13.jpg,seven of hearts,35,train
dataset/seven of hearts 130.jpg,seven of hearts,35,test
dataset/seven of hearts 131.jpg,seven of hearts,35,train
dataset/seven of hearts 132.jpg,seven of hearts,35,train
dataset/seven of hearts 133.jpg,seven of hearts,35,test
dataset/seven of hearts 134.jpg,seven of hearts,35,val
dataset/seven of hearts 135.jpg,seven of hearts,35,test
dataset/seven of hearts 136.jpg,seven of hearts,35,train
dataset/seven of hearts 137.jpg,seven of hearts,35,train
dataset/seven of hearts 138.jpg,seven of hearts,35,train
dataset/seven of hearts 139.jpg,seven of hearts,35,train
dataset/seven of hearts 14.jpg,seven of hearts,35,val
dataset/seven of hearts 140.jpg,seven of hearts,35,train
dataset/seven of hearts 141.jpg,seven of hearts,35,train
dataset/seven of hearts 142.jpg,seven of hearts,35,train
dataset/seven of hearts 143.jpg,seven of hearts,35,test
dataset/seven of hearts 144.jpg,seven of hearts,35,val
dataset/seven of hearts 145.jpg,seven of hearts,35,test
dataset/seven of hearts 146.jpg,seven of hearts,35,train
dataset/seven of hearts 147.jpg,seven of hearts,35,train
dataset/seven of hearts 148.jpg,seven of hearts,35,test
dataset/seven of hearts 149.jpg,seven of hearts,35,train
dataset/seven of hearts 15.jpg,seven of hearts,35,train
dataset/seven of hearts 150.jpg,seven of hearts,35,train
dataset/seven of hearts 151.jpg,seven of hearts,35,train
dataset/seven of hearts 152.jpg,seven of hearts,35,train
dataset/seven of hearts 153.jpg,seven of hearts,35,train
dataset/seven of hearts 16.jpg,seven of hearts,35,train
dataset/seven of hearts 17.jpg,seven of hearts,35,train
dataset/seven of hearts 18.jpg,seven of hearts,35,test
dataset/seven of hearts 19.jpg,seven of hearts,35,train
dataset/seven of hearts 20.jpg,seven of hearts,35,train
dataset/seven of hearts 21.jpg,seven of hearts,35,train
dataset/seven of hearts 22.jpg,seven of hearts,35,train
dataset/seven of hearts 23.jpg,seven of hearts,35,train
dataset/seven of hearts 24.jpg,seven of hearts,35,test
dataset/seven of hearts 25.jpg,seven of hearts,35,train
dataset/seven of hearts 26.jpg,seven of hearts,35,train
dataset/seven of hearts 27.jpg,seven of hearts,35,test
dataset/seven of hearts 28.jpg,seven of hearts,35,train
dataset/seven of hearts 29.jpg,seven of hearts,35,train
dataset/seven of hearts 30.jpg,seven of hearts,35,train
dataset/seven of hearts 31.jpg,seven of hearts,35,train
dataset/seven of hearts 32.jpg,seven of hearts,35,train
dataset/seven of hearts 33.jpg,seven of hearts,35,train
dataset/seven of hearts 34.jpg,seven of hearts,35,train
dataset/seven of hearts 35.jpg,seven of hearts,35,train
dataset/seven of hearts 36.jpg,seven of hearts,35,train
dataset/seven of hearts 37.jpg,seven of hearts,35,train
dataset/seven of hearts 38.jpg,seven of hearts,35,train
dataset/seven of hearts 39.jpg,seven of hearts,35,train
dataset/seven of hearts 40.jpg,seven of hearts,35,train
dataset/seven of hearts 41.jpg,seven of hearts,35,train
dataset/seven of hearts 42.jpg,seven of hearts,35,train
dataset/seven of hearts 43.jpg,seven of hearts,35,train
dataset/seven of hearts 44.jpg,seven of hearts,35,train
dataset/seven of hearts 45.jpg,seven of hearts,35,train
dataset/seven of hearts 46.jpg,seven of hearts,35,test
dataset/seven of hearts 47.jpg,seven of hearts,35,train
dataset/seven of hearts 48.jpg,seven of hearts,35,train
dataset/seven of hearts 49.jpg,seven of hearts,35,train
dataset/seven of hearts 50.jpg,seven of hearts,35,test
dataset/seven of hearts 51.jpg,seven of hearts,35,train
dataset/seven of hearts 52.jpg,seven of hearts,35,train
dataset/seven of hearts 53.jpg,seven of hearts,35,val
dataset/seven of hearts 54.jpg,seven of hearts,35,test
dataset/seven of hearts 55.jpg,seven of hearts,35,train
dataset/seven of hearts 56.jpg,seven of hearts,35,val
dataset/seven of hearts 57.jpg,seven of hearts,35,test
dataset/seven of hearts 58.jpg,seven of hearts,35,train
dataset/seven of hearts 59.jpg,seven of hearts,35,train
dataset/seven of hearts 60.jpg,seven of hearts,35,train
dataset/seven of hearts 61.jpg,seven of hearts,35,train
dataset/seven of hearts 62.jpg,seven of hearts,35,train
dataset/seven of hearts 63.jpg,seven of hearts,35,val
dataset/seven of hearts 64.jpg,seven of hearts,35,train
dataset/seven of hearts 65.jpg,seven of hearts,35,val
dataset/seven of hearts 66.jpg,seven of hearts,35,train
dataset/seven of hearts 67.jpg,seven of hearts,35,train
dataset/seven of hearts 68.jpg,seven of hearts,35,train
dataset/seven of hearts 69.jpg,seven of hearts,35,train
dataset/seven of hearts 70.jpg,seven of hearts,35,val
dataset/seven of hearts 71.jpg,seven of hearts,35,train
dataset/seven of hearts 72.jpg,seven of hearts,35,test
dataset/seven of hearts 73.jpg,seven of hearts,35,test
dataset/seven of hearts 74.jpg,seven of hearts,35,train
dataset/seven of hearts 75.jpg,seven of hearts,35,train
dataset/seven of hearts 76.jpg,seven of hearts,35,train
dataset/seven of hearts 77.jpg,seven of hearts,35,train
dataset/seven of hearts 78.jpg,seven of hearts,35,val
dataset/seven of hearts 79.jpg,seven of hearts,35,train
dataset/seven of hearts 80.jpg,seven of hearts,35,test
dataset/seven of hearts 81.jpg,seven of hearts,35,train
dataset/seven of hearts 82.jpg,seven of hearts,35,train
dataset/seven of hearts 83.jpg,seven of hearts,35,train
dataset/seven of hearts 84.jpg,seven of hearts,35,train
dataset/seven of hearts 85.jpg,seven of hearts,35,train
dataset/seven of hearts 86.jpg,seven of hearts,35,train
dataset/seven of hearts 87.jpg,seven of hearts,35,test
dataset/seven of hearts 88.jpg,seven of hearts,35,val
dataset/seven of hearts 89.jpg,seven of hearts,35,val
dataset/seven of hearts 90.jpg,seven of hearts,35,train
dataset/seven of hearts 91.jpg,seven of hearts,35,val
dataset/seven of hearts 92.jpg,seven of hearts,35,train
dataset/seven of hearts 93.jpg,seven of hearts,35,val
dataset/seven of hearts 94.jpg,seven of hearts,35,train
dataset/seven of hearts 95.jpg,seven of hearts,35,val
dataset/seven of hearts 96.jpg,seven of hearts,35,train
dataset/seven of hearts 97.jpg,seven of hearts,35,val
dataset/seven of hearts 98.jpg,seven of hearts,35,train
dataset/seven of hearts 99.jpg,seven of hearts,35,train
dataset/seven of spades 01.jpg,seven of spades,36,train
dataset/seven of spades 02.jpg,seven of spades,36,val
dataset/seven of spades 03.jpg,seven of spades,36,train
dataset/seven of spades 04.jpg,seven of spades,36,train
dataset/seven of spades 05.jpg,seven of spades,36,train
dataset/seven of spades 06.jpg,seven of spades,36,val
dataset/seven of spades 07.jpg,seven of spades,36,test
dataset/seven of spades 08.jpg,seven of spades,36,train
dataset/seven of spades 09.jpg,seven of spades,36,train
dataset/seven of spades 10.jpg,seven of spades,36,val
dataset/seven of spades 100.jpg,seven of spades,36,test
dataset/seven of spades 101.jpg,seven of spades,36,val
dataset/seven of spades 102.jpg,seven of spades,36,train
dataset/seven of spades 103.jpg,seven of spades,36,train
dataset/seven of spades 104.jpg,seven of spades,36,train
dataset/seven of spades 105.jpg,seven of spades,36,test
dataset/seven of spades 106.jpg,seven of spades,36,train
dataset/seven of spades 107.jpg,seven of spades,36,test
dataset/seven of spades 108.jpg,seven of spades,36,train
dataset/seven of spades 109.jpg,seven of spades,36,train
dataset/seven of spades 11.jpg,seven of spades,36,train
dataset/seven of spades 110.jpg,seven of spades,36,train
dataset/seven of spades 111.jpg,seven of spades,36,train
dataset/seven of spades 112.jpg,seven of spades,36,train
dataset/seven of spades 113.jpg,seven of spades,36,val
dataset/seven of spades 114.jpg,seven of spades,36,train
dataset/seven of spades 115.jpg,seven of spades,36,test
dataset/seven of spades 116.jpg,seven of spades,36,train
dataset/seven of spades 117.jpg,seven of spades,36,train
dataset/seven of spades 118.jpg,seven of spades,36,val
dataset/seven of spades 119.jpg,seven of spades,36,train
dataset/seven of spades 12.jpg,seven of spades,36,train
dataset/seven of spades 120.jpg,seven of spades,36,train
dataset/seven of spades 121.jpg,seven of spades,36,train
dataset/seven of spades 122.jpg,seven of spades,36,train
dataset/seven of spades 123.jpg,seven of spades,36,train
dataset/seven of spades 124.jpg,seven of spades,36,train
dataset/seven of spades 125.jpg,seven of spades,36,train
dataset/seven of spades 126.jpg,seven of spades,36,train
dataset/seven of spades 127.jpg,seven of spades,36,train
dataset/seven of spades 128.jpg,seven of spades,36,train
dataset/seven of spades 129.jpg,seven of spades,36,val
dataset/seven of spades 13.jpg,seven of spades,36,train
dataset/seven of spades 130.jpg,seven of spades,36,train
dataset/seven of spades 131.jpg,seven of spades,36,train
dataset/seven of spades 132.jpg,seven of spades,36,test
dataset/seven of spades 133.jpg,seven of spades,36,train
dataset/seven of spades 134.jpg,seven of spades,36,val
dataset/seven of spades 135.jpg,seven of spades,36,train
dataset/seven of spades 136.jpg,seven of spades,36,train
dataset/seven of spades 137.jpg,seven of spades,36,train
dataset/seven of spades 138.jpg,seven of spades,36,train
dataset/seven of spades 139.jpg,seven of spades,36,train
dataset/seven of spades 14.jpg,seven of spades,36,test
dataset/seven of spades 140.jpg,seven of spades,36,train
dataset/seven of spades 141.jpg,seven of spades,36,train
dataset/seven of spades 142.jpg,seven of spades,36,train
dataset/seven of spades 143.jpg,seven of spades,36,test
dataset/seven of spades 144.jpg,seven of spades,36,test
dataset/seven of spades 145.jpg,seven of spades,36,train
dataset/seven of spades 146.jpg,seven of spades,36,train
dataset/seven of spades 147.jpg,seven of spades,36,train
dataset/seven of spades 148.jpg,seven of spades,36,val
dataset/seven of spades 149.jpg,seven of spades,36,test
dataset/seven of spades 15.jpg,seven of spades,36,train
dataset/seven of spades 150.jpg,seven of spades,36,train
dataset/seven of spades 151.jpg,seven of spades,36,train
dataset/seven of spades 152.jpg,seven of spades,36,train
dataset/seven of spades 153.jpg,seven of spades,36,train
dataset/seven of spades 154.jpg,seven of spades,36,train
dataset/seven of spades 155.jpg,seven of spades,36,train
dataset/seven of spades 156.jpg,seven of spades,36,val
dataset/seven of spades 157.jpg,seven of spades,36,train
dataset/seven of spades 158.jpg,seven of spades,36,val
dataset/seven of spades 159.jpg,seven of spades,36,test
dataset/seven of spades 16.jpg,seven of spades,36,test
dataset/seven of spades 160.jpg,seven of spades,36,val
dataset/seven of spades 161.jpg,seven of spades,36,val
dataset/seven of spades 162.jpg,seven of spades,36,val
dataset/seven of spades 163.jpg,seven of spades,36,train
dataset/seven of spades 164.jpg,seven of spades,36,train
dataset/seven of spades 165.jpg,seven of spades,36,train
dataset/seven of spades 166.jpg,seven of spades,36,train
dataset/seven of spades 167.jpg,seven of spades,36,train
dataset/seven of spades 168.jpg,seven of spades,36,test
dataset/seven of spades 169.jpg,seven of spades,36,train
dataset/seven of spades 17.jpg,seven of spades,36,train
dataset/seven of spades 170.jpg,seven of spades,36,train
dataset/seven of spades 171.jpg,seven of spades,36,train
dataset/seven of spades 172.jpg,seven of spades,36,val
dataset/seven of spades 173.jpg,seven of spades,36,train
dataset/seven of spades 174.jpg,seven of spades,36,train
dataset/seven of spades 175.jpg,seven of spades,36,train
dataset/seven of spades 18.jpg,seven of spades,36,test
dataset/seven of spades 19.jpg,seven of spades,36,train
dataset/seven of spades 20.jpg,seven of spades,36,train
dataset/seven of spades 21.jpg,seven of spades,36,train
dataset/seven of spades 22.jpg,seven of spades,36,train
dataset/seven of spades 23.jpg,seven of spades,36,test
dataset/seven of spades 24.jpg,seven of spades,36,train
dataset/seven of spades 25.jpg,seven of spades,36,train
dataset/seven of spades 26.jpg,seven of spades,36,train
dataset/seven of spades 27.jpg,seven of spades,36,train
dataset/seven of spades 28.jpg,seven of spades,36,test
dataset/seven of spades 29.jpg,seven of spades,36,train
dataset/seven of spades 30.jpg,seven of spades,36,train
dataset/seven of spades 31.jpg,seven of spades,36,train
dataset/seven of spades 32.jpg,seven of spades,36,test
dataset/seven of spades 33.jpg,seven of spades,36,train
dataset/seven of spades 34.jpg,seven of spades,36,train
dataset/seven of spades 35.jpg,seven of spades,36,val
dataset/seven of spades 36.jpg,seven of spades,36,test
dataset/seven of spades 37.jpg,seven of spades,36,train
dataset/seven of spades 38.jpg,seven of spades,36,train
dataset/seven of spades 39.jpg,seven of spades,36,train
dataset/seven of spades 40.jpg,seven of spades,36,val
dataset/seven of spades 41.jpg,seven of spades,36,train
dataset/seven of spades 42.jpg,seven of spades,36,train
dataset/seven of spades 43.jpg,seven of spades,36,val
dataset/seven of spades 44.jpg,seven of spades,36,train
dataset/seven of spades 45.jpg,seven of spades,36,test
dataset/seven of spades 46.jpg,seven of spades,36,train
dataset/seven of spades 47.jpg,seven of spades,36,train
dataset/seven of spades 48.jpg,seven of spades,36,val
dataset/seven of spades 49.jpg,seven of spades,36,train
dataset/seven of spades 50.jpg,seven of spades,36,test
dataset/seven of spades 51.jpg,seven of spades,36,val
dataset/seven of spades 52.jpg,seven of spades,36,train
dataset/seven of spades 53.jpg,seven of spades,36,train
dataset/seven of spades 54.jpg,seven of spades,36,val
dataset/seven of spades 55.jpg,seven of spades,36,train
dataset/seven of spades 56.jpg,seven of spades,36,val
dataset/seven of spades 57.jpg,seven of spades,36,train
dataset/seven of spades 58.jpg,seven of spades,36,train
dataset/seven of spades 59.jpg,seven of spades,36,test
dataset/seven of spades 60.jpg,seven of spades,36,train
dataset/seven of spades 61.jpg,seven of spades,36,train
dataset/seven of spades 62.jpg,seven of spades,36,train
dataset/seven of spades 63.jpg,seven of spades,36,train
dataset/seven of spades 64.jpg,seven of spades,36,train
dataset/seven of spades 65.jpg,seven of spades,36,train
dataset/seven of spades 66.jpg,seven of spades,36,train
dataset/seven of spades 67.jpg,seven of spades,36,train
dataset/seven of spades 68.jpg,seven of spades,36,train
dataset/seven of spades 69.jpg,seven of spades,36,train
dataset/seven of spades 70.jpg,seven of spades,36,train
dataset/seven of spades 71.jpg,seven of spades,36,train
dataset/seven of spades 72.jpg,seven of spades,36,test
dataset/seven of spades 73.jpg,seven of spades,36,val
dataset/seven of spades 74.jpg,seven of spades,36,test
dataset/seven of spades 75.jpg,seven of spades,36,train
dataset/seven of spades 76.jpg,seven of spades,36,train
dataset/seven of spades 77.jpg,seven of spades,36,train
dataset/seven of spades 78.jpg,seven of spades,36,train
dataset/seven of spades 79.jpg,seven of spades,36,train
dataset/seven of spades 80.jpg,seven of spades,36,test
dataset/seven of spades 81.jpg,seven of spades,36,train
dataset/seven of spades 82.jpg,seven of spades,36,train
dataset/seven of spades 83.jpg,seven of spades,36,train
dataset/seven of spades 84.jpg,seven of spades,36,test
dataset/seven of spades 85.jpg,seven of spades,36,train
dataset/seven of spades 86.jpg,seven of spades,36,val
dataset/seven of spades 87.jpg,seven of spades,36,train
dataset/seven of spades 88.jpg,seven of spades,36,train
dataset/seven of spades 89.jpg,seven of spades,36,train
dataset/seven of spades 90.jpg,seven of spades,36,val
dataset/seven of spades 91.jpg,seven of spades,36,train
dataset/seven of spades 92.jpg,seven of spades,36,train
dataset/seven of spades 93.jpg,seven of spades,36,train
dataset/seven of spades 94.jpg,seven of spades,36,val
dataset/seven of spades 95.jpg,seven of spades,36,train
dataset/seven of spades 96.jpg,seven of spades,36,train
dataset/seven of spades 97.jpg,seven of spades,36,val
dataset/seven of spades 98.jpg,seven of spades,36,train
dataset/seven of spades 99.jpg,seven of spades,36,test
dataset/six of clubs 01.jpg,six of clubs,37,train
dataset/six of clubs 02.jpg,six of clubs,37,train
dataset/six of clubs 03.jpg,six of clubs,37,train
dataset/six of clubs 04.jpg,six of clubs,37,val
dataset/six of clubs 05.jpg,six of clubs,37,train
dataset/six of clubs 06.jpg,six of clubs,37,train
dataset/six of clubs 07.jpg,six of clubs,37,train
dataset/six of clubs 08.jpg,six of clubs,37,train
dataset/six of clubs 09.jpg,six of clubs,37,train
dataset/six of clubs 10.jpg,six of clubs,37,val
dataset/six of clubs 100.jpg,six of clubs,37,train
dataset/six of clubs 101.jpg,six of clubs,37,val
dataset/six of clubs 102.jpg,six of clubs,37,train
dataset/six of clubs 103.jpg,six of clubs,37,train
dataset/six of clubs 104.jpg,six of clubs,37,train
dataset/six of clubs 105.jpg,six of clubs,37,train
dataset/six of clubs 106.jpg,six of clubs,37,train
dataset/six of clubs 107.jpg,six of clubs,37,train
dataset/six of clubs 108.jpg,six of clubs,37,test
dataset/six of clubs 109.jpg,six of clubs,37,train
dataset/six of clubs 11.jpg,six of clubs,37,train
dataset/six of clubs 110.jpg,six of clubs,37,val
dataset/six of clubs 111.jpg,six of clubs,37,train
dataset/six of clubs 112.jpg,six of clubs,37,val
dataset/six of clubs 113.jpg,six of clubs,37,val
dataset/six of clubs 114.jpg,six of clubs,37,train
dataset/six of clubs 115.jpg,six of clubs,37,val
dataset/six of clubs 116.jpg,six of clubs,37,test
dataset/six of clubs 117.jpg,six of clubs,37,train
dataset/six of clubs 118.jpg,six of clubs,37,test
dataset/six of clubs 119.jpg,six of clubs,37,train
dataset/six of clubs 12.jpg,six of clubs,37,val
dataset/six of clubs 120.jpg,six of clubs,37,train
dataset/six of clubs 121.jpg,six of clubs,37,test
dataset/six of clubs 122.jpg,six of clubs,37,train
dataset/six of clubs 123.jpg,six of clubs,37,train
dataset/six of clubs 124.jpg,six of clubs,37,test
dataset/six of clubs 125.jpg,six of clubs,37,train
dataset/six of clubs 126.jpg,six of clubs,37,train
dataset/six of clubs 127.jpg,six of clubs,37,val
dataset/six of clubs 128.jpg,six of clubs,37,val
dataset/six of clubs 129.jpg,six of clubs,37,test
dataset/six of clubs 13.jpg,six of clubs,37,train
dataset/six of clubs 130.jpg,six of clubs,37,train
dataset/six of clubs 131.jpg,six of clubs,37,train
dataset/six of clubs 132.jpg,six of clubs,37,train
dataset/six of clubs 133.jpg,six of clubs,37,val
dataset/six of clubs 134.jpg,six of clubs,37,train
dataset/six of clubs 135.jpg,six of clubs,37,val
dataset/six of clubs 136.jpg,six of clubs,37,val
dataset/six of clubs 137.jpg,six of clubs,37,train
dataset/six of clubs 138.jpg,six of clubs,37,train
dataset/six of clubs 139.jpg,six of clubs,37,train
dataset/six of clubs 14.jpg,six of clubs,37,train
dataset/six of clubs 140.jpg,six of clubs,37,train
dataset/six of clubs 141.jpg,six of clubs,37,train
dataset/six of clubs 142.jpg,six of clubs,37,val
dataset/six of clubs 143.jpg,six of clubs,37,train
dataset/six of clubs 144.jpg,six of clubs,37,train
dataset/six of clubs 145.jpg,six of clubs,37,test
dataset/six of clubs 146.jpg,six of clubs,37,train
dataset/six of clubs 147.jpg,six of clubs,37,train
dataset/six of clubs 148.jpg,six of clubs,37,train
dataset/six of clubs 149.jpg,six of clubs,37,train
dataset/six of clubs 15.jpg,six of clubs,37,val
dataset/six of clubs 150.jpg,six of clubs,37,train
dataset/six of clubs 151.jpg,six of clubs,37,train
dataset/six of clubs 152.jpg,six of clubs,37,train
dataset/six of clubs 153.jpg,six of clubs,37,train
dataset/six of clubs 154.jpg,six of clubs,37,train
dataset/six of clubs 155.jpg,six of clubs,37,train
dataset/six of clubs 156.jpg,six of clubs,37,train
dataset/six of clubs 157.jpg,six of clubs,37,train
dataset/six of clubs 158.jpg,six of clubs,37,train
dataset/six of clubs 159.jpg,six of clubs,37,test
dataset/six of clubs 16.jpg,six of clubs,37,train
dataset/six of clubs 160.jpg,six of clubs,37,val
dataset/six of clubs 161.jpg,six of clubs,37,train
dataset/six of clubs 162.jpg,six of clubs,37,train
dataset/six of clubs 17.jpg,six of clubs,37,test
dataset/six of clubs 18.jpg,six of clubs,37,train
dataset/six of clubs 19.jpg,six of clubs,37,train
dataset/six of clubs 20.jpg,six of clubs,37,train
dataset/six of clubs 21.jpg,six of clubs,37,val
dataset/six of clubs 22.jpg,six of clubs,37,train
dataset/six of clubs 23.jpg,six of clubs,37,train
dataset/six of clubs 24.jpg,six of clubs,37,train
dataset/six of clubs 25.jpg,six of clubs,37,train
dataset/six of clubs 26.jpg,six of clubs,37,train
dataset/six of clubs 27.jpg,six of clubs,37,val
dataset/six of clubs 28.jpg,six of clubs,37,train
dataset/six of clubs 29.jpg,six of clubs,37,val
dataset/six of clubs 30.jpg,six of clubs,37,train
dataset/six of clubs 31.jpg,six of clubs,37,train
dataset/six of clubs 32.jpg,six of clubs,37,train
dataset/six of clubs 33.jpg,six of clubs,37,test
dataset/six of clubs 34.jpg,six of clubs,37,train
dataset/six of clubs 35.jpg,six of clubs,37,train
dataset/six of clubs 36.jpg,six of clubs,37,train
dataset/six of clubs 37.jpg,six of clubs,37,train
dataset/six of clubs 38.jpg,six of clubs,37,train
dataset/six of clubs 39.jpg,six of clubs,37,train
dataset/six of clubs 40.jpg,six of clubs,37,train
dataset/six of clubs 41.jpg,six of clubs,37,train
dataset/six of clubs 42.jpg,six of clubs,37,val
dataset/six of clubs 43.jpg,six of clubs,37,test
dataset/six of clubs 44.jpg,six of clubs,37,test
dataset/six of clubs 45.jpg,six of clubs,37,test
dataset/six of clubs 46.jpg,six of clubs,37,test
dataset/six of clubs 47.jpg,six of clubs,37,train
dataset/six of clubs 48.jpg,six of clubs,37,train
dataset/six of clubs 49.jpg,six of clubs,37,train
dataset/six of clubs 50.jpg,six of clubs,37,val
dataset/six of clubs 51.jpg,six of clubs,37,val
dataset/six of clubs 52.jpg,six of clubs,37,train
dataset/six of clubs 53.jpg,six of clubs,37,train
dataset/six of clubs 54.jpg,six of clubs,37,train
dataset/six of clubs 55.jpg,six of clubs,37,test
dataset/six of clubs 56.jpg,six of clubs,37,train
dataset/six of clubs 57.jpg,six of clubs,37,train
dataset/six of clubs 58.jpg,six of clubs,37,train
dataset/six of clubs 59.jpg,six of clubs,37,train
dataset/six of clubs 60.jpg,six of clubs,37,train
dataset/six of clubs 61.jpg,six of clubs,37,train
dataset/six of clubs 62.jpg,six of clubs,37,test
dataset/six of clubs 63.jpg,six of clubs,37,test
dataset/six of clubs 64.jpg,six of clubs,37,train
dataset/six of clubs 65.jpg,six of clubs,37,train
dataset/six of clubs 66.jpg,six of clubs,37,train
dataset/six of clubs 67.jpg,six of clubs,37,test
dataset/six of clubs 68.jpg,six of clubs,37,test
dataset/six of clubs 69.jpg,six of clubs,37,train
dataset/six of clubs 70.jpg,six of clubs,37,train
dataset/six of clubs 71.jpg,six of clubs,37,train
dataset/six of clubs 72.jpg,six of clubs,37,test
dataset/six of clubs 73.jpg,six of clubs,37,train
dataset/six of clubs 74.jpg,six of clubs,37,train
dataset/six of clubs 75.jpg,six of clubs,37,train
dataset/six of clubs 76.jpg,six of clubs,37,train
dataset/six of clubs 77.jpg,six of clubs,37,train
dataset/six of clubs 78.jpg,six of clubs,37,test
dataset/six of clubs 79.jpg,six of clubs,37,train
dataset/six of clubs 80.jpg,six of clubs,37,train
dataset/six of clubs 81.jpg,six of clubs,37,val
dataset/six of clubs 82.jpg,six of clubs,37,train
dataset/six of clubs 83.jpg,six of clubs,37,train
dataset/six of clubs 84.jpg,six of clubs,37,train
dataset/six of clubs 85.jpg,six of clubs,37,val
dataset/six of clubs 86.jpg,six of clubs,37,train
dataset/six of clubs 87.jpg,six of clubs,37,train
dataset/six of clubs 88.jpg,six of clubs,37,train
dataset/six of clubs 89.jpg,six of clubs,37,test
dataset/six of clubs 90.jpg,six of clubs,37,train
dataset/six of clubs 91.jpg,six of clubs,37,train
dataset/six of clubs 92.jpg,six of clubs,37,train
dataset/six of clubs 93.jpg,six of clubs,37,train
dataset/six of clubs 94.jpg,six of clubs,37,train
dataset/six of clubs 95.jpg,six of clubs,37,test
dataset/six of clubs 96.jpg,six of clubs,37,val
dataset/six of clubs 97.jpg,six of clubs,37,test
dataset/six of clubs 98.jpg,six of clubs,37,train
dataset/six of clubs 99.jpg,six of clubs,37,train
dataset/six of diamonds 01.jpg,six of diamonds,38,train
dataset/six of diamonds 02.jpg,six of diamonds,38,train
dataset/six of diamonds 03.jpg,six of diamonds,38,train
dataset/six of diamonds 04.jpg,six of diamonds,38,val
dataset/six of diamonds 05.jpg,six of diamonds,38,train
dataset/six of diamonds 06.jpg,six of diamonds,38,train
dataset/six of diamonds 07.jpg,six of diamonds,38,train
dataset/six of diamonds 08.jpg,six of diamonds,38,val
dataset/six of diamonds 09.jpg,six of diamonds,38,train
dataset/six of diamonds 10.jpg,six of diamonds,38,train
dataset/six of diamonds 100.jpg,six of diamonds,38,train
dataset/six of diamonds 101.jpg,six of diamonds,38,train
dataset/six of diamonds 102.jpg,six of diamonds,38,val
dataset/six of diamonds 103.jpg,six of diamonds,38,train
dataset/six of diamonds 104.jpg,six of diamonds,38,train
dataset/six of diamonds 105.jpg,six of diamonds,38,test
dataset/six of diamonds 106.jpg,six of diamonds,38,train
dataset/six of diamonds 107.jpg,six of diamonds,38,train
dataset/six of diamonds 108.jpg,six of diamonds,38,val
dataset/six of diamonds 109.jpg,six of diamonds,38,val
dataset/six of diamonds 11.jpg,six of diamonds,38,train
dataset/six of diamonds 110.jpg,six of diamonds,38,train
dataset/six of diamonds 111.jpg,six of diamonds,38,train
dataset/six of diamonds 112.jpg,six of diamonds,38,train
dataset/six of diamonds 113.jpg,six of diamonds,38,train
dataset/six of diamonds 114.jpg,six of diamonds,38,train
dataset/six of diamonds 115.jpg,six of diamonds,38,train
dataset/six of diamonds 116.jpg,six of diamonds,38,train
dataset/six of diamonds 117.jpg,six of diamonds,38,val
dataset/six of diamonds 118.jpg,six of diamonds,38,train
dataset/six of diamonds 119.jpg,six of diamonds,38,train
dataset/six of diamonds 12.jpg,six of diamonds,38,train
dataset/six of diamonds 120.jpg,six of diamonds,38,train
dataset/six of diamonds 121.jpg,six of diamonds,38,train
dataset/six of diamonds 122.jpg,six of diamonds,38,train
dataset/six of diamonds 123.jpg,six of diamonds,38,train
dataset/six of diamonds 124.jpg,six of diamonds,38,train
dataset/six of diamonds 125.jpg,six of diamonds,38,train
dataset/six of diamonds 126.jpg,six of diamonds,38,val
dataset/six of diamonds 127.jpg,six of diamonds,38,train
dataset/six of diamonds 128.jpg,six of diamonds,38,train
dataset/six of diamonds 129.jpg,six of diamonds,38,train
dataset/six of diamonds 13.jpg,six of diamonds,38,val
dataset/six of diamonds 130.jpg,six of diamonds,38,train
dataset/six of diamonds 131.jpg,six of diamonds,38,val
dataset/six of diamonds 132.jpg,six of diamonds,38,test
dataset/six of diamonds 133.jpg,six of diamonds,38,train
dataset/six of diamonds 134.jpg,six of diamonds,38,train
dataset/six of diamonds 135.jpg,six of diamonds,38,train
dataset/six of diamonds 136.jpg,six of diamonds,38,train
dataset/six of diamonds 137.jpg,six of diamonds,38,train
dataset/six of diamonds 138.jpg,six of diamonds,38,test
dataset/six of diamonds 139.jpg,six of diamonds,38,test
dataset/six of diamonds 14.jpg,six of diamonds,38,test
dataset/six of diamonds 140.jpg,six of diamonds,38,train
dataset/six of diamonds 141.jpg,six of diamonds,38,train
dataset/six of diamonds 142.jpg,six of diamonds,38,val
dataset/six of diamonds 143.jpg,six of diamonds,38,val
dataset/six of diamonds 144.jpg,six of diamonds,38,train
dataset/six of diamonds 145.jpg,six of diamonds,38,test
dataset/six of diamonds 146.jpg,six of diamonds,38,train
dataset/six of diamonds 147.jpg,six of diamonds,38,train
dataset/six of diamonds 148.jpg,six of diamonds,38,train
dataset/six of diamonds 149.jpg,six of diamonds,38,train
dataset/six of diamonds 15.jpg,six of diamonds,38,train
dataset/six of diamonds 16.jpg,six of diamonds,38,train
dataset/six of diamonds 17.jpg,six of diamonds,38,train
dataset/six of diamonds 18.jpg,six of diamonds,38,train
dataset/six of diamonds 19.jpg,six of diamonds,38,train
dataset/six of diamonds 20.jpg,six of diamonds,38,val
dataset/six of diamonds 21.jpg,six of diamonds,38,train
dataset/six of diamonds 22.jpg,six of diamonds,38,test
dataset/six of diamonds 23.jpg,six of diamonds,38,test
dataset/six of diamonds 24.jpg,six of diamonds,38,train
dataset/six of diamonds 25.jpg,six of diamonds,38,train
dataset/six of diamonds 26.jpg,six of diamonds,38,train
dataset/six of diamonds 27.jpg,six of diamonds,38,train
dataset/six of diamonds 28.jpg,six of diamonds,38,train
dataset/six of diamonds 29.jpg,six of diamonds,38,train
dataset/six of diamonds 30.jpg,six of diamonds,38,train
dataset/six of diamonds 31.jpg,six of diamonds,38,val
dataset/six of diamonds 32.jpg,six of diamonds,38,train
dataset/six of diamonds 33.jpg,six of diamonds,38,test
dataset/six of diamonds 34.jpg,six of diamonds,38,val
dataset/six of diamonds 35.jpg,six of diamonds,38,train
dataset/six of diamonds 36.jpg,six of diamonds,38,test
dataset/six of diamonds 37.jpg,six of diamonds,38,train
dataset/six of diamonds 38.jpg,six of diamonds,38,val
dataset/six of diamonds 39.jpg,six of diamonds,38,train
dataset/six of diamonds 40.jpg,six of diamonds,38,train
dataset/six of diamonds 41.jpg,six of diamonds,38,val
dataset/six of diamonds 42.jpg,six of diamonds,38,test
dataset/six of diamonds 43.jpg,six of diamonds,38,train
dataset/six of diamonds 44.jpg,six of diamonds,38,train
dataset/six of diamonds 45.jpg,six of diamonds,38,train
dataset/six of diamonds 46.jpg,six of diamonds,38,train
dataset/six of diamonds 47.jpg,six of diamonds,38,train
dataset/six of diamonds 48.jpg,six of diamonds,38,train
dataset/six of diamonds 49.jpg,six of diamonds,38,test
dataset/six of diamonds 50.jpg,six of diamonds,38,train
dataset/six of diamonds 51.jpg,six of diamonds,38,train
dataset/six of diamonds 52.jpg,six of diamonds,38,test
dataset/six of diamonds 53.jpg,six of diamonds,38,train
dataset/six of diamonds 54.jpg,six of diamonds,38,train
dataset/six of diamonds 55.jpg,six of diamonds,38,train
dataset/six of diamonds 56.jpg,six of diamonds,38,train
dataset/six of diamonds 57.jpg,six of diamonds,38,train
dataset/six of diamonds 58.jpg,six of diamonds,38,val
dataset/six of diamonds 59.jpg,six of diamonds,38,val
dataset/six of diamonds 60.jpg,six of diamonds,38,train
dataset/six of diamonds 61.jpg,six of diamonds,38,test
dataset/six of diamonds 62.jpg,six of diamonds,38,test
dataset/six of diamonds 63.jpg,six of diamonds,38,train
dataset/six of diamonds 64.jpg,six of diamonds,38,test
dataset/six of diamonds 65.jpg,six of diamonds,38,val
dataset/six of diamonds 66.jpg,six of diamonds,38,train
dataset/six of diamonds 67.jpg,six of diamonds,38,train
dataset/six of diamonds 68.jpg,six of diamonds,38,val
dataset/six of diamonds 69.jpg,six of diamonds,38,val
dataset/six of diamonds 70.jpg,six of diamonds,38,train
dataset/six of diamonds 71.jpg,six of diamonds,38,train
dataset/six of diamonds 72.jpg,six of diamonds,38,train
dataset/six of diamonds 73.jpg,six of diamonds,38,train
dataset/six of diamonds 74.jpg,six of diamonds,38,test
dataset/six of diamonds 75.jpg,six of diamonds,38,train
dataset/six of diamonds 76.jpg,six of diamonds,38,train
dataset/six of diamonds 77.jpg,six of diamonds,38,test
dataset/six of diamonds 78.jpg,six of diamonds,38,train
dataset/six of diamonds 79.jpg,six of diamonds,38,test
dataset/six of diamonds 80.jpg,six of diamonds,38,test
dataset/six of diamonds 81.jpg,six of diamonds,38,val
dataset/six of diamonds 82.jpg,six of diamonds,38,train
dataset/six of diamonds 83.jpg,six of diamonds,38,train
dataset/six of diamonds 84.jpg,six of diamonds,38,train
dataset/six of diamonds 85.jpg,six of diamonds,38,train
dataset/six of diamonds 86.jpg,six of diamonds,38,train
dataset/six of diamonds 87.jpg,six of diamonds,38,train
dataset/six of diamonds 88.jpg,six of diamonds,38,train
dataset/six of diamonds 89.jpg,six of diamonds,38,train
dataset/six of diamonds 90.jpg,six of diamonds,38,test
dataset/six of diamonds 91.jpg,six of diamonds,38,train
dataset/six of diamonds 92.jpg,six of diamonds,38,train
dataset/six of diamonds 93.jpg,six of diamonds,38,train
dataset/six of diamonds 94.jpg,six of diamonds,38,val
dataset/six of diamonds 95.jpg,six of diamonds,38,train
dataset/six of diamonds 96.jpg,six of diamonds,38,train
dataset/six of diamonds 97.jpg,six of diamonds,38,train
dataset/six of diamonds 98.jpg,six of diamonds,38,train
dataset/six of diamonds 99.jpg,six of diamonds,38,test
dataset/six of hearts 01.jpg,six of hearts,39,val
dataset/six of hearts 02.jpg,six of hearts,39,train
dataset/six of hearts 03.jpg,six of hearts,39,train
dataset/six of hearts 04.jpg,six of hearts,39,val
dataset/six of hearts 05.jpg,six of hearts,39,train
dataset/six of hearts 06.jpg,six of hearts,39,train
dataset/six of hearts 07.jpg,six of hearts,39,train
dataset/six of hearts 08.jpg,six of hearts,39,val
dataset/six of hearts 09.jpg,six of hearts,39,train
dataset/six of hearts 10.jpg,six of hearts,39,train
dataset/six of hearts 100.jpg,six of hearts,39,train
dataset/six of hearts 101.jpg,six of hearts,39,train
dataset/six of hearts 102.jpg,six of hearts,39,train
dataset/six of hearts 103.jpg,six of hearts,39,train
dataset/six of hearts 104.jpg,six of hearts,39,train
dataset/six of hearts 105.jpg,six of hearts,39,test
dataset/six of hearts 106.jpg,six of hearts,39,test
dataset/six of hearts 107.jpg,six of hearts,39,test
dataset/six of hearts 108.jpg,six of hearts,39,train
dataset/six of hearts 109.jpg,six of hearts,39,train
dataset/six of hearts 11.jpg,six of hearts,39,train
dataset/six of hearts 110.jpg,six of hearts,39,train
dataset/six of hearts 111.jpg,six of hearts,39,train
dataset/six of hearts 112.jpg,six of hearts,39,val
dataset/six of hearts 113.jpg,six of hearts,39,train
dataset/six of hearts 114.jpg,six of hearts,39,train
dataset/six of hearts 115.jpg,six of hearts,39,test
dataset/six of hearts 116.jpg,six of hearts,39,test
dataset/six of hearts 117.jpg,six of hearts,39,test
dataset/six of hearts 118.jpg,six of hearts,39,train
dataset/six of hearts 119.jpg,six of hearts,39,val
dataset/six of hearts 12.jpg,six of hearts,39,val
dataset/six of hearts 120.jpg,six of hearts,39,train
dataset/six of hearts 121.jpg,six of hearts,39,train
dataset/six of hearts 122.jpg,six of hearts,39,test
dataset/six of hearts 123.jpg,six of hearts,39,test
dataset/six of hearts 124.jpg,six of hearts,39,val
dataset/six of hearts 125.jpg,six of hearts,39,train
dataset/six of hearts 126.jpg,six of hearts,39,val
dataset/six of hearts 127.jpg,six of hearts,39,train
dataset/six of hearts 128.jpg,six of hearts,39,train
dataset/six of hearts 129.jpg,six of hearts,39,train
dataset/six of hearts 13.jpg,six of hearts,39,val
dataset/six of hearts 130.jpg,six of hearts,39,train
dataset/six of hearts 131.jpg,six of hearts,39,train
dataset/six of hearts 132.jpg,six of hearts,39,val
dataset/six of hearts 133.jpg,six of hearts,39,test
dataset/six of hearts 134.jpg,six of hearts,39,test
dataset/six of hearts 135.jpg,six of hearts,39,train
dataset/six of hearts 136.jpg,six of hearts,39,test
dataset/six of hearts 137.jpg,six of hearts,39,train
dataset/six of hearts 14.jpg,six of hearts,39,val
dataset/six of hearts 15.jpg,six of hearts,39,train
dataset/six of hearts 16.jpg,six of hearts,39,train
dataset/six of hearts 17.jpg,six of hearts,39,train
dataset/six of hearts 18.jpg,six of hearts,39,train
dataset/six of hearts 19.jpg,six of hearts,39,train
dataset/six of hearts 20.jpg,six of hearts,39,train
dataset/six of hearts 21.jpg,six of hearts,39,val
dataset/six of hearts 22.jpg,six of hearts,39,train
dataset/six of hearts 23.jpg,six of hearts,39,val
dataset/six of hearts 24.jpg,six of hearts,39,train
dataset/six of hearts 25.jpg,six of hearts,39,train
dataset/six of hearts 26.jpg,six of hearts,39,train
dataset/six of hearts 27.jpg,six of hearts,39,train
dataset/six of hearts 28.jpg,six of hearts,39,train
dataset/six of hearts 29.jpg,six of hearts,39,train
dataset/six of hearts 30.jpg,six of hearts,39,train
dataset/six of hearts 31.jpg,six of hearts,39,train
dataset/six of hearts 32.jpg,six of hearts,39,train
dataset/six of hearts 33.jpg,six of hearts,39,test
dataset/six of hearts 34.jpg,six of hearts,39,train
dataset/six of hearts 35.jpg,six of hearts,39,test
dataset/six of hearts 36.jpg,six of hearts,39,train
dataset/six of hearts 37.jpg,six of hearts,39,train
dataset/six of hearts 38.jpg,six of hearts,39,train
dataset/six of hearts 39.jpg,six of hearts,39,train
dataset/six of hearts 40.jpg,six of hearts,39,test
dataset/six of hearts 41.jpg,six of hearts,39,train
dataset/six of hearts 42.jpg,six of hearts,39,train
dataset/six of hearts 43.jpg,six of hearts,39,train
dataset/six of hearts 44.jpg,six of hearts,39,train
dataset/six of hearts 45.jpg,six of hearts,39,test
dataset/six of hearts 46.jpg,six of hearts,39,train
dataset/six of hearts 47.jpg,six of hearts,39,train
dataset/six of hearts 48.jpg,six of hearts,39,train
dataset/six of hearts 49.jpg,six of hearts,39,train
dataset/six of hearts 50.jpg,six of hearts,39,train
dataset/six of hearts 51.jpg,six of hearts,39,train
dataset/six of hearts 52.jpg,six of hearts,39,test
dataset/six of hearts 53.jpg,six of hearts,39,train
dataset/six of hearts 54.jpg,six of hearts,39,train
dataset/six of hearts 55.jpg,six of hearts,39,train
dataset/six of hearts 56.jpg,six of hearts,39,test
dataset/six of hearts 57.jpg,six of hearts,39,train
dataset/six of hearts 58.jpg,six of hearts,39,train
dataset/six of hearts 59.jpg,six of hearts,39,train
dataset/six of hearts 60.jpg,six of hearts,39,train
dataset/six of hearts 61.jpg,six of hearts,39,val
dataset/six of hearts 62.jpg,six of hearts,39,train
dataset/six of hearts 63.jpg,six of hearts,39,val
dataset/six of hearts 64.jpg,six of hearts,39,val
dataset/six of hearts 65.jpg,six of hearts,39,train
dataset/six of hearts 66.jpg,six of hearts,39,train
dataset/six of hearts 67.jpg,six of hearts,39,train
dataset/six of hearts 68.jpg,six of hearts,39,train
dataset/six of hearts 69.jpg,six of hearts,39,train
dataset/six of hearts 70.jpg,six of hearts,39,train
dataset/six of hearts 71.jpg,six of hearts,39,train
dataset/six of hearts 72.jpg,six of hearts,39,train
dataset/six of hearts 73.jpg,six of hearts,39,train
dataset/six of hearts 74.jpg,six of hearts,39,train
dataset/six of hearts 75.jpg,six of hearts,39,train
dataset/six of hearts 76.jpg,six of hearts,39,train
dataset/six of hearts 77.jpg,six of hearts,39,train
dataset/six of hearts 78.jpg,six of hearts,39,test
dataset/six of hearts 79.jpg,six of hearts,39,train
dataset/six of hearts 80.jpg,six of hearts,39,train
dataset/six of hearts 81.jpg,six of hearts,39,train
dataset/six of hearts 82.jpg,six of hearts,39,train
dataset/six of hearts 83.jpg,six of hearts,39,train
dataset/six of hearts 84.jpg,six of hearts,39,train
dataset/six of hearts 85.jpg,six of hearts,39,train
dataset/six of hearts 86.jpg,six of hearts,39,train
dataset/six of hearts 87.jpg,six of hearts,39,val
dataset/six of hearts 88.jpg,six of hearts,39,train
dataset/six of hearts 89.jpg,six of hearts,39,test
dataset/six of hearts 90.jpg,six of hearts,39,train
dataset/six of hearts 91.jpg,six of hearts,39,train
dataset/six of hearts 92.jpg,six of hearts,39,train
dataset/six of hearts 93.jpg,six of hearts,39,val
dataset/six of hearts 94.jpg,six of hearts,39,test
dataset/six of hearts 95.jpg,six of hearts,39,test
dataset/six of hearts 96.jpg,six of hearts,39,val
dataset/six of hearts 97.jpg,six of hearts,39,train
dataset/six of hearts 98.jpg,six of hearts,39,val
dataset/six of hearts 99.jpg,six of hearts,39,train
dataset/six of spades 01.jpg,six of spades,40,test
dataset/six of spades 02.jpg,six of spades,40,train
dataset/six of spades 03.jpg,six of spades,40,train
dataset/six of spades 04.jpg,six of spades,40,train
dataset/six of spades 05.jpg,six of spades,40,train
dataset/six of spades 06.jpg,six of spades,40,train
dataset/six of spades 07.jpg,six of spades,40,train
dataset/six of spades 08.jpg,six of spades,40,train
dataset/six of spades 09.jpg,six of spades,40,val
dataset/six of spades 10.jpg,six of spades,40,val
dataset/six of spades 100.jpg,six of spades,40,train
dataset/six of spades 101.jpg,six of spades,40,test
dataset/six of spades 102.jpg,six of spades,40,train
dataset/six of spades 103.jpg,six of spades,40,train
dataset/six of spades 104.jpg,six of spades,40,test
dataset/six of spades 105.jpg,six of spades,40,val
dataset/six of spades 106.jpg,six of spades,40,train
dataset/six of spades 107.jpg,six of spades,40,val
dataset/six of spades 108.jpg,six of spades,40,train
dataset/six of spades 109.jpg,six of spades,40,train
dataset/six of spades 11.jpg,six of spades,40,train
dataset/six of spades 110.jpg,six of spades,40,test
dataset/six of spades 111.jpg,six of spades,40,test
dataset/six of spades 112.jpg,six of spades,40,train
dataset/six of spades 113.jpg,six of spades,40,val
dataset/six of spades 114.jpg,six of spades,40,train
dataset/six of spades 115.jpg,six of spades,40,train
dataset/six of spades 116.jpg,six of spades,40,test
dataset/six of spades 117.jpg,six of spades,40,train
dataset/six of spades 118.jpg,six of spades,40,train
dataset/six of spades 119.jpg,six of spades,40,train
dataset/six of spades 12.jpg,six of spades,40,train
dataset/six of spades 120.jpg,six of spades,40,train
dataset/six of spades 121.jpg,six of spades,40,train
dataset/six of spades 122.jpg,six of spades,40,train
dataset/six of spades 123.jpg,six of spades,40,train
dataset/six of spades 124.jpg,six of spades,40,train
dataset/six of spades 125.jpg,six of spades,40,train
dataset/six of spades 126.jpg,six of spades,40,train
dataset/six of spades 127.jpg,six of spades,40,train
dataset/six of spades 128.jpg,six of spades,40,train
dataset/six of spades 129.jpg,six of spades,40,train
dataset/six of spades 13.jpg,six of spades,40,val
dataset/six of spades 130.jpg,six of spades,40,train
dataset/six of spades 131.jpg,six of spades,40,test
dataset/six of spades 132.jpg,six of spades,40,val
dataset/six of spades 133.jpg,six of spades,40,train
dataset/six of spades 134.jpg,six of spades,40,train
dataset/six of spades 135.jpg,six of spades,40,train
dataset/six of spades 136.jpg,six of spades,40,val
dataset/six of spades 137.jpg,six of spades,40,train
dataset/six of spades 138.jpg,six of spades,40,train
dataset/six of spades 139.jpg,six of spades,40,train
dataset/six of spades 14.jpg,six of spades,40,train
dataset/six of spades 140.jpg,six of spades,40,train
dataset/six of spades 141.jpg,six of spades,40,val
dataset/six of spades 142.jpg,six of spades,40,train
dataset/six of spades 143.jpg,six of spades,40,train
dataset/six of spades 144.jpg,six of spades,40,val
dataset/six of spades 145.jpg,six of spades,40,val
dataset/six of spades 146.jpg,six of spades,40,train
dataset/six of spades 147.jpg,six of spades,40,train
dataset/six of spades 148.jpg,six of spades,40,val
dataset/six of spades 149.jpg,six of spades,40,train
dataset/six of spades 15.jpg,six of spades,40,train
dataset/six of spades 150.jpg,six of spades,40,train
dataset/six of spades 151.jpg,six of spades,40,train
dataset/six of spades 152.jpg,six of spades,40,val
dataset/six of spades 153.jpg,six of spades,40,train
dataset/six of spades 154.jpg,six of spades,40,train
dataset/six of spades 155.jpg,six of spades,40,test
dataset/six of spades 156.jpg,six of spades,40,train
dataset/six of spades 157.jpg,six of spades,40,train
dataset/six of spades 158.jpg,six of spades,40,train
dataset/six of spades 159.jpg,six of spades,40,train
dataset/six of spades 16.jpg,six of spades,40,train
dataset/six of spades 160.jpg,six of spades,40,test
dataset/six of spades 161.jpg,six of spades,40,val
dataset/six of spades 162.jpg,six of spades,40,train
dataset/six of spades 163.jpg,six of spades,40,train
dataset/six of spades 164.jpg,six of spades,40,train
dataset/six of spades 165.jpg,six of spades,40,train
dataset/six of spades 166.jpg,six of spades,40,train
dataset/six of spades 167.jpg,six of spades,40,val
dataset/six of spades 168.jpg,six of spades,40,test
dataset/six of spades 17.jpg,six of spades,40,train
dataset/six of spades 18.jpg,six of spades,40,test
dataset/six of spades 19.jpg,six of spades,40,train
dataset/six of spades 20.jpg,six of spades,40,val
dataset/six of spades 21.jpg,six of spades,40,train
dataset/six of spades 22.jpg,six of spades,40,train
dataset/six of spades 23.jpg,six of spades,40,test
dataset/six of spades 24.jpg,six of spades,40,train
dataset/six of spades 25.jpg,six of spades,40,train
dataset/six of spades 26.jpg,six of spades,40,train
dataset/six of spades 27.jpg,six of spades,40,test
dataset/six of spades 28.jpg,six of spades,40,test
dataset/six of spades 29.jpg,six of spades,40,test
dataset/six of spades 30.jpg,six of spades,40,train
dataset/six of spades 31.jpg,six of spades,40,train
dataset/six of spades 32.jpg,six of spades,40,train
dataset/six of spades 33.jpg,six of spades,40,test
dataset/six of spades 34.jpg,six of spades,40,train
dataset/six of spades 35.jpg,six of spades,40,val
dataset/six of spades 36.jpg,six of spades,40,train
dataset/six of spades 37.jpg,six of spades,40,train
dataset/six of spades 38.jpg,six of spades,40,train
dataset/six of spades 39.jpg,six of spades,40,train
dataset/six of spades 40.jpg,six of spades,40,train
dataset/six of spades 41.jpg,six of spades,40,val
dataset/six of spades 42.jpg,six of spades,40,test
dataset/six of spades 43.jpg,six of spades,40,val
dataset/six of spades 44.jpg,six of spades,40,test
dataset/six of spades 45.jpg,six of spades,40,train
dataset/six of spades 46.jpg,six of spades,40,train
dataset/six of spades 47.jpg,six of spades,40,train
dataset/six of spades 48.jpg,six of spades,40,train
dataset/six of spades 49.jpg,six of spades,40,train
dataset/six of spades 50.jpg,six of spades,40,train
dataset/six of spades 51.jpg,six of spades,40,train
dataset/six of spades 52.jpg,six of spades,40,val
dataset/six of spades 53.jpg,six of spades,40,train
dataset/six of spades 54.jpg,six of spades,40,train
dataset/six of spades 55.jpg,six of spades,40,train
dataset/six of spades 56.jpg,six of spades,40,train
dataset/six of spades 57.jpg,six of spades,40,train
dataset/six of spades 58.jpg,six of spades,40,train
dataset/six of spades 59.jpg,six of spades,40,train
dataset/six of spades 60.jpg,six of spades,40,train
dataset/six of spades 61.jpg,six of spades,40,train
dataset/six of spades 62.jpg,six of spades,40,test
dataset/six of spades 63.jpg,six of spades,40,val
dataset/six of spades 64.jpg,six of spades,40,train
dataset/six of spades 65.jpg,six of spades,40,test
dataset/six of spades 66.jpg,six of spades,40,train
dataset/six of spades 67.jpg,six of spades,40,test
dataset/six of spades 68.jpg,six of spades,40,train
dataset/six of spades 69.jpg,six of spades,40,train
dataset/six of spades 70.jpg,six of spades,40,train
dataset/six of spades 71.jpg,six of spades,40,train
dataset/six of spades 72.jpg,six of spades,40,train
dataset/six of spades 73.jpg,six of spades,40,val
dataset/six of spades 74.jpg,six of spades,40,test
dataset/six of spades 75.jpg,six of spades,40,train
dataset/six of spades 76.jpg,six of spades,40,train
dataset/six of spades 77.jpg,six of spades,40,train
dataset/six of spades 78.jpg,six of spades,40,train
dataset/six of spades 79.jpg,six of spades,40,train
dataset/six of spades 80.jpg,six of spades,40,train
dataset/six of spades 81.jpg,six of spades,40,train
dataset/six of spades 82.jpg,six of spades,40,test
dataset/six of spades 83.jpg,six of spades,40,train
dataset/six of spades 84.jpg,six of spades,40,train
dataset/six of spades 85.jpg,six of spades,40,train
dataset/six of spades 86.jpg,six of spades,40,train
dataset/six of spades 87.jpg,six of spades,40,val
dataset/six of spades 88.jpg,six of spades,40,train
dataset/six of spades 89.jpg,six of spades,40,val
dataset/six of spades 90.jpg,six of spades,40,train
dataset/six of spades 91.jpg,six of spades,40,val
dataset/six of spades 92.jpg,six of spades,40,test
dataset/six of spades 93.jpg,six of spades,40,train
dataset/six of spades 94.jpg,six of spades,40,train
dataset/six of spades 95.jpg,six of spades,40,train
dataset/six of spades 96.jpg,six of spades,40,train
dataset/six of spades 97.jpg,six of spades,40,train
dataset/six of spades 98.jpg,six of spades,40,train
dataset/six of spades 99.jpg,six of spades,40,test
dataset/ten of clubs 01.jpg,ten of clubs,41,val
dataset/ten of clubs 02.jpg,ten of clubs,41,train
dataset/ten of clubs 03.jpg,ten of clubs,41,val
dataset/ten of clubs 04.jpg,ten of clubs,41,train
dataset/ten of clubs 05.jpg,ten of clubs,41,train
dataset/ten of clubs 06.jpg,ten of clubs,41,val
dataset/ten of clubs 07.jpg,ten of clubs,41,train
dataset/ten of clubs 08.jpg,ten of clubs,41,train
dataset/ten of clubs 09.jpg,ten of clubs,41,train
dataset/ten of clubs 10.jpg,ten of clubs,41,train
dataset/ten of clubs 100.jpg,ten of clubs,41,train
dataset/ten of clubs 101.jpg,ten of clubs,41,train
dataset/ten of clubs 102.jpg,ten of clubs,41,train
dataset/ten of clubs 103.jpg,ten of clubs,41,train
dataset/ten of clubs 104.jpg,ten of clubs,41,train
dataset/ten of clubs 105.jpg,ten of clubs,41,val
dataset/ten of clubs 106.jpg,ten of clubs,41,train
dataset/ten of clubs 107.jpg,ten of clubs,41,test
dataset/ten of clubs 108.jpg,ten of clubs,41,val
dataset/ten of clubs 109.jpg,ten of clubs,41,train
dataset/ten of clubs 11.jpg,ten of clubs,41,val
dataset/ten of clubs 110.jpg,ten of clubs,41,train
dataset/ten of clubs 111.jpg,ten of clubs,41,train
dataset/ten of clubs 112.jpg,ten of clubs,41,train
dataset/ten of clubs 113.jpg,ten of clubs,41,test
dataset/ten of clubs 114.jpg,ten of clubs,41,train
dataset/ten of clubs 115.jpg,ten of clubs,41,train
dataset/ten of clubs 116.jpg,ten of clubs,41,train
dataset/ten of clubs 117.jpg,ten of clubs,41,train
dataset/ten of clubs 118.jpg,ten of clubs,41,train
dataset/ten of clubs 119.jpg,ten of clubs,41,train
dataset/ten of clubs 12.jpg,ten of clubs,41,train
dataset/ten of clubs 120.jpg,ten of clubs,41,train
dataset/ten of clubs 121.jpg,ten of clubs,41,val
dataset/ten of clubs 122.jpg,ten of clubs,41,val
dataset/ten of clubs 123.jpg,ten of clubs,41,train
dataset/ten of clubs 124.jpg,ten of clubs,41,train
dataset/ten of clubs 125.jpg,ten of clubs,41,test
dataset/ten of clubs 126.jpg,ten of clubs,41,train
dataset/ten of clubs 127.jpg,ten of clubs,41,train
dataset/ten of clubs 128.jpg,ten of clubs,41,val
dataset/ten of clubs 129.jpg,ten of clubs,41,test
dataset/ten of clubs 13.jpg,ten of clubs,41,train
dataset/ten of clubs 130.jpg,ten of clubs,41,train
dataset/ten of clubs 131.jpg,ten of clubs,41,val
dataset/ten of clubs 132.jpg,ten of clubs,41,train
dataset/ten of clubs 133.jpg,ten of clubs,41,train
dataset/ten of clubs 134.jpg,ten of clubs,41,test
dataset/ten of clubs 135.jpg,ten of clubs,41,train
dataset/ten of clubs 136.jpg,ten of clubs,41,train
dataset/ten of clubs 137.jpg,ten of clubs,41,train
dataset/ten of clubs 138.jpg,ten of clubs,41,train
dataset/ten of clubs 139.jpg,ten of clubs,41,train
dataset/ten of clubs 14.jpg,ten of clubs,41,val
dataset/ten of clubs 140.jpg,ten of clubs,41,val
dataset/ten of clubs 141.jpg,ten of clubs,41,train
dataset/ten of clubs 142.jpg,ten of clubs,41,train
dataset/ten of clubs 143.jpg,ten of clubs,41,test
dataset/ten of clubs 144.jpg,ten of clubs,41,train
dataset/ten of clubs 145.jpg,ten of clubs,41,train
dataset/ten of clubs 146.jpg,ten of clubs,41,train
dataset/ten of clubs 147.jpg,ten of clubs,41,train
dataset/ten of clubs 148.jpg,ten of clubs,41,train
dataset/ten of clubs 149.jpg,ten of clubs,41,train
dataset/ten of clubs 15.jpg,ten of clubs,41,train
dataset/ten of clubs 150.jpg,ten of clubs,41,val
dataset/ten of clubs 151.jpg,ten of clubs,41,train
dataset/ten of clubs 16.jpg,ten of clubs,41,train
dataset/ten of clubs 17.jpg,ten of clubs,41,train
dataset/ten of clubs 18.jpg,ten of clubs,41,test
dataset/ten of clubs 19.jpg,ten of clubs,41,train
dataset/ten of clubs 20.jpg,ten of clubs,41,train
dataset/ten of clubs 21.jpg,ten of clubs,41,val
dataset/ten of clubs 22.jpg,ten of clubs,41,train
dataset/ten of clubs 23.jpg,ten of clubs,41,test
dataset/ten of clubs 24.jpg,ten of clubs,41,train
dataset/ten of clubs 25.jpg,ten of clubs,41,train
dataset/ten of clubs 26.jpg,ten of clubs,41,train
dataset/ten of clubs 27.jpg,ten of clubs,41,train
dataset/ten of clubs 28.jpg,ten of clubs,41,test
dataset/ten of clubs 29.jpg,ten of clubs,41,train
dataset/ten of clubs 30.jpg,ten of clubs,41,train
dataset/ten of clubs 31.jpg,ten of clubs,41,train
dataset/ten of clubs 32.jpg,ten of clubs,41,train
dataset/ten of clubs 33.jpg,ten of clubs,41,train
dataset/ten of clubs 34.jpg,ten of clubs,41,train
dataset/ten of clubs 35.jpg,ten of clubs,41,train
dataset/ten of clubs 36.jpg,ten of clubs,41,test
dataset/ten of clubs 37.jpg,ten of clubs,41,test
dataset/ten of clubs 38.jpg,ten of clubs,41,train
dataset/ten of clubs 39.jpg,ten of clubs,41,train
dataset/ten of clubs 40.jpg,ten of clubs,41,train
dataset/ten of clubs 41.jpg,ten of clubs,41,train
dataset/ten of clubs 42.jpg,ten of clubs,41,train
dataset/ten of clubs 43.jpg,ten of clubs,41,train
dataset/ten of clubs 44.jpg,ten of clubs,41,val
dataset/ten of clubs 45.jpg,ten of clubs,41,test
dataset/ten of clubs 46.jpg,ten of clubs,41,train
dataset/ten of clubs 47.jpg,ten of clubs,41,test
dataset/ten of clubs 48.jpg,ten of clubs,41,train
dataset/ten of clubs 49.jpg,ten of clubs,41,train
dataset/ten of clubs 50.jpg,ten of clubs,41,train
dataset/ten of clubs 51.jpg,ten of clubs,41,train
dataset/ten of clubs 52.jpg,ten of clubs,41,val
dataset/ten of clubs 53.jpg,ten of clubs,41,val
dataset/ten of clubs 54.jpg,ten of clubs,41,train
dataset/ten of clubs 55.jpg,ten of clubs,41,train
dataset/ten of clubs 56.jpg,ten of clubs,41,test
dataset/ten of clubs 57.jpg,ten of clubs,41,train
dataset/ten of clubs 58.jpg,ten of clubs,41,train
dataset/ten of clubs 59.jpg,ten of clubs,41,train
dataset/ten of clubs 60.jpg,ten of clubs,41,train
dataset/ten of clubs 61.jpg,ten of clubs,41,train
dataset/ten of clubs 62.jpg,ten of clubs,41,train
dataset/ten of clubs 63.jpg,ten of clubs,41,val
dataset/ten of clubs 64.jpg,ten of clubs,41,val
dataset/ten of clubs 65.jpg,ten of clubs,41,test
dataset/ten of clubs 66.jpg,ten of clubs,41,train
dataset/ten of clubs 67.jpg,ten of clubs,41,train
dataset/ten of clubs 68.jpg,ten of clubs,41,train
dataset/ten of clubs 69.jpg,ten of clubs,41,test
dataset/ten of clubs 70.jpg,ten of clubs,41,train
dataset/ten of clubs 71.jpg,ten of clubs,41,train
dataset/ten of clubs 72.jpg,ten of clubs,41,train
dataset/ten of clubs 73.jpg,ten of clubs,41,test
dataset/ten of clubs 74.jpg,ten of clubs,41,test
dataset/ten of clubs 75.jpg,ten of clubs,41,train
dataset/ten of clubs 76.jpg,ten of clubs,41,train
dataset/ten of clubs 77.jpg,ten of clubs,41,train
dataset/ten of clubs 78.jpg,ten of clubs,41,train
dataset/ten of clubs 79.jpg,ten of clubs,41,val
dataset/ten of clubs 80.jpg,ten of clubs,41,train
dataset/ten of clubs 81.jpg,ten of clubs,41,test
dataset/ten of clubs 82.jpg,ten of clubs,41,test
dataset/ten of clubs 83.jpg,ten of clubs,41,train
dataset/ten of clubs 84.jpg,ten of clubs,41,train
dataset/ten of clubs 85.jpg,ten of clubs,41,train
dataset/ten of clubs 86.jpg,ten of clubs,41,test
dataset/ten of clubs 87.jpg,ten of clubs,41,train
dataset/ten of clubs 88.jpg,ten of clubs,41,train
dataset/ten of clubs 89.jpg,ten of clubs,41,train
dataset/ten of clubs 90.jpg,ten of clubs,41,val
dataset/ten of clubs 91.jpg,ten of clubs,41,train
dataset/ten of clubs 92.jpg,ten of clubs,41,train
dataset/ten of clubs 93.jpg,ten of clubs,41,train
dataset/ten of clubs 94.jpg,ten of clubs,41,train
dataset/ten of clubs 95.jpg,ten of clubs,41,val
dataset/ten of clubs 96.jpg,ten of clubs,41,test
dataset/ten of clubs 97.jpg,ten of clubs,41,train
dataset/ten of clubs 98.jpg,ten of clubs,41,train
dataset/ten of clubs 99.jpg,ten of clubs,41,test
dataset/ten of diamonds 01.jpg,ten of diamonds,42,test
dataset/ten of diamonds 02.jpg,ten of diamonds,42,train
dataset/ten of diamonds 03.jpg,ten of diamonds,42,val
dataset/ten of diamonds 04.jpg,ten of diamonds,42,train
dataset/ten of diamonds 05.jpg,ten of diamonds,42,train
dataset/ten of diamonds 06.jpg,ten of diamonds,42,val
dataset/ten of diamonds 07.jpg,ten of diamonds,42,val
dataset/ten of diamonds 08.jpg,ten of diamonds,42,train
dataset/ten of diamonds 09.jpg,ten of diamonds,42,test
dataset/ten of diamonds 10.jpg,ten of diamonds,42,val
dataset/ten of diamonds 100.jpg,ten of diamonds,42,train
dataset/ten of diamonds 101.jpg,ten of diamonds,42,train
dataset/ten of diamonds 102.jpg,ten of diamonds,42,train
dataset/ten of diamonds 103.jpg,ten of diamonds,42,train
dataset/ten of diamonds 104.jpg,ten of diamonds,42,train
dataset/ten of diamonds 105.jpg,ten of diamonds,42,train
dataset/ten of diamonds 106.jpg,ten of diamonds,42,test
dataset/ten of diamonds 107.jpg,ten of diamonds,42,train
dataset/ten of diamonds 108.jpg,ten of diamonds,42,train
dataset/ten of diamonds 109.jpg,ten of diamonds,42,val
dataset/ten of diamonds 11.jpg,ten of diamonds,42,val
dataset/ten of diamonds 110.jpg,ten of diamonds,42,train
dataset/ten of diamonds 111.jpg,ten of diamonds,42,train
dataset/ten of diamonds 112.jpg,ten of diamonds,42,train
dataset/ten of diamonds 113.jpg,ten of diamonds,42,train
dataset/ten of diamonds 114.jpg,ten of diamonds,42,test
dataset/ten of diamonds 115.jpg,ten of diamonds,42,test
dataset/ten of diamonds 116.jpg,ten of diamonds,42,val
dataset/ten of diamonds 117.jpg,ten of diamonds,42,test
dataset/ten of diamonds 118.jpg,ten of diamonds,42,train
dataset/ten of diamonds 119.jpg,ten of diamonds,42,train
dataset/ten of diamonds 12.jpg,ten of diamonds,42,train
dataset/ten of diamonds 120.jpg,ten of diamonds,42,train
dataset/ten of diamonds 121.jpg,ten of diamonds,42,val
dataset/ten of diamonds 122.jpg,ten of diamonds,42,test
dataset/ten of diamonds 123.jpg,ten of diamonds,42,val
dataset/ten of diamonds 124.jpg,ten of diamonds,42,train
dataset/ten of diamonds 125.jpg,ten of diamonds,42,train
dataset/ten of diamonds 126.jpg,ten of diamonds,42,train
dataset/ten of diamonds 127.jpg,ten of diamonds,42,train
dataset/ten of diamonds 128.jpg,ten of diamonds,42,train
dataset/ten of diamonds 129.jpg,ten of diamonds,42,train
dataset/ten of diamonds 13.jpg,ten of diamonds,42,train
dataset/ten of diamonds 130.jpg,ten of diamonds,42,train
dataset/ten of diamonds 131.jpg,ten of diamonds,42,train
dataset/ten of diamonds 132.jpg,ten of diamonds,42,train
dataset/ten of diamonds 133.jpg,ten of diamonds,42,train
dataset/ten of diamonds 134.jpg,ten of diamonds,42,train
dataset/ten of diamonds 135.jpg,ten of diamonds,42,train
dataset/ten of diamonds 136.jpg,ten of diamonds,42,train
dataset/ten of diamonds 137.jpg,ten of diamonds,42,train
dataset/ten of diamonds 138.jpg,ten of diamonds,42,train
dataset/ten of diamonds 139.jpg,ten of diamonds,42,train
dataset/ten of diamonds 14.jpg,ten of diamonds,42,val
dataset/ten of diamonds 140.jpg,ten of diamonds,42,train
dataset/ten of diamonds 141.jpg,ten of diamonds,42,test
dataset/ten of diamonds 142.jpg,ten of diamonds,42,train
dataset/ten of diamonds 143.jpg,ten of diamonds,42,train
dataset/ten of diamonds 144.jpg,ten of diamonds,42,test
dataset/ten of diamonds 145.jpg,ten of diamonds,42,train
dataset/ten of diamonds 146.jpg,ten of diamonds,42,train
dataset/ten of diamonds 147.jpg,ten of diamonds,42,train
dataset/ten of diamonds 148.jpg,ten of diamonds,42,test
dataset/ten of diamonds 149.jpg,ten of diamonds,42,train
dataset/ten of diamonds 15.jpg,ten of diamonds,42,train
dataset/ten of diamonds 150.jpg,ten of diamonds,42,train
dataset/ten of diamonds 151.jpg,ten of diamonds,42,train
dataset/ten of diamonds 152.jpg,ten of diamonds,42,test
dataset/ten of diamonds 153.jpg,ten of diamonds,42,train
dataset/ten of diamonds 154.jpg,ten of diamonds,42,train
dataset/ten of diamonds 155.jpg,ten of diamonds,42,test
dataset/ten of diamonds 156.jpg,ten of diamonds,42,val
dataset/ten of diamonds 157.jpg,ten of diamonds,42,train
dataset/ten of diamonds 158.jpg,ten of diamonds,42,train
dataset/ten of diamonds 159.jpg,ten of diamonds,42,val
dataset/ten of diamonds 16.jpg,ten of diamonds,42,train
dataset/ten of diamonds 160.jpg,ten of diamonds,42,train
dataset/ten of diamonds 161.jpg,ten of diamonds,42,val
dataset/ten of diamonds 17.jpg,ten of diamonds,42,train
dataset/ten of diamonds 18.jpg,ten of diamonds,42,train
dataset/ten of diamonds 19.jpg,ten of diamonds,42,val
dataset/ten of diamonds 20.jpg,ten of diamonds,42,train
dataset/ten of diamonds 21.jpg,ten of diamonds,42,train
dataset/ten of diamonds 22.jpg,ten of diamonds,42,train
dataset/ten of diamonds 23.jpg,ten of diamonds,42,train
dataset/ten of diamonds 24.jpg,ten of diamonds,42,train
dataset/ten of diamonds 25.jpg,ten of diamonds,42,train
dataset/ten of diamonds 26.jpg,ten of diamonds,42,train
dataset/ten of diamonds 27.jpg,ten of diamonds,42,train
dataset/ten of diamonds 28.jpg,ten of diamonds,42,test
dataset/ten of diamonds 29.jpg,ten of diamonds,42,train
dataset/ten of diamonds 30.jpg,ten of diamonds,42,train
dataset/ten of diamonds 31.jpg,ten of diamonds,42,train
dataset/ten of diamonds 32.jpg,ten of diamonds,42,train
dataset/ten of diamonds 33.jpg,ten of diamonds,42,train
dataset/ten of diamonds 34.jpg,ten of diamonds,42,train
dataset/ten of diamonds 35.jpg,ten of diamonds,42,train
dataset/ten of diamonds 36.jpg,ten of diamonds,42,train
dataset/ten of diamonds 37.jpg,ten of diamonds,42,train
dataset/ten of diamonds 38.jpg,ten of diamonds,42,train
dataset/ten of diamonds 39.jpg,ten of diamonds,42,train
dataset/ten of diamonds 40.jpg,ten of diamonds,42,train
dataset/ten of diamonds 41.jpg,ten of diamonds,42,test
dataset/ten of diamonds 42.jpg,ten of diamonds,42,test
dataset/ten of diamonds 43.jpg,ten of diamonds,42,train
dataset/ten of diamonds 44.jpg,ten of diamonds,42,train
dataset/ten of diamonds 45.jpg,ten of diamonds,42,train
dataset/ten of diamonds 46.jpg,ten of diamonds,42,train
dataset/ten of diamonds 47.jpg,ten of diamonds,42,val
dataset/ten of diamonds 48.jpg,ten of diamonds,42,train
dataset/ten of diamonds 49.jpg,ten of diamonds,42,train
dataset/ten of diamonds 50.jpg,ten of diamonds,42,val
dataset/ten of diamonds 51.jpg,ten of diamonds,42,train
dataset/ten of diamonds 52.jpg,ten of diamonds,42,train
dataset/ten of diamonds 53.jpg,ten of diamonds,42,val
dataset/ten of diamonds 54.jpg,ten of diamonds,42,train
dataset/ten of diamonds 55.jpg,ten of diamonds,42,train
dataset/ten of diamonds 56.jpg,ten of diamonds,42,test
dataset/ten of diamonds 57.jpg,ten of diamonds,42,train
dataset/ten of diamonds 58.jpg,ten of diamonds,42,train
dataset/ten of diamonds 59.jpg,ten of diamonds,42,train
dataset/ten of diamonds 60.jpg,ten of diamonds,42,train
dataset/ten of diamonds 61.jpg,ten of diamonds,42,train
dataset/ten of diamonds 62.jpg,ten of diamonds,42,train
dataset/ten of diamonds 63.jpg,ten of diamonds,42,train
dataset/ten of diamonds 64.jpg,ten of diamonds,42,test
dataset/ten of diamonds 65.jpg,ten of diamonds,42,test
dataset/ten of diamonds 66.jpg,ten of diamonds,42,train
dataset/ten of diamonds 67.jpg,ten of diamonds,42,train
dataset/ten of diamonds 68.jpg,ten of diamonds,42,train
dataset/ten of diamonds 69.jpg,ten of diamonds,42,test
dataset/ten of diamonds 70.jpg,ten of diamonds,42,train
dataset/ten of diamonds 71.jpg,ten of diamonds,42,test
dataset/ten of diamonds 72.jpg,ten of diamonds,42,test
dataset/ten of diamonds 73.jpg,ten of diamonds,42,train
dataset/ten of diamonds 74.jpg,ten of diamonds,42,train
dataset/ten of diamonds 75.jpg,ten of diamonds,42,train
dataset/ten of diamonds 76.jpg,ten of diamonds,42,train
dataset/ten of diamonds 77.jpg,ten of diamonds,42,train
dataset/ten of diamonds 78.jpg,ten of diamonds,42,train
dataset/ten of diamonds 79.jpg,ten of diamonds,42,train
dataset/ten of diamonds 80.jpg,ten of diamonds,42,train
dataset/ten of diamonds 81.jpg,ten of diamonds,42,train
dataset/ten of diamonds 82.jpg,ten of diamonds,42,train
dataset/ten of diamonds 83.jpg,ten of diamonds,42,val
dataset/ten of diamonds 84.jpg,ten of diamonds,42,test
dataset/ten of diamonds 85.jpg,ten of diamonds,42,val
dataset/ten of diamonds 86.jpg,ten of diamonds,42,train
dataset/ten of diamonds 87.jpg,ten of diamonds,42,val
dataset/ten of diamonds 88.jpg,ten of diamonds,42,val
dataset/ten of diamonds 89.jpg,ten of diamonds,42,test
dataset/ten of diamonds 90.jpg,ten of diamonds,42,val
dataset/ten of diamonds 91.jpg,ten of diamonds,42,val
dataset/ten of diamonds 92.jpg,ten of diamonds,42,train
dataset/ten of diamonds 93.jpg,ten of diamonds,42,val
dataset/ten of diamonds 94.jpg,ten of diamonds,42,train
dataset/ten of diamonds 95.jpg,ten of diamonds,42,train
dataset/ten of diamonds 96.jpg,ten of diamonds,42,train
dataset/ten of diamonds 97.jpg,ten of diamonds,42,train
dataset/ten of diamonds 98.jpg,ten of diamonds,42,test
dataset/ten of diamonds 99.jpg,ten of diamonds,42,train
dataset/ten of hearts 01.jpg,ten of hearts,43,test
dataset/ten of hearts 02.jpg,ten of hearts,43,train
dataset/ten of hearts 03.jpg,ten of hearts,43,train
dataset/ten of hearts 04.jpg,ten of hearts,43,val
dataset/ten of hearts 05.jpg,ten of hearts,43,train
dataset/ten of hearts 06.jpg,ten of hearts,43,train
dataset/ten of hearts 07.jpg,ten of hearts,43,train
dataset/ten of hearts 08.jpg,ten of hearts,43,train
dataset/ten of hearts 09.jpg,ten of hearts,43,train
dataset/ten of hearts 10.jpg,ten of hearts,43,train
dataset/ten of hearts 100.jpg,ten of hearts,43,train
dataset/ten of hearts 101.jpg,ten of hearts,43,train
dataset/ten of hearts 102.jpg,ten of hearts,43,test
dataset/ten of hearts 103.jpg,ten of hearts,43,train
dataset/ten of hearts 104.jpg,ten of hearts,43,train
dataset/ten of hearts 105.jpg,ten of hearts,43,train
dataset/ten of hearts 106.jpg,ten of hearts,43,train
dataset/ten of hearts 107.jpg,ten of hearts,43,test
dataset/ten of hearts 108.jpg,ten of hearts,43,train
dataset/ten of hearts 109.jpg,ten of hearts,43,train
dataset/ten of hearts 11.jpg,ten of hearts,43,train
dataset/ten of hearts 110.jpg,ten of hearts,43,train
dataset/ten of hearts 111.jpg,ten of hearts,43,train
dataset/ten of hearts 112.jpg,ten of hearts,43,train
dataset/ten of hearts 113.jpg,ten of hearts,43,train
dataset/ten of hearts 114.jpg,ten of hearts,43,train
dataset/ten of hearts 115.jpg,ten of hearts,43,val
dataset/ten of hearts 116.jpg,ten of hearts,43,test
dataset/ten of hearts 117.jpg,ten of hearts,43,train
dataset/ten of hearts 118.jpg,ten of hearts,43,train
dataset/ten of hearts 119.jpg,ten of hearts,43,train
dataset/ten of hearts 12.jpg,ten of hearts,43,test
dataset/ten of hearts 120.jpg,ten of hearts,43,test
dataset/ten of hearts 121.jpg,ten of hearts,43,val
dataset/ten of hearts 122.jpg,ten of hearts,43,train
dataset/ten of hearts 123.jpg,ten of hearts,43,train
dataset/ten of hearts 124.jpg,ten of hearts,43,train
dataset/ten of hearts 125.jpg,ten of hearts,43,train
dataset/ten of hearts 126.jpg,ten of hearts,43,val
dataset/ten of hearts 127.jpg,ten of hearts,43,train
dataset/ten of hearts 128.jpg,ten of hearts,43,train
dataset/ten of hearts 129.jpg,ten of hearts,43,val
dataset/ten of hearts 13.jpg,ten of hearts,43,val
dataset/ten of hearts 130.jpg,ten of hearts,43,train
dataset/ten of hearts 131.jpg,ten of hearts,43,train
dataset/ten of hearts 132.jpg,ten of hearts,43,train
dataset/ten of hearts 133.jpg,ten of hearts,43,train
dataset/ten of hearts 134.jpg,ten of hearts,43,train
dataset/ten of hearts 135.jpg,ten of hearts,43,train
dataset/ten of hearts 136.jpg,ten of hearts,43,train
dataset/ten of hearts 137.jpg,ten of hearts,43,train
dataset/ten of hearts 138.jpg,ten of hearts,43,train
dataset/ten of hearts 139.jpg,ten of hearts,43,train
dataset/ten of hearts 14.jpg,ten of hearts,43,val
dataset/ten of hearts 15.jpg,ten of hearts,43,val
dataset/ten of hearts 16.jpg,ten of hearts,43,val
dataset/ten of hearts 17.jpg,ten of hearts,43,train
dataset/ten of hearts 18.jpg,ten of hearts,43,train
dataset/ten of hearts 19.jpg,ten of hearts,43,test
dataset/ten of hearts 20.jpg,ten of hearts,43,test
dataset/ten of hearts 21.jpg,ten of hearts,43,test
dataset/ten of hearts 22.jpg,ten of hearts,43,val
dataset/ten of hearts 23.jpg,ten of hearts,43,train
dataset/ten of hearts 24.jpg,ten of hearts,43,train
dataset/ten of hearts 25.jpg,ten of hearts,43,train
dataset/ten of hearts 26.jpg,ten of hearts,43,train
dataset/ten of hearts 27.jpg,ten of hearts,43,train
dataset/ten of hearts 28.jpg,ten of hearts,43,train
dataset/ten of hearts 29.jpg,ten of hearts,43,train
dataset/ten of hearts 30.jpg,ten of hearts,43,val
dataset/ten of hearts 31.jpg,ten of hearts,43,val
dataset/ten of hearts 32.jpg,ten of hearts,43,train
dataset/ten of hearts 33.jpg,ten of hearts,43,train
dataset/ten of hearts 34.jpg,ten of hearts,43,train
dataset/ten of hearts 35.jpg,ten of hearts,43,train
dataset/ten of hearts 36.jpg,ten of hearts,43,train
dataset/ten of hearts 37.jpg,ten of hearts,43,test
dataset/ten of hearts 38.jpg,ten of hearts,43,train
dataset/ten of hearts 39.jpg,ten of hearts,43,test
dataset/ten of hearts 40.jpg,ten of hearts,43,test
dataset/ten of hearts 41.jpg,ten of hearts,43,test
dataset/ten of hearts 42.jpg,ten of hearts,43,val
dataset/ten of hearts 43.jpg,ten of hearts,43,train
dataset/ten of hearts 44.jpg,ten of hearts,43,train
dataset/ten of hearts 45.jpg,ten of hearts,43,train
dataset/ten of hearts 46.jpg,ten of hearts,43,train
dataset/ten of hearts 47.jpg,ten of hearts,43,test
dataset/ten of hearts 48.jpg,ten of hearts,43,test
dataset/ten of hearts 49.jpg,ten of hearts,43,train
dataset/ten of hearts 50.jpg,ten of hearts,43,train
dataset/ten of hearts 51.jpg,ten of hearts,43,train
dataset/ten of hearts 52.jpg,ten of hearts,43,train
dataset/ten of hearts 53.jpg,ten of hearts,43,train
dataset/ten of hearts 54.jpg,ten of hearts,43,train
dataset/ten of hearts 55.jpg,ten of hearts,43,train
dataset/ten of hearts 56.jpg,ten of hearts,43,train
dataset/ten of hearts 57.jpg,ten of hearts,43,test
dataset/ten of hearts 58.jpg,ten of hearts,43,train
dataset/ten of hearts 59.jpg,ten of hearts,43,train
dataset/ten of hearts 60.jpg,ten of hearts,43,val
dataset/ten of hearts 61.jpg,ten of hearts,43,test
dataset/ten of hearts 62.jpg,ten of hearts,43,train
dataset/ten of hearts 63.jpg,ten of hearts,43,train
dataset/ten of hearts 64.jpg,ten of hearts,43,train
dataset/ten of hearts 65.jpg,ten of hearts,43,val
dataset/ten of hearts 66.jpg,ten of hearts,43,val
dataset/ten of hearts 67.jpg,ten of hearts,43,train
dataset/ten of hearts 68.jpg,ten of hearts,43,train
dataset/ten of hearts 69.jpg,ten of hearts,43,train
dataset/ten of hearts 70.jpg,ten of hearts,43,val
dataset/ten of hearts 71.jpg,ten of hearts,43,train
dataset/ten of hearts 72.jpg,ten of hearts,43,train
dataset/ten of hearts 73.jpg,ten of hearts,43,train
dataset/ten of hearts 74.jpg,ten of hearts,43,train
dataset/ten of hearts 75.jpg,ten of hearts,43,train
dataset/ten of hearts 76.jpg,ten of hearts,43,train
dataset/ten of hearts 77.jpg,ten of hearts,43,train
dataset/ten of hearts 78.jpg,ten of hearts,43,train
dataset/ten of hearts 79.jpg,ten of hearts,43,train
dataset/ten of hearts 80.jpg,ten of hearts,43,train
dataset/ten of hearts 81.jpg,ten of hearts,43,train
dataset/ten of hearts 82.jpg,ten of hearts,43,test
dataset/ten of hearts 83.jpg,ten of hearts,43,train
dataset/ten of hearts 84.jpg,ten of hearts,43,train
dataset/ten of hearts 85.jpg,ten of hearts,43,val
dataset/ten of hearts 86.jpg,ten of hearts,43,train
dataset/ten of hearts 87.jpg,ten of hearts,43,test
dataset/ten of hearts 88.jpg,ten of hearts,43,train
dataset/ten of hearts 89.jpg,ten of hearts,43,train
dataset/ten of hearts 90.jpg,ten of hearts,43,train
dataset/ten of hearts 91.jpg,ten of hearts,43,train
dataset/ten of hearts 92.jpg,ten of hearts,43,test
dataset/ten of hearts 93.jpg,ten of hearts,43,train
dataset/ten of hearts 94.jpg,ten of hearts,43,train
dataset/ten of hearts 95.jpg,ten of hearts,43,val
dataset/ten of hearts 96.jpg,ten of hearts,43,train
dataset/ten of hearts 97.jpg,ten of hearts,43,test
dataset/ten of hearts 98.jpg,ten of hearts,43,val
dataset/ten of hearts 99.jpg,ten of hearts,43,val
dataset/ten of spades 01.jpg,ten of spades,44,train
dataset/ten of spades 02.jpg,ten of spades,44,val
dataset/ten of spades 03.jpg,ten of spades,44,train
dataset/ten of spades 04.jpg,ten of spades,44,train
dataset/ten of spades 05.jpg,ten of spades,44,train
dataset/ten of spades 06.jpg,ten of spades,44,train
dataset/ten of spades 07.jpg,ten of spades,44,train
dataset/ten of spades 08.jpg,ten of spades,44,train
dataset/ten of spades 09.jpg,ten of spades,44,train
dataset/ten of spades 10.jpg,ten of spades,44,val
dataset/ten of spades 100.jpg,ten of spades,44,train
dataset/ten of spades 101.jpg,ten of spades,44,train
dataset/ten of spades 102.jpg,ten of spades,44,train
dataset/ten of spades 103.jpg,ten of spades,44,train
dataset/ten of spades 104.jpg,ten of spades,44,train
dataset/ten of spades 105.jpg,ten of spades,44,val
dataset/ten of spades 106.jpg,ten of spades,44,train
dataset/ten of spades 107.jpg,ten of spades,44,train
dataset/ten of spades 108.jpg,ten of spades,44,train
dataset/ten of spades 109.jpg,ten of spades,44,train
dataset/ten of spades 11.jpg,ten of spades,44,train
dataset/ten of spades 110.jpg,ten of spades,44,train
dataset/ten of spades 111.jpg,ten of spades,44,val
dataset/ten of spades 112.jpg,ten of spades,44,train
dataset/ten of spades 113.jpg,ten of spades,44,train
dataset/ten of spades 114.jpg,ten of spades,44,val
dataset/ten of spades 115.jpg,ten of spades,44,val
dataset/ten of spades 116.jpg,ten of spades,44,train
dataset/ten of spades 117.jpg,ten of spades,44,test
dataset/ten of spades 118.jpg,ten of spades,44,train
dataset/ten of spades 119.jpg,ten of spades,44,train
dataset/ten of spades 12.jpg,ten of spades,44,test
dataset/ten of spades 120.jpg,ten of spades,44,train
dataset/ten of spades 121.jpg,ten of spades,44,train
dataset/ten of spades 122.jpg,ten of spades,44,val
dataset/ten of spades 123.jpg,ten of spades,44,test
dataset/ten of spades 124.jpg,ten of spades,44,train
dataset/ten of spades 125.jpg,ten of spades,44,val
dataset/ten of spades 126.jpg,ten of spades,44,train
dataset/ten of spades 127.jpg,ten of spades,44,train
dataset/ten of spades 128.jpg,ten of spades,44,train
dataset/ten of spades 129.jpg,ten of spades,44,train
dataset/ten of spades 13.jpg,ten of spades,44,train
dataset/ten of spades 130.jpg,ten of spades,44,test
dataset/ten of spades 131.jpg,ten of spades,44,val
dataset/ten of spades 132.jpg,ten of spades,44,train
dataset/ten of spades 133.jpg,ten of spades,44,train
dataset/ten of spades 134.jpg,ten of spades,44,train
dataset/ten of spades 135.jpg,ten of spades,44,train
dataset/ten of spades 136.jpg,ten of spades,44,train
dataset/ten of spades 137.jpg,ten of spades,44,train
dataset/ten of spades 138.jpg,ten of spades,44,train
dataset/ten of spades 139.jpg,ten of spades,44,train
dataset/ten of spades 14.jpg,ten of spades,44,train
dataset/ten of spades 140.jpg,ten of spades,44,val
dataset/ten of spades 141.jpg,ten of spades,44,train
dataset/ten of spades 142.jpg,ten of spades,44,train
dataset/ten of spades 143.jpg,ten of spades,44,test
dataset/ten of spades 144.jpg,ten of spades,44,train
dataset/ten of spades 145.jpg,ten of spades,44,train
dataset/ten of spades 146.jpg,ten of spades,44,test
dataset/ten of spades 147.jpg,ten of spades,44,train
dataset/ten of spades 148.jpg,ten of spades,44,train
dataset/ten of spades 149.jpg,ten of spades,44,train
dataset/ten of spades 15.jpg,ten of spades,44,train
dataset/ten of spades 150.jpg,ten of spades,44,train
dataset/ten of spades 151.jpg,ten of spades,44,val
dataset/ten of spades 152.jpg,ten of spades,44,train
dataset/ten of spades 153.jpg,ten of spades,44,val
dataset/ten of spades 154.jpg,ten of spades,44,val
dataset/ten of spades 155.jpg,ten of spades,44,test
dataset/ten of spades 156.jpg,ten of spades,44,train
dataset/ten of spades 157.jpg,ten of spades,44,train
dataset/ten of spades 158.jpg,ten of spades,44,train
dataset/ten of spades 159.jpg,ten of spades,44,train
dataset/ten of spades 16.jpg,ten of spades,44,train
dataset/ten of spades 160.jpg,ten of spades,44,train
dataset/ten of spades 161.jpg,ten of spades,44,test
dataset/ten of spades 162.jpg,ten of spades,44,val
dataset/ten of spades 163.jpg,ten of spades,44,test
dataset/ten of spades 164.jpg,ten of spades,44,test
dataset/ten of spades 165.jpg,ten of spades,44,train
dataset/ten of spades 166.jpg,ten of spades,44,train
dataset/ten of spades 167.jpg,ten of spades,44,test
dataset/ten of spades 168.jpg,ten of spades,44,train
dataset/ten of spades 17.jpg,ten of spades,44,train
dataset/ten of spades 18.jpg,ten of spades,44,test
dataset/ten of spades 19.jpg,ten of spades,44,train
dataset/ten of spades 20.jpg,ten of spades,44,train
dataset/ten of spades 21.jpg,ten of spades,44,train
dataset/ten of spades 22.jpg,ten of spades,44,train
dataset/ten of spades 23.jpg,ten of spades,44,train
dataset/ten of spades 24.jpg,ten of spades,44,train
dataset/ten of spades 25.jpg,ten of spades,44,train
dataset/ten of spades 26.jpg,ten of spades,44,train
dataset/ten of spades 27.jpg,ten of spades,44,test
dataset/ten of spades 28.jpg,ten of spades,44,val
dataset/ten of spades 29.jpg,ten of spades,44,train
dataset/ten of spades 30.jpg,ten of spades,44,train
dataset/ten of spades 31.jpg,ten of spades,44,train
dataset/ten of spades 32.jpg,ten of spades,44,train
dataset/ten of spades 33.jpg,ten of spades,44,train
dataset/ten of spades 34.jpg,ten of spades,44,train
dataset/ten of spades 35.jpg,ten of spades,44,train
dataset/ten of spades 36.jpg,ten of spades,44,val
dataset/ten of spades 37.jpg,ten of spades,44,train
dataset/ten of spades 38.jpg,ten of spades,44,train
dataset/ten of spades 39.jpg,ten of spades,44,train
dataset/ten of spades 40.jpg,ten of spades,44,test
dataset/ten of spades 41.jpg,ten of spades,44,train
dataset/ten of spades 42.jpg,ten of spades,44,train
dataset/ten of spades 43.jpg,ten of spades,44,train
dataset/ten of spades 44.jpg,ten of spades,44,train
dataset/ten of spades 45.jpg,ten of spades,44,train
dataset/ten of spades 46.jpg,ten of spades,44,train
dataset/ten of spades 47.jpg,ten of spades,44,train
dataset/ten of spades 48.jpg,ten of spades,44,train
dataset/ten of spades 49.jpg,ten of spades,44,train
dataset/ten of spades 50.jpg,ten of spades,44,val
dataset/ten of spades 51.jpg,ten of spades,44,train
dataset/ten of spades 52.jpg,ten of spades,44,train
dataset/ten of spades 53.jpg,ten of spades,44,val
dataset/ten of spades 54.jpg,ten of spades,44,train
dataset/ten of spades 55.jpg,ten of spades,44,train
dataset/ten of spades 56.jpg,ten of spades,44,test
dataset/ten of spades 57.jpg,ten of spades,44,train
dataset/ten of spades 58.jpg,ten of spades,44,train
dataset/ten of spades 59.jpg,ten of spades,44,train
dataset/ten of spades 60.jpg,ten of spades,44,test
dataset/ten of spades 61.jpg,ten of spades,44,test
dataset/ten of spades 62.jpg,ten of spades,44,val
dataset/ten of spades 63.jpg,ten of spades,44,train
dataset/ten of spades 64.jpg,ten of spades,44,train
dataset/ten of spades 65.jpg,ten of spades,44,val
dataset/ten of spades 66.jpg,ten of spades,44,val
dataset/ten of spades 67.jpg,ten of spades,44,train
dataset/ten of spades 68.jpg,ten of spades,44,train
dataset/ten of spades 69.jpg,ten of spades,44,test
dataset/ten of spades 70.jpg,ten of spades,44,train
dataset/ten of spades 71.jpg,ten of spades,44,test
dataset/ten of spades 72.jpg,ten of spades,44,test
dataset/ten of spades 73.jpg,ten of spades,44,val
dataset/ten of spades 74.jpg,ten of spades,44,train
dataset/ten of spades 75.jpg,ten of spades,44,train
dataset/ten of spades 76.jpg,ten of spades,44,test
dataset/ten of spades 77.jpg,ten of spades,44,val
dataset/ten of spades 78.jpg,ten of spades,44,val
dataset/ten of spades 79.jpg,ten of spades,44,test
dataset/ten of spades 80.jpg,ten of spades,44,val
dataset/ten of spades 81.jpg,ten of spades,44,test
dataset/ten of spades 82.jpg,ten of spades,44,train
dataset/ten of spades 83.jpg,ten of spades,44,test
dataset/ten of spades 84.jpg,ten of spades,44,train
dataset/ten of spades 85.jpg,ten of spades,44,train
dataset/ten of spades 86.jpg,ten of spades,44,train
dataset/ten of spades 87.jpg,ten of spades,44,train
dataset/ten of spades 88.jpg,ten of spades,44,train
dataset/ten of spades 89.jpg,ten of spades,44,train
dataset/ten of spades 90.jpg,ten of spades,44,train
dataset/ten of spades 91.jpg,ten of spades,44,train
dataset/ten of spades 92.jpg,ten of spades,44,train
dataset/ten of spades 93.jpg,ten of spades,44,test
dataset/ten of spades 94.jpg,ten of spades,44,train
dataset/ten of spades 95.jpg,ten of spades,44,train
dataset/ten of spades 96.jpg,ten of spades,44,train
dataset/ten of spades 97.jpg,ten of spades,44,train
dataset/ten of spades 98.jpg,ten of spades,44,train
dataset/ten of spades 99.jpg,ten of spades,44,train
dataset/three of clubs 01.jpg,three of clubs,45,test
dataset/three of clubs 02.jpg,three of clubs,45,train
dataset/three of clubs 03.jpg,three of clubs,45,train
dataset/three of clubs 04.jpg,three of clubs,45,train
dataset/three of clubs 05.jpg,three of clubs,45,train
dataset/three of clubs 06.jpg,three of clubs,45,val
dataset/three of clubs 07.jpg,three of clubs,45,test
dataset/three of clubs 08.jpg,three of clubs,45,train
dataset/three of clubs 09.jpg,three of clubs,45,train
dataset/three of clubs 10.jpg,three of clubs,45,test
dataset/three of clubs 100.jpg,three of clubs,45,train
dataset/three of clubs 101.jpg,three of clubs,45,train
dataset/three of clubs 102.jpg,three of clubs,45,train
dataset/three of clubs 103.jpg,three of clubs,45,train
dataset/three of clubs 104.jpg,three of clubs,45,train
dataset/three of clubs 105.jpg,three of clubs,45,val
dataset/three of clubs 106.jpg,three of clubs,45,val
dataset/three of clubs 107.jpg,three of clubs,45,train
dataset/three of clubs 108.jpg,three of clubs,45,test
dataset/three of clubs 109.jpg,three of clubs,45,test
dataset/three of clubs 11.jpg,three of clubs,45,train
dataset/three of clubs 110.jpg,three of clubs,45,train
dataset/three of clubs 111.jpg,three of clubs,45,train
dataset/three of clubs 112.jpg,three of clubs,45,test
dataset/three of clubs 113.jpg,three of clubs,45,val
dataset/three of clubs 114.jpg,three of clubs,45,val
dataset/three of clubs 115.jpg,three of clubs,45,train
dataset/three of clubs 116.jpg,three of clubs,45,train
dataset/three of clubs 117.jpg,three of clubs,45,val
dataset/three of clubs 118.jpg,three of clubs,45,train
dataset/three of clubs 119.jpg,three of clubs,45,train
dataset/three of clubs 12.jpg,three of clubs,45,train
dataset/three of clubs 120.jpg,three of clubs,45,train
dataset/three of clubs 121.jpg,three of clubs,45,train
dataset/three of clubs 122.jpg,three of clubs,45,train
dataset/three of clubs 123.jpg,three of clubs,45,train
dataset/three of clubs 124.jpg,three of clubs,45,train
dataset/three of clubs 125.jpg,three of clubs,45,train
dataset/three of clubs 126.jpg,three of clubs,45,train
dataset/three of clubs 127.jpg,three of clubs,45,train
dataset/three of clubs 128.jpg,three of clubs,45,train
dataset/three of clubs 129.jpg,three of clubs,45,val
dataset/three of clubs 13.jpg,three of clubs,45,train
dataset/three of clubs 130.jpg,three of clubs,45,train
dataset/three of clubs 131.jpg,three of clubs,45,train
dataset/three of clubs 132.jpg,three of clubs,45,test
dataset/three of clubs 133.jpg,three of clubs,45,train
dataset/three of clubs 134.jpg,three of clubs,45,train
dataset/three of clubs 135.jpg,three of clubs,45,val
dataset/three of clubs 136.jpg,three of clubs,45,train
dataset/three of clubs 14.jpg,three of clubs,45,train
dataset/three of clubs 15.jpg,three of clubs,45,test
dataset/three of clubs 16.jpg,three of clubs,45,train
dataset/three of clubs 17.jpg,three of clubs,45,test
dataset/three of clubs 18.jpg,three of clubs,45,test
dataset/three of clubs 19.jpg,three of clubs,45,train
dataset/three of clubs 20.jpg,three of clubs,45,train
dataset/three of clubs 21.jpg,three of clubs,45,val
dataset/three of clubs 22.jpg,three of clubs,45,train
dataset/three of clubs 23.jpg,three of clubs,45,train
dataset/three of clubs 24.jpg,three of clubs,45,val
dataset/three of clubs 25.jpg,three of clubs,45,test
dataset/three of clubs 26.jpg,three of clubs,45,val
dataset/three of clubs 27.jpg,three of clubs,45,train
dataset/three of clubs 28.jpg,three of clubs,45,train
dataset/three of clubs 29.jpg,three of clubs,45,train
dataset/three of clubs 30.jpg,three of clubs,45,train
dataset/three of clubs 31.jpg,three of clubs,45,train
dataset/three of clubs 32.jpg,three of clubs,45,train
dataset/three of clubs 33.jpg,three of clubs,45,train
dataset/three of clubs 34.jpg,three of clubs,45,val
dataset/three of clubs 35.jpg,three of clubs,45,test
dataset/three of clubs 36.jpg,three of clubs,45,train
dataset/three of clubs 37.jpg,three of clubs,45,train
dataset/three of clubs 38.jpg,three of clubs,45,train
dataset/three of clubs 39.jpg,three of clubs,45,val
dataset/three of clubs 40.jpg,three of clubs,45,train
dataset/three of clubs 41.jpg,three of clubs,45,test
dataset/three of clubs 42.jpg,three of clubs,45,train
dataset/three of clubs 43.jpg,three of clubs,45,test
dataset/three of clubs 44.jpg,three of clubs,45,train
dataset/three of clubs 45.jpg,three of clubs,45,train
dataset/three of clubs 46.jpg,three of clubs,45,train
dataset/three of clubs 47.jpg,three of clubs,45,train
dataset/three of clubs 48.jpg,three of clubs,45,train
dataset/three of clubs 49.jpg,three of clubs,45,train
dataset/three of clubs 50.jpg,three of clubs,45,train
dataset/three of clubs 51.jpg,three of clubs,45,train
dataset/three of clubs 52.jpg,three of clubs,45,train
dataset/three of clubs 53.jpg,three of clubs,45,train
dataset/three of clubs 54.jpg,three of clubs,45,train
dataset/three of clubs 55.jpg,three of clubs,45,val
dataset/three of clubs 56.jpg,three of clubs,45,train
dataset/three of clubs 57.jpg,three of clubs,45,train
dataset/three of clubs 58.jpg,three of clubs,45,train
dataset/three of clubs 59.jpg,three of clubs,45,train
dataset/three of clubs 60.jpg,three of clubs,45,train
dataset/three of clubs 61.jpg,three of clubs,45,train
dataset/three of clubs 62.jpg,three of clubs,45,val
dataset/three of clubs 63.jpg,three of clubs,45,val
dataset/three of clubs 64.jpg,three of clubs,45,train
dataset/three of clubs 65.jpg,three of clubs,45,train
dataset/three of clubs 66.jpg,three of clubs,45,train
dataset/three of clubs 67.jpg,three of clubs,45,train
dataset/three of clubs 68.jpg,three of clubs,45,train
dataset/three of clubs 69.jpg,three of clubs,45,val
dataset/three of clubs 70.jpg,three of clubs,45,test
dataset/three of clubs 71.jpg,three of clubs,45,train
dataset/three of clubs 72.jpg,three of clubs,45,train
dataset/three of clubs 73.jpg,three of clubs,45,train
dataset/three of clubs 74.jpg,three of clubs,45,train
dataset/three of clubs 75.jpg,three of clubs,45,train
dataset/three of clubs 76.jpg,three of clubs,45,train
dataset/three of clubs 77.jpg,three of clubs,45,train
dataset/three of clubs 78.jpg,three of clubs,45,train
dataset/three of clubs 79.jpg,three of clubs,45,test
dataset/three of clubs 80.jpg,three of clubs,45,val
dataset/three of clubs 81.jpg,three of clubs,45,test
dataset/three of clubs 82.jpg,three of clubs,45,test
dataset/three of clubs 83.jpg,three of clubs,45,train
dataset/three of clubs 84.jpg,three of clubs,45,train
dataset/three of clubs 85.jpg,three of clubs,45,train
dataset/three of clubs 86.jpg,three of clubs,45,val
dataset/three of clubs 87.jpg,three of clubs,45,train
dataset/three of clubs 88.jpg,three of clubs,45,test
dataset/three of clubs 89.jpg,three of clubs,45,train
dataset/three of clubs 90.jpg,three of clubs,45,train
dataset/three of clubs 91.jpg,three of clubs,45,train
dataset/three of clubs 92.jpg,three of clubs,45,val
dataset/three of clubs 93.jpg,three of clubs,45,val
dataset/three of clubs 94.jpg,three of clubs,45,test
dataset/three of clubs 95.jpg,three of clubs,45,train
dataset/three of clubs 96.jpg,three of clubs,45,train
dataset/three of clubs 97.jpg,three of clubs,45,train
dataset/three of clubs 98.jpg,three of clubs,45,train
dataset/three of clubs 99.jpg,three of clubs,45,train
dataset/three of diamonds 01.jpg,three of diamonds,46,test
dataset/three of diamonds 02.jpg,three of diamonds,46,test
dataset/three of diamonds 03.jpg,three of diamonds,46,train
dataset/three of diamonds 04.jpg,three of diamonds,46,val
dataset/three of diamonds 05.jpg,three of diamonds,46,train
dataset/three of diamonds 06.jpg,three of diamonds,46,val
dataset/three of diamonds 07.jpg,three of diamonds,46,train
dataset/three of diamonds 08.jpg,three of diamonds,46,test
dataset/three of diamonds 09.jpg,three of diamonds,46,train
dataset/three of diamonds 10.jpg,three of diamonds,46,val
dataset/three of diamonds 100.jpg,three of diamonds,46,test
dataset/three of diamonds 101.jpg,three of diamonds,46,test
dataset/three of diamonds 102.jpg,three of diamonds,46,train
dataset/three of diamonds 103.jpg,three of diamonds,46,val
dataset/three of diamonds 104.jpg,three of diamonds,46,train
dataset/three of diamonds 105.jpg,three of diamonds,46,train
dataset/three of diamonds 106.jpg,three of diamonds,46,train
dataset/three of diamonds 107.jpg,three of diamonds,46,train
dataset/three of diamonds 108.jpg,three of diamonds,46,test
dataset/three of diamonds 109.jpg,three of diamonds,46,train
dataset/three of diamonds 11.jpg,three of diamonds,46,train
dataset/three of diamonds 110.jpg,three of diamonds,46,train
dataset/three of diamonds 111.jpg,three of diamonds,46,train
dataset/three of diamonds 112.jpg,three of diamonds,46,train
dataset/three of diamonds 113.jpg,three of diamonds,46,train
dataset/three of diamonds 114.jpg,three of diamonds,46,train
dataset/three of diamonds 115.jpg,three of diamonds,46,train
dataset/three of diamonds 116.jpg,three of diamonds,46,train
dataset/three of diamonds 117.jpg,three of diamonds,46,train
dataset/three of diamonds 118.jpg,three of diamonds,46,train
dataset/three of diamonds 119.jpg,three of diamonds,46,train
dataset/three of diamonds 12.jpg,three of diamonds,46,train
dataset/three of diamonds 120.jpg,three of diamonds,46,train
dataset/three of diamonds 121.jpg,three of diamonds,46,test
dataset/three of diamonds 122.jpg,three of diamonds,46,train
dataset/three of diamonds 123.jpg,three of diamonds,46,test
dataset/three of diamonds 124.jpg,three of diamonds,46,train
dataset/three of diamonds 125.jpg,three of diamonds,46,train
dataset/three of diamonds 126.jpg,three of diamonds,46,train
dataset/three of diamonds 127.jpg,three of diamonds,46,train
dataset/three of diamonds 128.jpg,three of diamonds,46,train
dataset/three of diamonds 129.jpg,three of diamonds,46,train
dataset/three of diamonds 13.jpg,three of diamonds,46,train
dataset/three of diamonds 130.jpg,three of diamonds,46,train
dataset/three of diamonds 131.jpg,three of diamonds,46,train
dataset/three of diamonds 132.jpg,three of diamonds,46,train
dataset/three of diamonds 133.jpg,three of diamonds,46,train
dataset/three of diamonds 134.jpg,three of diamonds,46,train
dataset/three of diamonds 135.jpg,three of diamonds,46,train
dataset/three of diamonds 136.jpg,three of diamonds,46,train
dataset/three of diamonds 137.jpg,three of diamonds,46,val
dataset/three of diamonds 138.jpg,three of diamonds,46,train
dataset/three of diamonds 139.jpg,three of diamonds,46,test
dataset/three of diamonds 14.jpg,three of diamonds,46,val
dataset/three of diamonds 140.jpg,three of diamonds,46,train
dataset/three of diamonds 141.jpg,three of diamonds,46,train
dataset/three of diamonds 142.jpg,three of diamonds,46,train
dataset/three of diamonds 143.jpg,three of diamonds,46,train
dataset/three of diamonds 144.jpg,three of diamonds,46,train
dataset/three of diamonds 145.jpg,three of diamonds,46,train
dataset/three of diamonds 146.jpg,three of diamonds,46,train
dataset/three of diamonds 147.jpg,three of diamonds,46,train
dataset/three of diamonds 148.jpg,three of diamonds,46,train
dataset/three of diamonds 149.jpg,three of diamonds,46,train
dataset/three of diamonds 15.jpg,three of diamonds,46,train
dataset/three of diamonds 150.jpg,three of diamonds,46,train
dataset/three of diamonds 151.jpg,three of diamonds,46,train
dataset/three of diamonds 152.jpg,three of diamonds,46,train
dataset/three of diamonds 153.jpg,three of diamonds,46,train
dataset/three of diamonds 154.jpg,three of diamonds,46,train
dataset/three of diamonds 155.jpg,three of diamonds,46,train
dataset/three of diamonds 156.jpg,three of diamonds,46,train
dataset/three of diamonds 157.jpg,three of diamonds,46,test
dataset/three of diamonds 158.jpg,three of diamonds,46,val
dataset/three of diamonds 159.jpg,three of diamonds,46,train
dataset/three of diamonds 16.jpg,three of diamonds,46,test
dataset/three of diamonds 160.jpg,three of diamonds,46,train
dataset/three of diamonds 161.jpg,three of diamonds,46,train
dataset/three of diamonds 162.jpg,three of diamonds,46,train
dataset/three of diamonds 163.jpg,three of diamonds,46,train
dataset/three of diamonds 17.jpg,three of diamonds,46,val
dataset/three of diamonds 18.jpg,three of diamonds,46,test
dataset/three of diamonds 19.jpg,three of diamonds,46,train
dataset/three of diamonds 20.jpg,three of diamonds,46,val
dataset/three of diamonds 21.jpg,three of diamonds,46,val
dataset/three of diamonds 22.jpg,three of diamonds,46,train
dataset/three of diamonds 23.jpg,three of diamonds,46,train
dataset/three of diamonds 24.jpg,three of diamonds,46,train
dataset/three of diamonds 25.jpg,three of diamonds,46,train
dataset/three of diamonds 26.jpg,three of diamonds,46,train
dataset/three of diamonds 27.jpg,three of diamonds,46,train
dataset/three of diamonds 28.jpg,three of diamonds,46,train
dataset/three of diamonds 29.jpg,three of diamonds,46,test
dataset/three of diamonds 30.jpg,three of diamonds,46,train
dataset/three of diamonds 31.jpg,three of diamonds,46,train
dataset/three of diamonds 32.jpg,three of diamonds,46,train
dataset/three of diamonds 33.jpg,three of diamonds,46,train
dataset/three of diamonds 34.jpg,three of diamonds,46,val
dataset/three of diamonds 35.jpg,three of diamonds,46,train
dataset/three of diamonds 36.jpg,three of diamonds,46,val
dataset/three of diamonds 37.jpg,three of diamonds,46,train
dataset/three of diamonds 38.jpg,three of diamonds,46,train
dataset/three of diamonds 39.jpg,three of diamonds,46,val
dataset/three of diamonds 40.jpg,three of diamonds,46,train
dataset/three of diamonds 41.jpg,three of diamonds,46,train
dataset/three of diamonds 42.jpg,three of diamonds,46,val
dataset/three of diamonds 43.jpg,three of diamonds,46,train
dataset/three of diamonds 44.jpg,three of diamonds,46,train
dataset/three of diamonds 45.jpg,three of diamonds,46,train
dataset/three of diamonds 46.jpg,three of diamonds,46,train
dataset/three of diamonds 47.jpg,three of diamonds,46,train
dataset/three of diamonds 48.jpg,three of diamonds,46,val
dataset/three of diamonds 49.jpg,three of diamonds,46,train
dataset/three of diamonds 50.jpg,three of diamonds,46,test
dataset/three of diamonds 51.jpg,three of diamonds,46,test
dataset/three of diamonds 52.jpg,three of diamonds,46,train
dataset/three of diamonds 53.jpg,three of diamonds,46,train
dataset/three of diamonds 54.jpg,three of diamonds,46,train
dataset/three of diamonds 55.jpg,three of diamonds,46,val
dataset/three of diamonds 56.jpg,three of diamonds,46,train
dataset/three of diamonds 57.jpg,three of diamonds,46,test
dataset/three of diamonds 58.jpg,three of diamonds,46,val
dataset/three of diamonds 59.jpg,three of diamonds,46,test
dataset/three of diamonds 60.jpg,three of diamonds,46,test
dataset/three of diamonds 61.jpg,three of diamonds,46,val
dataset/three of diamonds 62.jpg,three of diamonds,46,train
dataset/three of diamonds 63.jpg,three of diamonds,46,test
dataset/three of diamonds 64.jpg,three of diamonds,46,train
dataset/three of diamonds 65.jpg,three of diamonds,46,train
dataset/three of diamonds 66.jpg,three of diamonds,46,val
dataset/three of diamonds 67.jpg,three of diamonds,46,train
dataset/three of diamonds 68.jpg,three of diamonds,46,test
dataset/three of diamonds 69.jpg,three of diamonds,46,train
dataset/three of diamonds 70.jpg,three of diamonds,46,train
dataset/three of diamonds 71.jpg,three of diamonds,46,train
dataset/three of diamonds 72.jpg,three of diamonds,46,val
dataset/three of diamonds 73.jpg,three of diamonds,46,train
dataset/three of diamonds 74.jpg,three of diamonds,46,train
dataset/three of diamonds 75.jpg,three of diamonds,46,train
dataset/three of diamonds 76.jpg,three of diamonds,46,train
dataset/three of diamonds 77.jpg,three of diamonds,46,test
dataset/three of diamonds 78.jpg,three of diamonds,46,train
dataset/three of diamonds 79.jpg,three of diamonds,46,val
dataset/three of diamonds 81.jpg,three of diamonds,46,train
dataset/three of diamonds 82.jpg,three of diamonds,46,val
dataset/three of diamonds 83.jpg,three of diamonds,46,train
dataset/three of diamonds 84.jpg,three of diamonds,46,train
dataset/three of diamonds 85.jpg,three of diamonds,46,val
dataset/three of diamonds 86.jpg,three of diamonds,46,test
dataset/three of diamonds 87.jpg,three of diamonds,46,test
dataset/three of diamonds 88.jpg,three of diamonds,46,train
dataset/three of diamonds 89.jpg,three of diamonds,46,train
dataset/three of diamonds 90.jpg,three of diamonds,46,train
dataset/three of diamonds 91.jpg,three of diamonds,46,test
dataset/three of diamonds 92.jpg,three of diamonds,46,train
dataset/three of diamonds 93.jpg,three of diamonds,46,train
dataset/three of diamonds 94.jpg,three of diamonds,46,train
dataset/three of diamonds 95.jpg,three of diamonds,46,test
dataset/three of diamonds 96.jpg,three of diamonds,46,train
dataset/three of diamonds 97.jpg,three of diamonds,46,val
dataset/three of diamonds 98.jpg,three of diamonds,46,train
dataset/three of diamonds 99.jpg,three of diamonds,46,train
dataset/three of hearts 01.jpg,three of hearts,47,train
dataset/three of hearts 02.jpg,three of hearts,47,test
dataset/three of hearts 03.jpg,three of hearts,47,train
dataset/three of hearts 04.jpg,three of hearts,47,train
dataset/three of hearts 05.jpg,three of hearts,47,val
dataset/three of hearts 06.jpg,three of hearts,47,train
dataset/three of hearts 07.jpg,three of hearts,47,test
dataset/three of hearts 08.jpg,three of hearts,47,train
dataset/three of hearts 09.jpg,three of hearts,47,train
dataset/three of hearts 10.jpg,three of hearts,47,train
dataset/three of hearts 100.jpg,three of hearts,47,train
dataset/three of hearts 101.jpg,three of hearts,47,train
dataset/three of hearts 102.jpg,three of hearts,47,test
dataset/three of hearts 103.jpg,three of hearts,47,train
dataset/three of hearts 104.jpg,three of hearts,47,test
dataset/three of hearts 105.jpg,three of hearts,47,val
dataset/three of hearts 106.jpg,three of hearts,47,train
dataset/three of hearts 107.jpg,three of hearts,47,train
dataset/three of hearts 108.jpg,three of hearts,47,train
dataset/three of hearts 109.jpg,three of hearts,47,train
dataset/three of hearts 11.jpg,three of hearts,47,train
dataset/three of hearts 110.jpg,three of hearts,47,train
dataset/three of hearts 111.jpg,three of hearts,47,val
dataset/three of hearts 112.jpg,three of hearts,47,train
dataset/three of hearts 113.jpg,three of hearts,47,train
dataset/three of hearts 114.jpg,three of hearts,47,test
dataset/three of hearts 115.jpg,three of hearts,47,train
dataset/three of hearts 116.jpg,three of hearts,47,val
dataset/three of hearts 117.jpg,three of hearts,47,train
dataset/three of hearts 118.jpg,three of hearts,47,train
dataset/three of hearts 119.jpg,three of hearts,47,train
dataset/three of hearts 12.jpg,three of hearts,47,val
dataset/three of hearts 120.jpg,three of hearts,47,train
dataset/three of hearts 121.jpg,three of hearts,47,train
dataset/three of hearts 122.jpg,three of hearts,47,train
dataset/three of hearts 123.jpg,three of hearts,47,train
dataset/three of hearts 13.jpg,three of hearts,47,train
dataset/three of hearts 14.jpg,three of hearts,47,train
dataset/three of hearts 15.jpg,three of hearts,47,train
dataset/three of hearts 16.jpg,three of hearts,47,val
dataset/three of hearts 17.jpg,three of hearts,47,val
dataset/three of hearts 18.jpg,three of hearts,47,train
dataset/three of hearts 19.jpg,three of hearts,47,train
dataset/three of hearts 20.jpg,three of hearts,47,train
dataset/three of hearts 21.jpg,three of hearts,47,train
dataset/three of hearts 22.jpg,three of hearts,47,train
dataset/three of hearts 23.jpg,three of hearts,47,train
dataset/three of hearts 24.jpg,three of hearts,47,train
dataset/three of hearts 25.jpg,three of hearts,47,train
dataset/three of hearts 26.jpg,three of hearts,47,test
dataset/three of hearts 27.jpg,three of hearts,47,train
dataset/three of hearts 28.jpg,three of hearts,47,test
dataset/three of hearts 29.jpg,three of hearts,47,val
dataset/three of hearts 30.jpg,three of hearts,47,train
dataset/three of hearts 31.jpg,three of hearts,47,train
dataset/three of hearts 32.jpg,three of hearts,47,train
dataset/three of hearts 33.jpg,three of hearts,47,train
dataset/three of hearts 34.jpg,three of hearts,47,train
dataset/three of hearts 35.jpg,three of hearts,47,train
dataset/three of hearts 36.jpg,three of hearts,47,val
dataset/three of hearts 37.jpg,three of hearts,47,train
dataset/three of hearts 38.jpg,three of hearts,47,train
dataset/three of hearts 39.jpg,three of hearts,47,train
dataset/three of hearts 40.jpg,three of hearts,47,train
dataset/three of hearts 41.jpg,three of hearts,47,train
dataset/three of hearts 42.jpg,three of hearts,47,train
dataset/three of hearts 43.jpg,three of hearts,47,train
dataset/three of hearts 44.jpg,three of hearts,47,train
dataset/three of hearts 45.jpg,three of hearts,47,train
dataset/three of hearts 46.jpg,three of hearts,47,train
dataset/three of hearts 47.jpg,three of hearts,47,train
dataset/three of hearts 48.jpg,three of hearts,47,train
dataset/three of hearts 49.jpg,three of hearts,47,val
dataset/three of hearts 50.jpg,three of hearts,47,val
dataset/three of hearts 51.jpg,three of hearts,47,test
dataset/three of hearts 52.jpg,three of hearts,47,val
dataset/three of hearts 53.jpg,three of hearts,47,test
dataset/three of hearts 54.jpg,three of hearts,47,train
dataset/three of hearts 55.jpg,three of hearts,47,train
dataset/three of hearts 56.jpg,three of hearts,47,train
dataset/three of hearts 57.jpg,three of hearts,47,train
dataset/three of hearts 58.jpg,three of hearts,47,val
dataset/three of hearts 59.jpg,three of hearts,47,train
dataset/three of hearts 60.jpg,three of hearts,47,train
dataset/three of hearts 61.jpg,three of hearts,47,test
dataset/three of hearts 62.jpg,three of hearts,47,val
dataset/three of hearts 63.jpg,three of hearts,47,train
dataset/three of hearts 64.jpg,three of hearts,47,test
dataset/three of hearts 65.jpg,three of hearts,47,train
dataset/three of hearts 66.jpg,three of hearts,47,test
dataset/three of hearts 67.jpg,three of hearts,47,train
dataset/three of hearts 68.jpg,three of hearts,47,train
dataset/three of hearts 69.jpg,three of hearts,47,test
dataset/three of hearts 70.jpg,three of hearts,47,train
dataset/three of hearts 71.jpg,three of hearts,47,train
dataset/three of hearts 72.jpg,three of hearts,47,train
dataset/three of hearts 73.jpg,three of hearts,47,train
dataset/three of hearts 74.jpg,three of hearts,47,train
dataset/three of hearts 75.jpg,three of hearts,47,train
dataset/three of hearts 76.jpg,three of hearts,47,train
dataset/three of hearts 77.jpg,three of hearts,47,val
dataset/three of hearts 78.jpg,three of hearts,47,train
dataset/three of hearts 79.jpg,three of hearts,47,train
dataset/three of hearts 80.jpg,three of hearts,47,test
dataset/three of hearts 81.jpg,three of hearts,47,val
dataset/three of hearts 82.jpg,three of hearts,47,train
dataset/three of hearts 83.jpg,three of hearts,47,train
dataset/three of hearts 84.jpg,three of hearts,47,test
dataset/three of hearts 85.jpg,three of hearts,47,train
dataset/three of hearts 86.jpg,three of hearts,47,train
dataset/three of hearts 87.jpg,three of hearts,47,train
dataset/three of hearts 88.jpg,three of hearts,47,train
dataset/three of hearts 89.jpg,three of hearts,47,train
dataset/three of hearts 90.jpg,three of hearts,47,train
dataset/three of hearts 91.jpg,three of hearts,47,test
dataset/three of hearts 92.jpg,three of hearts,47,val
dataset/three of hearts 93.jpg,three of hearts,47,train
dataset/three of hearts 94.jpg,three of hearts,47,val
dataset/three of hearts 95.jpg,three of hearts,47,train
dataset/three of hearts 96.jpg,three of hearts,47,test
dataset/three of hearts 97.jpg,three of hearts,47,test
dataset/three of hearts 98.jpg,three of hearts,47,train
dataset/three of hearts 99.jpg,three of hearts,47,test
dataset/three of spades 01.jpg,three of spades,48,test
dataset/three of spades 02.jpg,three of spades,48,train
dataset/three of spades 03.jpg,three of spades,48,train
dataset/three of spades 04.jpg,three of spades,48,train
dataset/three of spades 05.jpg,three of spades,48,train
dataset/three of spades 06.jpg,three of spades,48,train
dataset/three of spades 07.jpg,three of spades,48,train
dataset/three of spades 08.jpg,three of spades,48,train
dataset/three of spades 09.jpg,three of spades,48,train
dataset/three of spades 10.jpg,three of spades,48,train
dataset/three of spades 100.jpg,three of spades,48,train
dataset/three of spades 101.jpg,three of spades,48,train
dataset/three of spades 102.jpg,three of spades,48,train
dataset/three of spades 103.jpg,three of spades,48,train
dataset/three of spades 104.jpg,three of spades,48,train
dataset/three of spades 105.jpg,three of spades,48,train
dataset/three of spades 106.jpg,three of spades,48,val
dataset/three of spades 107.jpg,three of spades,48,train
dataset/three of spades 108.jpg,three of spades,48,train
dataset/three of spades 109.jpg,three of spades,48,train
dataset/three of spades 11.jpg,three of spades,48,train
dataset/three of spades 110.jpg,three of spades,48,train
dataset/three of spades 111.jpg,three of spades,48,train
dataset/three of spades 112.jpg,three of spades,48,train
dataset/three of spades 113.jpg,three of spades,48,train
dataset/three of spades 114.jpg,three of spades,48,train
dataset/three of spades 115.jpg,three of spades,48,val
dataset/three of spades 116.jpg,three of spades,48,train
dataset/three of spades 117.jpg,three of spades,48,train
dataset/three of spades 118.jpg,three of spades,48,val
dataset/three of spades 119.jpg,three of spades,48,test
dataset/three of spades 12.jpg,three of spades,48,train
dataset/three of spades 120.jpg,three of spades,48,train
dataset/three of spades 121.jpg,three of spades,48,train
dataset/three of spades 122.jpg,three of spades,48,train
dataset/three of spades 123.jpg,three of spades,48,test
dataset/three of spades 124.jpg,three of spades,48,train
dataset/three of spades 125.jpg,three of spades,48,val
dataset/three of spades 126.jpg,three of spades,48,train
dataset/three of spades 127.jpg,three of spades,48,train
dataset/three of spades 128.jpg,three of spades,48,train
dataset/three of spades 129.jpg,three of spades,48,train
dataset/three of spades 13.jpg,three of spades,48,val
dataset/three of spades 130.jpg,three of spades,48,test
dataset/three of spades 131.jpg,three of spades,48,train
dataset/three of spades 132.jpg,three of spades,48,train
dataset/three of spades 133.jpg,three of spades,48,train
dataset/three of spades 134.jpg,three of spades,48,test
dataset/three of spades 135.jpg,three of spades,48,val
dataset/three of spades 136.jpg,three of spades,48,train
dataset/three of spades 137.jpg,three of spades,48,val
dataset/three of spades 138.jpg,three of spades,48,train
dataset/three of spades 139.jpg,three of spades,48,train
dataset/three of spades 14.jpg,three of spades,48,train
dataset/three of spades 140.jpg,three of spades,48,val
dataset/three of spades 141.jpg,three of spades,48,test
dataset/three of spades 142.jpg,three of spades,48,train
dataset/three of spades 143.jpg,three of spades,48,train
dataset/three of spades 144.jpg,three of spades,48,val
dataset/three of spades 145.jpg,three of spades,48,train
dataset/three of spades 146.jpg,three of spades,48,train
dataset/three of spades 147.jpg,three of spades,48,train
dataset/three of spades 148.jpg,three of spades,48,train
dataset/three of spades 149.jpg,three of spades,48,test
dataset/three of spades 15.jpg,three of spades,48,train
dataset/three of spades 150.jpg,three of spades,48,train
dataset/three of spades 151.jpg,three of spades,48,val
dataset/three of spades 152.jpg,three of spades,48,test
dataset/three of spades 16.jpg,three of spades,48,train
dataset/three of spades 17.jpg,three of spades,48,train
dataset/three of spades 18.jpg,three of spades,48,train
dataset/three of spades 19.jpg,three of spades,48,train
dataset/three of spades 20.jpg,three of spades,48,train
dataset/three of spades 21.jpg,three of spades,48,train
dataset/three of spades 22.jpg,three of spades,48,train
dataset/three of spades 23.jpg,three of spades,48,val
dataset/three of spades 24.jpg,three of spades,48,train
dataset/three of spades 25.jpg,three of spades,48,train
dataset/three of spades 26.jpg,three of spades,48,train
dataset/three of spades 27.jpg,three of spades,48,test
dataset/three of spades 28.jpg,three of spades,48,train
dataset/three of spades 29.jpg,three of spades,48,train
dataset/three of spades 30.jpg,three of spades,48,train
dataset/three of spades 31.jpg,three of spades,48,train
dataset/three of spades 32.jpg,three of spades,48,val
dataset/three of spades 33.jpg,three of spades,48,test
dataset/three of spades 34.jpg,three of spades,48,train
dataset/three of spades 35.jpg,three of spades,48,val
dataset/three of spades 36.jpg,three of spades,48,train
dataset/three of spades 37.jpg,three of spades,48,test
dataset/three of spades 38.jpg,three of spades,48,val
dataset/three of spades 39.jpg,three of spades,48,train
dataset/three of spades 40.jpg,three of spades,48,train
dataset/three of spades 41.jpg,three of spades,48,val
dataset/three of spades 42.jpg,three of spades,48,test
dataset/three of spades 43.jpg,three of spades,48,val
dataset/three of spades 44.jpg,three of spades,48,train
dataset/three of spades 45.jpg,three of spades,48,val
dataset/three of spades 46.jpg,three of spades,48,train
dataset/three of spades 47.jpg,three of spades,48,train
dataset/three of spades 48.jpg,three of spades,48,train
dataset/three of spades 49.jpg,three of spades,48,train
dataset/three of spades 50.jpg,three of spades,48,train
dataset/three of spades 51.jpg,three of spades,48,train
dataset/three of spades 52.jpg,three of spades,48,train
dataset/three of spades 53.jpg,three of spades,48,train
dataset/three of spades 54.jpg,three of spades,48,train
dataset/three of spades 55.jpg,three of spades,48,test
dataset/three of spades 56.jpg,three of spades,48,train
dataset/three of spades 57.jpg,three of spades,48,train
dataset/three of spades 58.jpg,three of spades,48,test
dataset/three of spades 59.jpg,three of spades,48,test
dataset/three of spades 60.jpg,three of spades,48,test
dataset/three of spades 61.jpg,three of spades,48,test
dataset/three of spades 62.jpg,three of spades,48,train
dataset/three of spades 63.jpg,three of spades,48,train
dataset/three of spades 64.jpg,three of spades,48,test
dataset/three of spades 65.jpg,three of spades,48,train
dataset/three of spades 66.jpg,three of spades,48,train
dataset/three of spades 67.jpg,three of spades,48,val
dataset/three of spades 68.jpg,three of spades,48,train
dataset/three of spades 69.jpg,three of spades,48,train
dataset/three of spades 70.jpg,three of spades,48,train
dataset/three of spades 71.jpg,three of spades,48,val
dataset/three of spades 72.jpg,three of spades,48,train
dataset/three of spades 73.jpg,three of spades,48,test
dataset/three of spades 74.jpg,three of spades,48,train
dataset/three of spades 75.jpg,three of spades,48,val
dataset/three of spades 76.jpg,three of spades,48,train
dataset/three of spades 77.jpg,three of spades,48,test
dataset/three of spades 78.jpg,three of spades,48,val
dataset/three of spades 79.jpg,three of spades,48,test
dataset/three of spades 80.jpg,three of spades,48,train
dataset/three of spades 81.jpg,three of spades,48,train
dataset/three of spades 82.jpg,three of spades,48,train
dataset/three of spades 83.jpg,three of spades,48,train
dataset/three of spades 84.jpg,three of spades,48,test
dataset/three of spades 85.jpg,three of spades,48,train
dataset/three of spades 86.jpg,three of spades,48,val
dataset/three of spades 87.jpg,three of spades,48,train
dataset/three of spades 88.jpg,three of spades,48,val
dataset/three of spades 89.jpg,three of spades,48,train
dataset/three of spades 90.jpg,three of spades,48,train
dataset/three of spades 91.jpg,three of spades,48,train
dataset/three of spades 92.jpg,three of spades,48,test
dataset/three of spades 93.jpg,three of spades,48,train
dataset/three of spades 94.jpg,three of spades,48,train
dataset/three of spades 95.jpg,three of spades,48,train
dataset/three of spades 96.jpg,three of spades,48,train
dataset/three of spades 97.jpg,three of spades,48,train
dataset/three of spades 98.jpg,three of spades,48,train
dataset/three of spades 99.jpg,three of spades,48,train
dataset/two of clubs 01.jpg,two of clubs,49,train
dataset/two of clubs 02.jpg,two of clubs,49,test
dataset/two of clubs 03.jpg,two of clubs,49,train
dataset/two of clubs 04.jpg,two of clubs,49,val
dataset/two of clubs 05.jpg,two of clubs,49,train
dataset/two of clubs 06.jpg,two of clubs,49,train
dataset/two of clubs 07.jpg,two of clubs,49,train
dataset/two of clubs 08.jpg,two of clubs,49,train
dataset/two of clubs 09.jpg,two of clubs,49,train
dataset/two of clubs 10.jpg,two of clubs,49,train
dataset/two of clubs 100.jpg,two of clubs,49,train
dataset/two of clubs 101.jpg,two of clubs,49,train
dataset/two of clubs 102.jpg,two of clubs,49,train
dataset/two of clubs 103.jpg,two of clubs,49,train
dataset/two of clubs 104.jpg,two of clubs,49,train
dataset/two of clubs 105.jpg,two of clubs,49,train
dataset/two of clubs 106.jpg,two of clubs,49,val
dataset/two of clubs 107.jpg,two of clubs,49,train
dataset/two of clubs 108.jpg,two of clubs,49,val
dataset/two of clubs 109.jpg,two of clubs,49,val
dataset/two of clubs 11.jpg,two of clubs,49,train
dataset/two of clubs 110.jpg,two of clubs,49,train
dataset/two of clubs 111.jpg,two of clubs,49,train
dataset/two of clubs 112.jpg,two of clubs,49,train
dataset/two of clubs 113.jpg,two of clubs,49,test
dataset/two of clubs 114.jpg,two of clubs,49,train
dataset/two of clubs 115.jpg,two of clubs,49,val
dataset/two of clubs 116.jpg,two of clubs,49,train
dataset/two of clubs 117.jpg,two of clubs,49,test
dataset/two of clubs 118.jpg,two of clubs,49,test
dataset/two of clubs 119.jpg,two of clubs,49,train
dataset/two of clubs 12.jpg,two of clubs,49,train
dataset/two of clubs 120.jpg,two of clubs,49,train
dataset/two of clubs 121.jpg,two of clubs,49,train
dataset/two of clubs 122.jpg,two of clubs,49,train
dataset/two of clubs 123.jpg,two of clubs,49,val
dataset/two of clubs 124.jpg,two of clubs,49,train
dataset/two of clubs 125.jpg,two of clubs,49,train
dataset/two of clubs 126.jpg,two of clubs,49,test
dataset/two of clubs 127.jpg,two of clubs,49,test
dataset/two of clubs 128.jpg,two of clubs,49,train
dataset/two of clubs 129.jpg,two of clubs,49,test
dataset/two of clubs 13.jpg,two of clubs,49,train
dataset/two of clubs 130.jpg,two of clubs,49,train
dataset/two of clubs 131.jpg,two of clubs,49,val
dataset/two of clubs 132.jpg,two of clubs,49,train
dataset/two of clubs 133.jpg,two of clubs,49,test
dataset/two of clubs 134.jpg,two of clubs,49,train
dataset/two of clubs 135.jpg,two of clubs,49,train
dataset/two of clubs 136.jpg,two of clubs,49,train
dataset/two of clubs 137.jpg,two of clubs,49,train
dataset/two of clubs 138.jpg,two of clubs,49,train
dataset/two of clubs 139.jpg,two of clubs,49,train
dataset/two of clubs 14.jpg,two of clubs,49,train
dataset/two of clubs 140.jpg,two of clubs,49,train
dataset/two of clubs 15.jpg,two of clubs,49,train
dataset/two of clubs 16.jpg,two of clubs,49,train
dataset/two of clubs 17.jpg,two of clubs,49,train
dataset/two of clubs 18.jpg,two of clubs,49,test
dataset/two of clubs 19.jpg,two of clubs,49,train
dataset/two of clubs 20.jpg,two of clubs,49,train
dataset/two of clubs 21.jpg,two of clubs,49,test
dataset/two of clubs 22.jpg,two of clubs,49,test
dataset/two of clubs 23.jpg,two of clubs,49,train
dataset/two of clubs 24.jpg,two of clubs,49,train
dataset/two of clubs 25.jpg,two of clubs,49,val
dataset/two of clubs 26.jpg,two of clubs,49,train
dataset/two of clubs 27.jpg,two of clubs,49,val
dataset/two of clubs 28.jpg,two of clubs,49,test
dataset/two of clubs 29.jpg,two of clubs,49,train
dataset/two of clubs 30.jpg,two of clubs,49,val
dataset/two of clubs 31.jpg,two of clubs,49,train
dataset/two of clubs 32.jpg,two of clubs,49,val
dataset/two of clubs 33.jpg,two of clubs,49,train
dataset/two of clubs 34.jpg,two of clubs,49,train
dataset/two of clubs 35.jpg,two of clubs,49,test
dataset/two of clubs 36.jpg,two of clubs,49,train
dataset/two of clubs 37.jpg,two of clubs,49,train
dataset/two of clubs 38.jpg,two of clubs,49,train
dataset/two of clubs 39.jpg,two of clubs,49,train
dataset/two of clubs 40.jpg,two of clubs,49,test
dataset/two of clubs 41.jpg,two of clubs,49,val
dataset/two of clubs 42.jpg,two of clubs,49,train
dataset/two of clubs 43.jpg,two of clubs,49,train
dataset/two of clubs 44.jpg,two of clubs,49,train
dataset/two of clubs 45.jpg,two of clubs,49,train
dataset/two of clubs 46.jpg,two of clubs,49,test
dataset/two of clubs 47.jpg,two of clubs,49,val
dataset/two of clubs 48.jpg,two of clubs,49,train
dataset/two of clubs 49.jpg,two of clubs,49,train
dataset/two of clubs 50.jpg,two of clubs,49,train
dataset/two of clubs 51.jpg,two of clubs,49,train
dataset/two of clubs 52.jpg,two of clubs,49,train
dataset/two of clubs 53.jpg,two of clubs,49,train
dataset/two of clubs 54.jpg,two of clubs,49,train
dataset/two of clubs 55.jpg,two of clubs,49,train
dataset/two of clubs 56.jpg,two of clubs,49,train
dataset/two of clubs 57.jpg,two of clubs,49,train
dataset/two of clubs 58.jpg,two of clubs,49,train
dataset/two of clubs 59.jpg,two of clubs,49,test
dataset/two of clubs 60.jpg,two of clubs,49,train
dataset/two of clubs 61.jpg,two of clubs,49,test
dataset/two of clubs 62.jpg,two of clubs,49,test
dataset/two of clubs 63.jpg,two of clubs,49,train
dataset/two of clubs 64.jpg,two of clubs,49,train
dataset/two of clubs 65.jpg,two of clubs,49,train
dataset/two of clubs 66.jpg,two of clubs,49,train
dataset/two of clubs 67.jpg,two of clubs,49,train
dataset/two of clubs 68.jpg,two of clubs,49,train
dataset/two of clubs 69.jpg,two of clubs,49,train
dataset/two of clubs 70.jpg,two of clubs,49,train
dataset/two of clubs 71.jpg,two of clubs,49,test
dataset/two of clubs 72.jpg,two of clubs,49,train
dataset/two of clubs 73.jpg,two of clubs,49,train
dataset/two of clubs 74.jpg,two of clubs,49,val
dataset/two of clubs 75.jpg,two of clubs,49,train
dataset/two of clubs 76.jpg,two of clubs,49,test
dataset/two of clubs 77.jpg,two of clubs,49,test
dataset/two of clubs 78.jpg,two of clubs,49,train
dataset/two of clubs 79.jpg,two of clubs,49,train
dataset/two of clubs 80.jpg,two of clubs,49,train
dataset/two of clubs 81.jpg,two of clubs,49,train
dataset/two of clubs 82.jpg,two of clubs,49,train
dataset/two of clubs 83.jpg,two of clubs,49,train
dataset/two of clubs 84.jpg,two of clubs,49,train
dataset/two of clubs 85.jpg,two of clubs,49,train
dataset/two of clubs 86.jpg,two of clubs,49,val
dataset/two of clubs 87.jpg,two of clubs,49,val
dataset/two of clubs 88.jpg,two of clubs,49,train
dataset/two of clubs 89.jpg,two of clubs,49,train
dataset/two of clubs 90.jpg,two of clubs,49,train
dataset/two of clubs 91.jpg,two of clubs,49,val
dataset/two of clubs 92.jpg,two of clubs,49,val
dataset/two of clubs 93.jpg,two of clubs,49,val
dataset/two of clubs 94.jpg,two of clubs,49,train
dataset/two of clubs 95.jpg,two of clubs,49,val
dataset/two of clubs 96.jpg,two of clubs,49,train
dataset/two of clubs 97.jpg,two of clubs,49,val
dataset/two of clubs 98.jpg,two of clubs,49,train
dataset/two of clubs 99.jpg,two of clubs,49,train
dataset/two of diamonds 01.jpg,two of diamonds,50,train
dataset/two of diamonds 02.jpg,two of diamonds,50,train
dataset/two of diamonds 03.jpg,two of diamonds,50,val
dataset/two of diamonds 04.jpg,two of diamonds,50,val
dataset/two of diamonds 05.jpg,two of diamonds,50,train
dataset/two of diamonds 06.jpg,two of diamonds,50,val
dataset/two of diamonds 07.jpg,two of diamonds,50,test
dataset/two of diamonds 08.jpg,two of diamonds,50,train
dataset/two of diamonds 09.jpg,two of diamonds,50,test
dataset/two of diamonds 10.jpg,two of diamonds,50,test
dataset/two of diamonds 100.jpg,two of diamonds,50,train
dataset/two of diamonds 101.jpg,two of diamonds,50,train
dataset/two of diamonds 102.jpg,two of diamonds,50,test
dataset/two of diamonds 103.jpg,two of diamonds,50,train
dataset/two of diamonds 104.jpg,two of diamonds,50,test
dataset/two of diamonds 105.jpg,two of diamonds,50,train
dataset/two of diamonds 106.jpg,two of diamonds,50,test
dataset/two of diamonds 107.jpg,two of diamonds,50,train
dataset/two of diamonds 108.jpg,two of diamonds,50,train
dataset/two of diamonds 109.jpg,two of diamonds,50,train
dataset/two of diamonds 11.jpg,two of diamonds,50,test
dataset/two of diamonds 110.jpg,two of diamonds,50,train
dataset/two of diamonds 111.jpg,two of diamonds,50,train
dataset/two of diamonds 112.jpg,two of diamonds,50,val
dataset/two of diamonds 113.jpg,two of diamonds,50,train
dataset/two of diamonds 114.jpg,two of diamonds,50,train
dataset/two of diamonds 115.jpg,two of diamonds,50,train
dataset/two of diamonds 116.jpg,two of diamonds,50,train
dataset/two of diamonds 117.jpg,two of diamonds,50,train
dataset/two of diamonds 118.jpg,two of diamonds,50,train
dataset/two of diamonds 119.jpg,two of diamonds,50,train
dataset/two of diamonds 12.jpg,two of diamonds,50,train
dataset/two of diamonds 120.jpg,two of diamonds,50,train
dataset/two of diamonds 121.jpg,two of diamonds,50,train
dataset/two of diamonds 122.jpg,two of diamonds,50,train
dataset/two of diamonds 123.jpg,two of diamonds,50,train
dataset/two of diamonds 124.jpg,two of diamonds,50,train
dataset/two of diamonds 125.jpg,two of diamonds,50,train
dataset/two of diamonds 126.jpg,two of diamonds,50,train
dataset/two of diamonds 127.jpg,two of diamonds,50,train
dataset/two of diamonds 128.jpg,two of diamonds,50,val
dataset/two of diamonds 129.jpg,two of diamonds,50,train
dataset/two of diamonds 13.jpg,two of diamonds,50,train
dataset/two of diamonds 130.jpg,two of diamonds,50,test
dataset/two of diamonds 131.jpg,two of diamonds,50,test
dataset/two of diamonds 132.jpg,two of diamonds,50,train
dataset/two of diamonds 133.jpg,two of diamonds,50,train
dataset/two of diamonds 134.jpg,two of diamonds,50,val
dataset/two of diamonds 135.jpg,two of diamonds,50,train
dataset/two of diamonds 136.jpg,two of diamonds,50,train
dataset/two of diamonds 137.jpg,two of diamonds,50,test
dataset/two of diamonds 138.jpg,two of diamonds,50,val
dataset/two of diamonds 139.jpg,two of diamonds,50,train
dataset/two of diamonds 14.jpg,two of diamonds,50,train
dataset/two of diamonds 140.jpg,two of diamonds,50,train
dataset/two of diamonds 141.jpg,two of diamonds,50,train
dataset/two of diamonds 142.jpg,two of diamonds,50,train
dataset/two of diamonds 143.jpg,two of diamonds,50,val
dataset/two of diamonds 15.jpg,two of diamonds,50,train
dataset/two of diamonds 16.jpg,two of diamonds,50,train
dataset/two of diamonds 17.jpg,two of diamonds,50,train
dataset/two of diamonds 18.jpg,two of diamonds,50,val
dataset/two of diamonds 19.jpg,two of diamonds,50,train
dataset/two of diamonds 20.jpg,two of diamonds,50,train
dataset/two of diamonds 21.jpg,two of diamonds,50,train
dataset/two of diamonds 22.jpg,two of diamonds,50,val
dataset/two of diamonds 23.jpg,two of diamonds,50,val
dataset/two of diamonds 24.jpg,two of diamonds,50,train
dataset/two of diamonds 25.jpg,two of diamonds,50,test
dataset/two of diamonds 26.jpg,two of diamonds,50,val
dataset/two of diamonds 27.jpg,two of diamonds,50,test
dataset/two of diamonds 28.jpg,two of diamonds,50,train
dataset/two of diamonds 29.jpg,two of diamonds,50,train
dataset/two of diamonds 30.jpg,two of diamonds,50,test
dataset/two of diamonds 31.jpg,two of diamonds,50,train
dataset/two of diamonds 32.jpg,two of diamonds,50,test
dataset/two of diamonds 33.jpg,two of diamonds,50,test
dataset/two of diamonds 34.jpg,two of diamonds,50,val
dataset/two of diamonds 35.jpg,two of diamonds,50,train
dataset/two of diamonds 36.jpg,two of diamonds,50,train
dataset/two of diamonds 37.jpg,two of diamonds,50,train
dataset/two of diamonds 38.jpg,two of diamonds,50,train
dataset/two of diamonds 39.jpg,two of diamonds,50,test
dataset/two of diamonds 40.jpg,two of diamonds,50,train
dataset/two of diamonds 41.jpg,two of diamonds,50,train
dataset/two of diamonds 42.jpg,two of diamonds,50,val
dataset/two of diamonds 43.jpg,two of diamonds,50,train
dataset/two of diamonds 44.jpg,two of diamonds,50,test
dataset/two of diamonds 45.jpg,two of diamonds,50,train
dataset/two of diamonds 46.jpg,two of diamonds,50,train
dataset/two of diamonds 47.jpg,two of diamonds,50,val
dataset/two of diamonds 48.jpg,two of diamonds,50,train
dataset/two of diamonds 49.jpg,two of diamonds,50,val
dataset/two of diamonds 50.jpg,two of diamonds,50,train
dataset/two of diamonds 51.jpg,two of diamonds,50,train
dataset/two of diamonds 52.jpg,two of diamonds,50,val
dataset/two of diamonds 53.jpg,two of diamonds,50,train
dataset/two of diamonds 54.jpg,two of diamonds,50,train
dataset/two of diamonds 55.jpg,two of diamonds,50,train
dataset/two of diamonds 56.jpg,two of diamonds,50,train
dataset/two of diamonds 57.jpg,two of diamonds,50,test
dataset/two of diamonds 58.jpg,two of diamonds,50,train
dataset/two of diamonds 59.jpg,two of diamonds,50,val
dataset/two of diamonds 60.jpg,two of diamonds,50,train
dataset/two of diamonds 61.jpg,two of diamonds,50,train
dataset/two of diamonds 62.jpg,two of diamonds,50,train
dataset/two of diamonds 63.jpg,two of diamonds,50,train
dataset/two of diamonds 64.jpg,two of diamonds,50,train
dataset/two of diamonds 65.jpg,two of diamonds,50,train
dataset/two of diamonds 66.jpg,two of diamonds,50,train
dataset/two of diamonds 67.jpg,two of diamonds,50,test
dataset/two of diamonds 68.jpg,two of diamonds,50,train
dataset/two of diamonds 69.jpg,two of diamonds,50,train
dataset/two of diamonds 70.jpg,two of diamonds,50,train
dataset/two of diamonds 71.jpg,two of diamonds,50,train
dataset/two of diamonds 72.jpg,two of diamonds,50,train
dataset/two of diamonds 73.jpg,two of diamonds,50,train
dataset/two of diamonds 74.jpg,two of diamonds,50,val
dataset/two of diamonds 75.jpg,two of diamonds,50,test
dataset/two of diamonds 76.jpg,two of diamonds,50,train
dataset/two of diamonds 77.jpg,two of diamonds,50,train
dataset/two of diamonds 78.jpg,two of diamonds,50,val
dataset/two of diamonds 79.jpg,two of diamonds,50,train
dataset/two of diamonds 80.jpg,two of diamonds,50,train
dataset/two of diamonds 81.jpg,two of diamonds,50,test
dataset/two of diamonds 82.jpg,two of diamonds,50,test
dataset/two of diamonds 83.jpg,two of diamonds,50,train
dataset/two of diamonds 84.jpg,two of diamonds,50,train
dataset/two of diamonds 85.jpg,two of diamonds,50,val
dataset/two of diamonds 86.jpg,two of diamonds,50,train
dataset/two of diamonds 87.jpg,two of diamonds,50,train
dataset/two of diamonds 88.jpg,two of diamonds,50,train
dataset/two of diamonds 89.jpg,two of diamonds,50,train
dataset/two of diamonds 90.jpg,two of diamonds,50,train
dataset/two of diamonds 91.jpg,two of diamonds,50,train
dataset/two of diamonds 92.jpg,two of diamonds,50,train
dataset/two of diamonds 93.jpg,two of diamonds,50,train
dataset/two of diamonds 94.jpg,two of diamonds,50,train
dataset/two of diamonds 95.jpg,two of diamonds,50,train
dataset/two of diamonds 96.jpg,two of diamonds,50,train
dataset/two of diamonds 97.jpg,two of diamonds,50,train
dataset/two of diamonds 98.jpg,two of diamonds,50,train
dataset/two of diamonds 99.jpg,two of diamonds,50,train
dataset/two of hearts 01.jpg,two of hearts,51,train
dataset/two of hearts 02.jpg,two of hearts,51,val
dataset/two of hearts 03.jpg,two of hearts,51,test
dataset/two of hearts 04.jpg,two of hearts,51,val
dataset/two of hearts 05.jpg,two of hearts,51,train
dataset/two of hearts 06.jpg,two of hearts,51,train
dataset/two of hearts 07.jpg,two of hearts,51,val
dataset/two of hearts 08.jpg,two of hearts,51,train
dataset/two of hearts 09.jpg,two of hearts,51,train
dataset/two of hearts 10.jpg,two of hearts,51,train
dataset/two of hearts 100.jpg,two of hearts,51,test
dataset/two of hearts 101.jpg,two of hearts,51,train
dataset/two of hearts 102.jpg,two of hearts,51,train
dataset/two of hearts 103.jpg,two of hearts,51,train
dataset/two of hearts 104.jpg,two of hearts,51,train
dataset/two of hearts 105.jpg,two of hearts,51,val
dataset/two of hearts 106.jpg,two of hearts,51,train
dataset/two of hearts 107.jpg,two of hearts,51,train
dataset/two of hearts 108.jpg,two of hearts,51,train
dataset/two of hearts 109.jpg,two of hearts,51,train
dataset/two of hearts 11.jpg,two of hearts,51,val
dataset/two of hearts 110.jpg,two of hearts,51,train
dataset/two of hearts 111.jpg,two of hearts,51,train
dataset/two of hearts 112.jpg,two of hearts,51,test
dataset/two of hearts 113.jpg,two of hearts,51,train
dataset/two of hearts 114.jpg,two of hearts,51,train
dataset/two of hearts 115.jpg,two of hearts,51,val
dataset/two of hearts 116.jpg,two of hearts,51,train
dataset/two of hearts 117.jpg,two of hearts,51,val
dataset/two of hearts 118.jpg,two of hearts,51,train
dataset/two of hearts 119.jpg,two of hearts,51,train
dataset/two of hearts 12.jpg,two of hearts,51,train
dataset/two of hearts 120.jpg,two of hearts,51,train
dataset/two of hearts 121.jpg,two of hearts,51,train
dataset/two of hearts 122.jpg,two of hearts,51,train
dataset/two of hearts 123.jpg,two of hearts,51,train
dataset/two of hearts 124.jpg,two of hearts,51,train
dataset/two of hearts 125.jpg,two of hearts,51,val
dataset/two of hearts 126.jpg,two of hearts,51,test
dataset/two of hearts 127.jpg,two of hearts,51,train
dataset/two of hearts 128.jpg,two of hearts,51,train
dataset/two of hearts 129.jpg,two of hearts,51,train
dataset/two of hearts 13.jpg,two of hearts,51,train
dataset/two of hearts 130.jpg,two of hearts,51,test
dataset/two of hearts 131.jpg,two of hearts,51,test
dataset/two of hearts 132.jpg,two of hearts,51,train
dataset/two of hearts 133.jpg,two of hearts,51,val
dataset/two of hearts 134.jpg,two of hearts,51,val
dataset/two of hearts 135.jpg,two of hearts,51,train
dataset/two of hearts 136.jpg,two of hearts,51,train
dataset/two of hearts 137.jpg,two of hearts,51,train
dataset/two of hearts 138.jpg,two of hearts,51,train
dataset/two of hearts 139.jpg,two of hearts,51,test
dataset/two of hearts 14.jpg,two of hearts,51,test
dataset/two of hearts 140.jpg,two of hearts,51,train
dataset/two of hearts 141.jpg,two of hearts,51,train
dataset/two of hearts 142.jpg,two of hearts,51,train
dataset/two of hearts 143.jpg,two of hearts,51,test
dataset/two of hearts 144.jpg,two of hearts,51,val
dataset/two of hearts 145.jpg,two of hearts,51,train
dataset/two of hearts 146.jpg,two of hearts,51,train
dataset/two of hearts 147.jpg,two of hearts,51,train
dataset/two of hearts 148.jpg,two of hearts,51,train
dataset/two of hearts 149.jpg,two of hearts,51,val
dataset/two of hearts 15.jpg,two of hearts,51,train
dataset/two of hearts 150.jpg,two of hearts,51,train
dataset/two of hearts 151.jpg,two of hearts,51,train
dataset/two of hearts 152.jpg,two of hearts,51,train
dataset/two of hearts 153.jpg,two of hearts,51,test
dataset/two of hearts 154.jpg,two of hearts,51,train
dataset/two of hearts 155.jpg,two of hearts,51,train
dataset/two of hearts 156.jpg,two of hearts,51,train
dataset/two of hearts 157.jpg,two of hearts,51,train
dataset/two of hearts 158.jpg,two of hearts,51,train
dataset/two of hearts 159.jpg,two of hearts,51,val
dataset/two of hearts 16.jpg,two of hearts,51,train
dataset/two of hearts 160.jpg,two of hearts,51,train
dataset/two of hearts 161.jpg,two of hearts,51,train
dataset/two of hearts 162.jpg,two of hearts,51,val
dataset/two of hearts 163.jpg,two of hearts,51,train
dataset/two of hearts 164.jpg,two of hearts,51,train
dataset/two of hearts 165.jpg,two of hearts,51,test
dataset/two of hearts 17.jpg,two of hearts,51,train
dataset/two of hearts 18.jpg,two of hearts,51,train
dataset/two of hearts 19.jpg,two of hearts,51,train
dataset/two of hearts 20.jpg,two of hearts,51,train
dataset/two of hearts 21.jpg,two of hearts,51,val
dataset/two of hearts 22.jpg,two of hearts,51,train
dataset/two of hearts 23.jpg,two of hearts,51,train
dataset/two of hearts 24.jpg,two of hearts,51,train
dataset/two of hearts 25.jpg,two of hearts,51,val
dataset/two of hearts 26.jpg,two of hearts,51,test
dataset/two of hearts 27.jpg,two of hearts,51,test
dataset/two of hearts 28.jpg,two of hearts,51,val
dataset/two of hearts 29.jpg,two of hearts,51,val
dataset/two of hearts 30.jpg,two of hearts,51,train
dataset/two of hearts 31.jpg,two of hearts,51,val
dataset/two of hearts 32.jpg,two of hearts,51,val
dataset/two of hearts 33.jpg,two of hearts,51,train
dataset/two of hearts 34.jpg,two of hearts,51,train
dataset/two of hearts 35.jpg,two of hearts,51,train
dataset/two of hearts 36.jpg,two of hearts,51,test
dataset/two of hearts 37.jpg,two of hearts,51,train
dataset/two of hearts 38.jpg,two of hearts,51,train
dataset/two of hearts 39.jpg,two of hearts,51,train
dataset/two of hearts 40.jpg,two of hearts,51,train
dataset/two of hearts 41.jpg,two of hearts,51,train
dataset/two of hearts 42.jpg,two of hearts,51,train
dataset/two of hearts 43.jpg,two of hearts,51,train
dataset/two of hearts 44.jpg,two of hearts,51,train
dataset/two of hearts 45.jpg,two of hearts,51,train
dataset/two of hearts 46.jpg,two of hearts,51,train
dataset/two of hearts 47.jpg,two of hearts,51,train
dataset/two of hearts 48.jpg,two of hearts,51,train
dataset/two of hearts 49.jpg,two of hearts,51,train
dataset/two of hearts 50.jpg,two of hearts,51,val
dataset/two of hearts 51.jpg,two of hearts,51,train
dataset/two of hearts 52.jpg,two of hearts,51,train
dataset/two of hearts 53.jpg,two of hearts,51,test
dataset/two of hearts 54.jpg,two of hearts,51,test
dataset/two of hearts 55.jpg,two of hearts,51,train
dataset/two of hearts 56.jpg,two of hearts,51,test
dataset/two of hearts 57.jpg,two of hearts,51,val
dataset/two of hearts 58.jpg,two of hearts,51,train
dataset/two of hearts 59.jpg,two of hearts,51,test
dataset/two of hearts 60.jpg,two of hearts,51,test
dataset/two of hearts 61.jpg,two of hearts,51,train
dataset/two of hearts 62.jpg,two of hearts,51,test
dataset/two of hearts 63.jpg,two of hearts,51,train
dataset/two of hearts 64.jpg,two of hearts,51,train
dataset/two of hearts 65.jpg,two of hearts,51,train
dataset/two of hearts 66.jpg,two of hearts,51,train
dataset/two of hearts 67.jpg,two of hearts,51,train
dataset/two of hearts 68.jpg,two of hearts,51,test
dataset/two of hearts 69.jpg,two of hearts,51,train
dataset/two of hearts 70.jpg,two of hearts,51,train
dataset/two of hearts 71.jpg,two of hearts,51,train
dataset/two of hearts 72.jpg,two of hearts,51,val
dataset/two of hearts 73.jpg,two of hearts,51,test
dataset/two of hearts 74.jpg,two of hearts,51,train
dataset/two of hearts 75.jpg,two of hearts,51,test
dataset/two of hearts 76.jpg,two of hearts,51,train
dataset/two of hearts 77.jpg,two of hearts,51,test
dataset/two of hearts 78.jpg,two of hearts,51,train
dataset/two of hearts 79.jpg,two of hearts,51,train
dataset/two of hearts 80.jpg,two of hearts,51,train
dataset/two of hearts 81.jpg,two of hearts,51,train
dataset/two of hearts 82.jpg,two of hearts,51,train
dataset/two of hearts 83.jpg,two of hearts,51,train
dataset/two of hearts 84.jpg,two of hearts,51,train
dataset/two of hearts 85.jpg,two of hearts,51,train
dataset/two of hearts 86.jpg,two of hearts,51,train
dataset/two of hearts 87.jpg,two of hearts,51,test
dataset/two of hearts 88.jpg,two of hearts,51,train
dataset/two of hearts 89.jpg,two of hearts,51,train
dataset/two of hearts 90.jpg,two of hearts,51,val
dataset/two of hearts 91.jpg,two of hearts,51,train
dataset/two of hearts 92.jpg,two of hearts,51,train
dataset/two of hearts 93.jpg,two of hearts,51,train
dataset/two of hearts 94.jpg,two of hearts,51,train
dataset/two of hearts 95.jpg,two of hearts,51,train
dataset/two of hearts 96.jpg,two of hearts,51,train
dataset/two of hearts 97.jpg,two of hearts,51,train
dataset/two of hearts 98.jpg,two of hearts,51,train
dataset/two of hearts 99.jpg,two of hearts,51,val
dataset/two of spades 01.jpg,two of spades,52,train
dataset/two of spades 02.jpg,two of spades,52,val
dataset/two of spades 03.jpg,two of spades,52,val
dataset/two of spades 04.jpg,two of spades,52,train
dataset/two of spades 05.jpg,two of spades,52,train
dataset/two of spades 06.jpg,two of spades,52,val
dataset/two of spades 07.jpg,two of spades,52,train
dataset/two of spades 08.jpg,two of spades,52,train
dataset/two of spades 09.jpg,two of spades,52,train
dataset/two of spades 10.jpg,two of spades,52,train
dataset/two of spades 100.jpg,two of spades,52,train
dataset/two of spades 101.jpg,two of spades,52,train
dataset/two of spades 102.jpg,two of spades,52,train
dataset/two of spades 103.jpg,two of spades,52,train
dataset/two of spades 104.jpg,two of spades,52,train
dataset/two of spades 105.jpg,two of spades,52,train
dataset/two of spades 106.jpg,two of spades,52,train
dataset/two of spades 107.jpg,two of spades,52,train
dataset/two of spades 108.jpg,two of spades,52,train
dataset/two of spades 109.jpg,two of spades,52,train
dataset/two of spades 11.jpg,two of spades,52,train
dataset/two of spades 110.jpg,two of spades,52,train
dataset/two of spades 111.jpg,two of spades,52,train
dataset/two of spades 112.jpg,two of spades,52,test
dataset/two of spades 113.jpg,two of spades,52,test
dataset/two of spades 114.jpg,two of spades,52,test
dataset/two of spades 115.jpg,two of spades,52,val
dataset/two of spades 116.jpg,two of spades,52,train
dataset/two of spades 117.jpg,two of spades,52,train
dataset/two of spades 118.jpg,two of spades,52,train
dataset/two of spades 119.jpg,two of spades,52,train
dataset/two of spades 12.jpg,two of spades,52,train
dataset/two of spades 120.jpg,two of spades,52,train
dataset/two of spades 121.jpg,two of spades,52,train
dataset/two of spades 122.jpg,two of spades,52,train
dataset/two of spades 123.jpg,two of spades,52,train
dataset/two of spades 124.jpg,two of spades,52,test
dataset/two of spades 125.jpg,two of spades,52,train
dataset/two of spades 126.jpg,two of spades,52,train
dataset/two of spades 127.jpg,two of spades,52,train
dataset/two of spades 128.jpg,two of spades,52,train
dataset/two of spades 129.jpg,two of spades,52,test
dataset/two of spades 13.jpg,two of spades,52,train
dataset/two of spades 130.jpg,two of spades,52,train
dataset/two of spades 131.jpg,two of spades,52,test
dataset/two of spades 132.jpg,two of spades,52,val
dataset/two of spades 133.jpg,two of spades,52,train
dataset/two of spades 134.jpg,two of spades,52,train
dataset/two of spades 135.jpg,two of spades,52,train
dataset/two of spades 136.jpg,two of spades,52,train
dataset/two of spades 137.jpg,two of spades,52,train
dataset/two of spades 138.jpg,two of spades,52,train
dataset/two of spades 139.jpg,two of spades,52,val
dataset/two of spades 14.jpg,two of spades,52,train
dataset/two of spades 140.jpg,two of spades,52,test
dataset/two of spades 141.jpg,two of spades,52,train
dataset/two of spades 142.jpg,two of spades,52,train
dataset/two of spades 143.jpg,two of spades,52,val
dataset/two of spades 144.jpg,two of spades,52,train
dataset/two of spades 145.jpg,two of spades,52,train
dataset/two of spades 146.jpg,two of spades,52,train
dataset/two of spades 147.jpg,two of spades,52,train
dataset/two of spades 148.jpg,two of spades,52,train
dataset/two of spades 149.jpg,two of spades,52,val
dataset/two of spades 15.jpg,two of spades,52,val
dataset/two of spades 150.jpg,two of spades,52,val
dataset/two of spades 151.jpg,two of spades,52,val
dataset/two of spades 152.jpg,two of spades,52,train
dataset/two of spades 153.jpg,two of spades,52,train
dataset/two of spades 154.jpg,two of spades,52,test
dataset/two of spades 155.jpg,two of spades,52,train
dataset/two of spades 156.jpg,two of spades,52,test
dataset/two of spades 157.jpg,two of spades,52,val
dataset/two of spades 158.jpg,two of spades,52,val
dataset/two of spades 159.jpg,two of spades,52,test
dataset/two of spades 16.jpg,two of spades,52,train
dataset/two of spades 160.jpg,two of spades,52,val
dataset/two of spades 161.jpg,two of spades,52,train
dataset/two of spades 162.jpg,two of spades,52,train
dataset/two of spades 163.jpg,two of spades,52,train
dataset/two of spades 164.jpg,two of spades,52,train
dataset/two of spades 165.jpg,two of spades,52,test
dataset/two of spades 17.jpg,two of spades,52,train
dataset/two of spades 18.jpg,two of spades,52,train
dataset/two of spades 19.jpg,two of spades,52,train
dataset/two of spades 20.jpg,two of spades,52,val
dataset/two of spades 21.jpg,two of spades,52,val
dataset/two of spades 22.jpg,two of spades,52,test
dataset/two of spades 23.jpg,two of spades,52,train
dataset/two of spades 24.jpg,two of spades,52,train
dataset/two of spades 25.jpg,two of spades,52,train
dataset/two of spades 26.jpg,two of spades,52,train
dataset/two of spades 27.jpg,two of spades,52,train
dataset/two of spades 28.jpg,two of spades,52,train
dataset/two of spades 29.jpg,two of spades,52,train
dataset/two of spades 30.jpg,two of spades,52,train
dataset/two of spades 31.jpg,two of spades,52,train
dataset/two of spades 32.jpg,two of spades,52,train
dataset/two of spades 33.jpg,two of spades,52,train
dataset/two of spades 34.jpg,two of spades,52,train
dataset/two of spades 35.jpg,two of spades,52,train
dataset/two of spades 36.jpg,two of spades,52,train
dataset/two of spades 37.jpg,two of spades,52,val
dataset/two of spades 38.jpg,two of spades,52,train
dataset/two of spades 39.jpg,two of spades,52,test
dataset/two of spades 40.jpg,two of spades,52,train
dataset/two of spades 41.jpg,two of spades,52,train
dataset/two of spades 42.jpg,two of spades,52,val
dataset/two of spades 43.jpg,two of spades,52,train
dataset/two of spades 44.jpg,two of spades,52,train
dataset/two of spades 45.jpg,two of spades,52,test
dataset/two of spades 46.jpg,two of spades,52,test
dataset/two of spades 47.jpg,two of spades,52,train
dataset/two of spades 48.jpg,two of spades,52,train
dataset/two of spades 49.jpg,two of spades,52,train
dataset/two of spades 50.jpg,two of spades,52,test
dataset/two of spades 51.jpg,two of spades,52,test
dataset/two of spades 52.jpg,two of spades,52,train
dataset/two of spades 53.jpg,two of spades,52,train
dataset/two of spades 54.jpg,two of spades,52,train
dataset/two of spades 55.jpg,two of spades,52,train
dataset/two of spades 56.jpg,two of spades,52,train
dataset/two of spades 57.jpg,two of spades,52,train
dataset/two of spades 58.jpg,two of spades,52,train
dataset/two of spades 59.jpg,two of spades,52,val
dataset/two of spades 60.jpg,two of spades,52,train
dataset/two of spades 61.jpg,two of spades,52,train
dataset/two of spades 62.jpg,two of spades,52,train
dataset/two of spades 63.jpg,two of spades,52,test
dataset/two of spades 64.jpg,two of spades,52,train
dataset/two of spades 65.jpg,two of spades,52,train
dataset/two of spades 66.jpg,two of spades,52,train
dataset/two of spades 67.jpg,two of spades,52,val
dataset/two of spades 68.jpg,two of spades,52,train
dataset/two of spades 69.jpg,two of spades,52,test
dataset/two of spades 70.jpg,two of spades,52,train
dataset/two of spades 71.jpg,two of spades,52,train
dataset/two of spades 72.jpg,two of spades,52,train
dataset/two of spades 73.jpg,two of spades,52,train
dataset/two of spades 74.jpg,two of spades,52,train
dataset/two of spades 75.jpg,two of spades,52,train
dataset/two of spades 76.jpg,two of spades,52,train
dataset/two of spades 77.jpg,two of spades,52,train
dataset/two of spades 78.jpg,two of spades,52,train
dataset/two of spades 79.jpg,two of spades,52,test
dataset/two of spades 80.jpg,two of spades,52,train
dataset/two of spades 81.jpg,two of spades,52,train
dataset/two of spades 82.jpg,two of spades,52,train
dataset/two of spades 83.jpg,two of spades,52,val
dataset/two of spades 84.jpg,two of spades,52,train
dataset/two of spades 85.jpg,two of spades,52,test
dataset/two of spades 86.jpg,two of spades,52,test
dataset/two of spades 87.jpg,two of spades,52,val
dataset/two of spades 88.jpg,two of spades,52,train
dataset/two of spades 89.jpg,two of spades,52,train
dataset/two of spades 90.jpg,two of spades,52,val
dataset/two of spades 91.jpg,two of spades,52,val
dataset/two of spades 92.jpg,two of spades,52,test
dataset/two of spades 93.jpg,two of spades,52,train
dataset/two of spades 94.jpg,two of spades,52,test
dataset/two of spades 95.jpg,two of spades,52,train
dataset/two of spades 96.jpg,two of spades,52,train
dataset/two of spades 97.jpg,two of spades,52,val
dataset/two of spades 98.jpg,two of spades,52,test
dataset/two of spades 99.jpg,two of spades,52,train
